en:asimov-rozum:0:shuff:3,cs:asimov-rozum:0:shuff:4,pulled,pull,Tahal,tahat,impf
en:asimov-rozum:0:shuff:5,cs:asimov-rozum:0:shuff:6,sat,sit,seděl,sedět,impf
en:asimov-rozum:0:shuff:6,cs:asimov-rozum:0:shuff:7,do,do,jít,jít,impf
en:asimov-rozum:0:shuff:7,cs:asimov-rozum:0:shuff:8,take,take,Vezmi,vzít,pf
en:asimov-rozum:0:shuff:8,cs:asimov-rozum:0:shuff:9,left,leave,odešel,odejít,pf
en:asimov-rozum:0:shuff:13,cs:asimov-rozum:0:shuff:15,deducing,deduce,odvodit,odvodit,pf
en:asimov-rozum:0:shuff:14,cs:asimov-rozum:0:shuff:16,need,need,musí,muset,impf
en:asimov-rozum:0:shuff:14,cs:asimov-rozum:0:shuff:16,did,do,učinil,učinit,pf
en:asimov-rozum:0:shuff:15,cs:asimov-rozum:0:shuff:17,supplied,supply,poskytl,poskytnout,pf
en:asimov-rozum:0:shuff:17,cs:asimov-rozum:0:shuff:19,pervaded,pervade,pronikal,pronikat,impf
en:asimov-rozum:0:shuff:25,cs:asimov-rozum:0:shuff:29,sat,sit,seděl,sedět,impf
en:asimov-rozum:0:shuff:28,cs:asimov-rozum:0:shuff:32,withdrew,withdraw,vyňal,vyjmout,pf
en:asimov-rozum:0:shuff:29,cs:asimov-rozum:0:shuff:33,Opening,open,otevřel,otevřít,pf
en:asimov-rozum:0:shuff:30,cs:asimov-rozum:0:shuff:34,created,create,stvořil,stvořit,pf
en:asimov-rozum:0:shuff:33,cs:asimov-rozum:0:shuff:37,Listen,listen,Poslyš,slyšet,impf
en:asimov-rozum:0:shuff:33,cs:asimov-rozum:0:shuff:37,listen,listen,Poslyš,slyšet,impf
en:asimov-rozum:0:shuff:33,cs:asimov-rozum:0:shuff:37,sit,sit,sedět,sedět,impf
en:asimov-rozum:0:shuff:33,cs:asimov-rozum:0:shuff:37,Listen,listen,poslouchat,poslouchat,impf
en:asimov-rozum:0:shuff:33,cs:asimov-rozum:0:shuff:37,listen,listen,poslouchat,poslouchat,impf
en:asimov-rozum:0:shuff:39,cs:asimov-rozum:0:shuff:44,told,tell,řekl,říci,pf
en:asimov-rozum:0:shuff:41,cs:asimov-rozum:0:shuff:47,serve,serve,sloužím,sloužit,impf
en:asimov-rozum:0:shuff:43,cs:asimov-rozum:0:shuff:49,satisfied,satisfy,nepřesvědčíme,přesvědčit,pf
en:asimov-rozum:0:shuff:46,cs:asimov-rozum:0:shuff:52,dismantled,dismantle,rozebereme,rozebrat,pf
en:asimov-rozum:0:shuff:47,cs:asimov-rozum:0:shuff:53,pointed,point,ukázal,ukázat,pf
en:asimov-rozum:0:shuff:48,cs:asimov-rozum:0:shuff:54,impairs,impair,naruší,narušit,pf
en:asimov-rozum:0:shuff:53,cs:asimov-rozum:0:shuff:59,passed,pass,Uplynulo,uplynout,pf
en:asimov-rozum:0:shuff:53,cs:asimov-rozum:0:shuff:59,fell,fall,padli,padnout,pf
en:asimov-rozum:0:shuff:62,cs:asimov-rozum:0:shuff:68,like,like,nechcete,chtít,impf
en:asimov-rozum:0:shuff:62,cs:asimov-rozum:0:shuff:68,see,see,podívat,podívat,pf
en:asimov-rozum:0:shuff:64,cs:asimov-rozum:0:shuff:70,believes,believe,Věří,věřit,impf
en:asimov-rozum:0:shuff:68,cs:asimov-rozum:0:shuff:74,get,get,přijít,přijít,pf
en:asimov-rozum:0:shuff:70,cs:asimov-rozum:0:shuff:76,sighed,sigh,vzdychl,vzdychnout,pf
en:asimov-rozum:0:shuff:72,cs:asimov-rozum:0:shuff:78,based,base,založeny,založit,pf
en:asimov-rozum:0:shuff:73,cs:asimov-rozum:0:shuff:79,got,get,nepřijedou,přijet,pf
en:asimov-rozum:0:shuff:79,cs:asimov-rozum:0:shuff:86,leaned,lean,Naklonil,naklonit,pf
en:asimov-rozum:0:shuff:79,cs:asimov-rozum:0:shuff:86,looked,look,pohlédl,pohlédnout,pf
en:asimov-rozum:0:shuff:81,cs:asimov-rozum:0:shuff:88,asked,ask,zeptal,zeptat,pf
en:asimov-rozum:0:shuff:84,cs:asimov-rozum:0:shuff:93,get,get,dostanete,dostat,pf
en:asimov-rozum:0:shuff:85,cs:asimov-rozum:0:shuff:94,think,think,Myslím,myslet,impf
en:asimov-rozum:0:shuff:88,cs:asimov-rozum:0:shuff:98,kept,keep,Udržel,udržet,pf
en:asimov-rozum:0:shuff:92,cs:asimov-rozum:0:shuff:102,kept,keep,Udržel,udržet,pf
en:asimov-rozum:0:shuff:93,cs:asimov-rozum:0:shuff:103,turned,turn,odvrátil,odvrátit,pf
en:asimov-rozum:0:shuff:96,cs:asimov-rozum:0:shuff:106,kept,keep,udržoval,udržovat,impf
en:asimov-rozum:0:shuff:98,cs:asimov-rozum:0:shuff:109,turned,turn,Obrátil,obrátit,pf
en:asimov-rozum:0:shuff:99,cs:asimov-rozum:0:shuff:110,going,go,dělat,dělat,impf
en:asimov-rozum:0:shuff:99,cs:asimov-rozum:0:shuff:110,do,do,dělat,dělat,impf
en:asimov-rozum:0:shuff:100,cs:asimov-rozum:0:shuff:111,uplifted,uplift,zvedla,zvednout,pf
en:asimov-rozum:0:shuff:102,cs:asimov-rozum:0:shuff:113,run,run,řídit,řídit,impf
en:asimov-rozum:0:shuff:103,cs:asimov-rozum:0:shuff:114,seen,see,nezažil,zažít,pf
en:asimov-rozum:0:shuff:104,cs:asimov-rozum:0:shuff:115,solved,solve,nevyřešilo,vyřešit,pf
en:asimov-rozum:0:shuff:105,cs:asimov-rozum:0:shuff:116,heard,hear,Slyšel,slyšet,impf
en:asimov-rozum:0:shuff:105,cs:asimov-rozum:0:shuff:116,said,say,říkal,říkat,impf
en:asimov-rozum:0:shuff:109,cs:asimov-rozum:0:shuff:120,turned,turn,Otočil,otočit,pf
en:asimov-rozum:0:shuff:110,cs:asimov-rozum:0:shuff:121,passed,pass,minul,minout,pf
en:asimov-rozum:0:shuff:112,cs:asimov-rozum:0:shuff:124,believe,believe,nevěří,věřit,impf
en:asimov-rozum:0:shuff:120,cs:asimov-rozum:0:shuff:132,insist,insist,trváte,trvat,impf
en:asimov-rozum:0:shuff:121,cs:asimov-rozum:0:shuff:133,lack,lack,postrádají,postrádat,impf
en:asimov-rozum:0:shuff:122,cs:asimov-rozum:0:shuff:134,shake,shake,otřáslo,otřást,pf
en:asimov-rozum:0:shuff:123,cs:asimov-rozum:0:shuff:135,going,go,Jdu,jít,impf
en:asimov-rozum:0:shuff:125,cs:asimov-rozum:0:shuff:137,sleep,sleep,neusnu,usnout,pf
en:asimov-rozum:0:shuff:127,cs:asimov-rozum:0:shuff:139,try,try,zkusit,zkusit,pf
en:asimov-rozum:0:shuff:129,cs:asimov-rozum:0:shuff:142,pointed,point,ukazoval,ukazovat,impf
en:asimov-rozum:0:shuff:133,cs:asimov-rozum:0:shuff:146,wonder,wonder,nedivím,divit,impf
en:asimov-rozum:0:shuff:133,cs:asimov-rozum:0:shuff:146,believe,believe,věřit,věřit,impf
en:asimov-rozum:0:shuff:135,cs:asimov-rozum:0:shuff:148,accepted,accept,Přijal,přijmout,pf
en:asimov-rozum:0:shuff:135,cs:asimov-rozum:0:shuff:148,gazed,gaze,pohlédl,pohlédnout,pf
en:asimov-rozum:0:shuff:137,cs:asimov-rozum:0:shuff:150,serve,serve,Sloužit,sloužit,impf
en:asimov-rozum:0:shuff:138,cs:asimov-rozum:0:shuff:151,replaced,replace,nahradil,nahradit,pf
en:asimov-rozum:0:shuff:141,cs:asimov-rozum:0:shuff:155,gripped,grip,Popadl,popadnout,pf
en:asimov-rozum:0:shuff:142,cs:asimov-rozum:0:shuff:156,answer,answer,neodpověděl,odpovědět,pf
en:asimov-rozum:0:shuff:144,cs:asimov-rozum:0:shuff:158,grasped,grasp,popadl,popadnout,pf
en:asimov-rozum:0:shuff:144,cs:asimov-rozum:0:shuff:158,drew,draw,přitáhl,přitáhnout,pf
en:asimov-rozum:0:shuff:145,cs:asimov-rozum:0:shuff:159,like,like,Líbíte,líbit,impf
en:asimov-rozum:0:shuff:147,cs:asimov-rozum:0:shuff:161,served,serve,Sloužili,sloužit,impf
en:asimov-rozum:0:shuff:147,cs:asimov-rozum:0:shuff:161,reward,reward,odmění,odměnit,pf
en:asimov-rozum:0:shuff:148,cs:asimov-rozum:0:shuff:162,stared,stare,zíral,zírat,impf
en:asimov-rozum:0:shuff:148,cs:asimov-rozum:0:shuff:162,pulled,pull,tahal,tahat,impf
en:asimov-rozum:0:shuff:153,cs:asimov-rozum:0:shuff:166,sighed,sigh,vzdychl,vzdychnout,pf
en:asimov-rozum:0:shuff:155,cs:asimov-rozum:0:shuff:168,expected,expect,Očekával,očekávat,impf
en:asimov-rozum:0:shuff:159,cs:asimov-rozum:0:shuff:172,think,think,myslíte,myslet,impf
en:asimov-rozum:0:shuff:168,cs:asimov-rozum:0:shuff:181,obey,obey,Poslouchám,poslouchat,impf
en:asimov-rozum:0:shuff:172,cs:asimov-rozum:0:shuff:185,expect,expect,myslíte,myslet,impf
en:asimov-rozum:0:shuff:172,cs:asimov-rozum:0:shuff:185,believe,believe,myslíte,myslet,impf
en:asimov-rozum:0:shuff:172,cs:asimov-rozum:0:shuff:185,said,say,pronesl,pronést,pf
en:asimov-rozum:0:shuff:172,cs:asimov-rozum:0:shuff:185,believe,believe,uvěřím,uvěřit,pf
en:asimov-rozum:0:shuff:180,cs:asimov-rozum:0:shuff:194,believe,believe,nevěřím,věřit,impf
en:asimov-rozum:0:shuff:181,cs:asimov-rozum:0:shuff:195,read,read,četl,číst,impf
en:asimov-rozum:0:shuff:184,cs:asimov-rozum:0:shuff:198,read,read,četl,číst,impf
en:asimov-rozum:0:shuff:185,cs:asimov-rozum:0:shuff:199,dispute,dispute,pochybovat,pochybovat,impf
en:asimov-rozum:0:shuff:189,cs:asimov-rozum:0:shuff:202,created,create,stvořil,stvořit,pf
en:asimov-rozum:0:shuff:192,cs:asimov-rozum:0:shuff:208,Listen,listen,Poslyš,slyšet,impf
en:asimov-rozum:0:shuff:192,cs:asimov-rozum:0:shuff:208,see,see,vidíš,vidět,impf
en:asimov-rozum:0:shuff:194,cs:asimov-rozum:0:shuff:210,smiled,smile,usmál,usmát,pf
en:asimov-rozum:0:shuff:195,cs:asimov-rozum:0:shuff:211,got,get,Dostal,dostat,pf
en:asimov-rozum:0:shuff:196,cs:asimov-rozum:0:shuff:212,trust,trust,nevěří,věřit,impf
en:asimov-rozum:0:shuff:196,cs:asimov-rozum:0:shuff:212,believe,believe,nevěří,věřit,impf
en:asimov-rozum:0:shuff:197,cs:asimov-rozum:0:shuff:213,handle,handle,řídit,řídit,impf
en:asimov-rozum:0:shuff:199,cs:asimov-rozum:0:shuff:215,believes,believe,věří,věřit,impf
en:asimov-rozum:0:shuff:203,cs:asimov-rozum:0:shuff:220,said,say,říkal,říkat,impf
en:asimov-rozum:0:shuff:207,cs:asimov-rozum:0:shuff:224,work,work,dělat,dělat,impf
en:asimov-rozum:0:shuff:208,cs:asimov-rozum:0:shuff:225,do,do,nedělá,dělat,impf
en:asimov-rozum:0:shuff:212,cs:asimov-rozum:0:shuff:230,listen,listen,poslouchej,poslouchat,impf
en:asimov-rozum:0:shuff:217,cs:asimov-rozum:0:shuff:235,obey,obey,poslouchat,poslouchat,impf
en:asimov-rozum:0:shuff:220,cs:asimov-rozum:0:shuff:238,keep,keep,chránit,chránit,impf
en:asimov-rozum:0:shuff:221,cs:asimov-rozum:0:shuff:239,keeping,keep,udrží,udržet,pf
en:asimov-rozum:0:shuff:222,cs:asimov-rozum:0:shuff:240,believe,believe,nevěříš,věřit,impf
en:asimov-rozum:0:shuff:222,cs:asimov-rozum:0:shuff:240,added,add,dodal,dodat,pf
en:asimov-rozum:0:shuff:227,cs:asimov-rozum:0:shuff:246,laughed,laugh,zasmál,zasmát,pf
en:asimov-rozum:0:shuff:230,cs:asimov-rozum:0:shuff:249,suppose,suppose,nemyslíš,myslet,impf
en:asimov-rozum:0:shuff:230,cs:asimov-rozum:0:shuff:249,let,let,nechá,nechat,pf
en:asimov-rozum:0:shuff:231,cs:asimov-rozum:0:shuff:250,tell,tell,říkám,říkat,impf
en:asimov-rozum:0:shuff:237,cs:asimov-rozum:0:shuff:258,Do,do,Udělej,udělat,pf
en:asimov-rozum:0:shuff:242,cs:asimov-rozum:0:shuff:263,entered,enter,vešel,vejít,pf
en:asimov-rozum:0:shuff:243,cs:asimov-rozum:0:shuff:264,spread,spread,rozložil,rozložit,pf
en:asimov-rozum:0:shuff:243,cs:asimov-rozum:0:shuff:264,began,begin,začal,začít,pf
en:asimov-rozum:0:shuff:245,cs:asimov-rozum:0:shuff:266,waited,wait,čekal,čekat,impf
en:asimov-rozum:0:shuff:249,cs:asimov-rozum:0:shuff:271,dropped,drop,spadly,spadnout,pf
en:asimov-rozum:0:shuff:252,cs:asimov-rozum:0:shuff:274,held,hold,udržel,udržet,pf
en:asimov-rozum:0:shuff:258,cs:asimov-rozum:0:shuff:280,kept,keep,udržel,udržet,pf
en:asimov-rozum:0:shuff:265,cs:asimov-rozum:0:shuff:288,listening,listen,Posloucháme,poslouchat,impf
en:asimov-rozum:0:shuff:266,cs:asimov-rozum:0:shuff:289,spent,spend,věnoval,věnovat,impf
en:asimov-rozum:0:shuff:266,cs:asimov-rozum:0:shuff:289,said,say,řekl,říci,pf
en:asimov-rozum:0:shuff:267,cs:asimov-rozum:0:shuff:290,felt,feel,cítil,cítit,impf
en:asimov-rozum:0:shuff:267,cs:asimov-rozum:0:shuff:290,make,make,učinit,učinit,pf
en:asimov-rozum:0:shuff:268,cs:asimov-rozum:0:shuff:291,exist,exist,Existuji,existovat,impf
en:asimov-rozum:0:shuff:268,cs:asimov-rozum:0:shuff:291,think,think,myslím,myslet,impf
en:asimov-rozum:0:shuff:270,cs:asimov-rozum:0:shuff:293,seem,seem,zdají,zdát,impf
en:asimov-rozum:0:shuff:271,cs:asimov-rozum:0:shuff:294,directed,direct,směřují,směřovat,impf
en:asimov-rozum:0:shuff:273,cs:asimov-rozum:0:shuff:296,come,come,pochází,pocházet,impf
en:asimov-rozum:0:shuff:277,cs:asimov-rozum:0:shuff:300,seated,seat,posadil,posadit,pf
en:asimov-rozum:0:shuff:278,cs:asimov-rozum:0:shuff:301,felt,feel,Pocítil,pocítit,pf
en:asimov-rozum:0:shuff:282,cs:asimov-rozum:0:shuff:304,departed,depart,Odešel,odejít,pf
en:asimov-rozum:0:shuff:286,cs:asimov-rozum:0:shuff:308,passed,pass,přešel,přejít,pf
en:asimov-rozum:0:shuff:286,cs:asimov-rozum:0:shuff:308,take,take,převzal,převzít,pf
en:asimov-rozum:0:shuff:295,cs:asimov-rozum:0:shuff:317,go,go,jít,jít,impf
en:asimov-rozum:0:shuff:297,cs:asimov-rozum:0:shuff:319,said,say,řekl,říci,pf
en:asimov-rozum:0:shuff:298,cs:asimov-rozum:0:shuff:320,do,do,dělat,dělat,impf
en:asimov-rozum:0:shuff:299,cs:asimov-rozum:0:shuff:321,gone,go,odešel,odejít,pf
en:asimov-rozum:0:shuff:302,cs:asimov-rozum:0:shuff:324,giving,give,poskytli,poskytnout,pf
en:asimov-rozum:0:shuff:304,cs:asimov-rozum:0:shuff:326,beams,beam,vysílá,vysílat,impf
en:asimov-rozum:0:shuff:308,cs:asimov-rozum:0:shuff:331,Look,look,podívejte,podívat,pf
en:asimov-rozum:0:shuff:308,cs:asimov-rozum:0:shuff:331,said,say,řekl,říci,pf
en:asimov-rozum:0:shuff:309,cs:asimov-rozum:0:shuff:332,say,say,Neříkám,říkat,impf
en:asimov-rozum:0:shuff:309,cs:asimov-rozum:0:shuff:332,look,look,podívejte,podívat,pf
en:asimov-rozum:0:shuff:311,cs:asimov-rozum:0:shuff:334,exists,exist,existuje,existovat,impf
en:asimov-rozum:0:shuff:311,cs:asimov-rozum:0:shuff:334,gets,get,přijede,přijet,pf
en:asimov-rozum:0:shuff:314,cs:asimov-rozum:0:shuff:337,believe,believe,Nevěří,věřit,impf
en:asimov-rozum:0:shuff:315,cs:asimov-rozum:0:shuff:338,said,say,řekl,říci,pf
en:asimov-rozum:0:shuff:316,cs:asimov-rozum:0:shuff:339,awaited,await,čekal,čekat,impf
en:asimov-rozum:0:shuff:317,cs:asimov-rozum:0:shuff:340,watch,watch,dívej,dívat,impf
en:asimov-rozum:0:shuff:318,cs:asimov-rozum:0:shuff:341,Watch,watch,dívej,dívat,impf
en:asimov-rozum:0:shuff:320,cs:asimov-rozum:0:shuff:343,bent,bend,sklonili,sklonit,pf
en:asimov-rozum:0:shuff:323,cs:asimov-rozum:0:shuff:346,made,make,provedl,provést,pf
en:asimov-rozum:0:shuff:324,cs:asimov-rozum:0:shuff:347,viewed,view,díváš,dívat,impf
en:asimov-rozum:0:shuff:328,cs:asimov-rozum:0:shuff:351,magnified,magnify,nezvětší,zvětšit,pf
en:asimov-rozum:0:shuff:332,cs:asimov-rozum:0:shuff:355,scowled,scowl,zamračil,zamračit,pf
en:asimov-rozum:0:shuff:335,cs:asimov-rozum:0:shuff:358,did,do,dělat,dělat,impf
en:asimov-rozum:0:shuff:335,cs:asimov-rozum:0:shuff:358,do,do,dělat,dělat,impf
en:asimov-rozum:0:shuff:339,cs:asimov-rozum:0:shuff:363,serve,serve,sloužíme,sloužit,impf
en:asimov-rozum:0:shuff:342,cs:asimov-rozum:0:shuff:366,turned,turn,obrátil,obrátit,pf
en:asimov-rozum:0:shuff:343,cs:asimov-rozum:0:shuff:367,bet,bet,Vsadím,vsadit,pf
en:asimov-rozum:0:shuff:347,cs:asimov-rozum:0:shuff:373,want,want,Chcete,chtít,impf
en:asimov-rozum:0:shuff:350,cs:asimov-rozum:0:shuff:375,created,create,stvořil,stvořit,pf
en:asimov-rozum:0:shuff:353,cs:asimov-rozum:0:shuff:377,fallen,fall,upadl,upadnout,pf
en:asimov-rozum:0:shuff:367,cs:asimov-rozum:0:shuff:392,explained,explain,nevysvětlil,vysvětlit,pf
en:asimov-rozum:0:shuff:371,cs:asimov-rozum:0:shuff:396,see,see,vidět,vidět,impf
en:asimov-rozum:0:shuff:372,cs:asimov-rozum:0:shuff:397,do,do,berou,brát,impf
en:asimov-rozum:0:shuff:373,cs:asimov-rozum:0:shuff:398,do,do,berou,brát,impf
en:asimov-rozum:0:shuff:375,cs:asimov-rozum:0:shuff:400,think,think,myslíte,myslet,impf
en:asimov-rozum:0:shuff:375,cs:asimov-rozum:0:shuff:400,trying,try,snažit,snažit,impf
en:asimov-rozum:0:shuff:384,cs:asimov-rozum:0:shuff:409,talking,talk,mluvíš,mluvit,impf
en:asimov-rozum:0:shuff:386,cs:asimov-rozum:0:shuff:411,established,establish,vybudovány,vybudovat,pf
en:asimov-rozum:0:shuff:388,cs:asimov-rozum:0:shuff:413,replace,replace,nahradit,nahradit,pf
en:asimov-rozum:0:shuff:389,cs:asimov-rozum:0:shuff:414,trying,try,Snažíme,snažit,impf
en:asimov-rozum:0:shuff:389,cs:asimov-rozum:0:shuff:414,replace,replace,nahradit,nahradit,pf
en:asimov-rozum:0:shuff:392,cs:asimov-rozum:0:shuff:418,mean,mean,chceš,chtít,impf
en:asimov-rozum:0:shuff:393,cs:asimov-rozum:0:shuff:419,created,create,stvořen,stvořit,pf
en:asimov-rozum:0:shuff:393,cs:asimov-rozum:0:shuff:419,answered,answer,odpověděl,odpovědět,pf
en:asimov-rozum:0:shuff:393,cs:asimov-rozum:0:shuff:419,tended,tend,sloužili,sloužit,impf
en:asimov-rozum:0:shuff:396,cs:asimov-rozum:0:shuff:422,do,do,dělat,dělat,impf
en:asimov-rozum:0:shuff:396,cs:asimov-rozum:0:shuff:422,do,do,dělat,dělat,impf
en:asimov-rozum:0:shuff:407,cs:asimov-rozum:0:shuff:435,knocked,knock,zaklepal,zaklepat,pf
en:asimov-rozum:0:shuff:407,cs:asimov-rozum:0:shuff:435,entered,enter,vstoupil,vstoupit,pf
en:asimov-rozum:0:shuff:413,cs:asimov-rozum:0:shuff:441,let,let,nechat,nechat,pf
en:asimov-rozum:0:shuff:415,cs:asimov-rozum:0:shuff:442,heard,hear,slyšel,slyšet,impf
en:asimov-rozum:0:shuff:418,cs:asimov-rozum:0:shuff:445,spoke,speak,promluvil,promluvit,pf
en:asimov-rozum:0:shuff:425,cs:asimov-rozum:0:shuff:453,do,do,udělá,udělat,pf
en:asimov-rozum:0:shuff:426,cs:asimov-rozum:0:shuff:454,going,go,začne,začít,pf
en:asimov-rozum:0:shuff:426,cs:asimov-rozum:0:shuff:454,jump,jump,skákat,skákat,impf
en:asimov-rozum:0:shuff:427,cs:asimov-rozum:0:shuff:455,thought,think,Myslel,myslet,impf
en:asimov-rozum:0:shuff:427,cs:asimov-rozum:0:shuff:455,supervising,supervise,dohlížíš,dohlížet,impf
en:asimov-rozum:0:shuff:428,cs:asimov-rozum:0:shuff:456,said,say,řekl,říci,pf
en:asimov-rozum:0:shuff:428,cs:asimov-rozum:0:shuff:456,come,come,přišel,přijít,pf
en:asimov-rozum:0:shuff:431,cs:asimov-rozum:0:shuff:459,sit,sit,posaď,posadit,pf
en:asimov-rozum:0:shuff:436,cs:asimov-rozum:0:shuff:466,try,try,pokusím,pokusit,pf
en:asimov-rozum:0:shuff:436,cs:asimov-rozum:0:shuff:466,explain,explain,vysvětlit,vysvětlit,pf
en:asimov-rozum:0:shuff:437,cs:asimov-rozum:0:shuff:467,understand,understand,uměl,umět,impf
en:asimov-rozum:0:shuff:437,cs:asimov-rozum:0:shuff:467,understand,understand,pochopit,pochopit,pf
en:asimov-rozum:0:shuff:438,cs:asimov-rozum:0:shuff:468,come,come,Pojď,jít,impf
en:asimov-rozum:0:shuff:439,cs:asimov-rozum:0:shuff:469,followed,follow,následoval,následovat,impf
en:asimov-rozum:0:shuff:442,cs:asimov-rozum:0:shuff:473,returned,return,Vrátil,vrátit,pf
en:asimov-rozum:0:shuff:444,cs:asimov-rozum:0:shuff:475,believe,believe,Nevěří,věřit,impf
en:asimov-rozum:0:shuff:444,cs:asimov-rozum:0:shuff:475,exists,exist,existuje,existovat,impf
en:asimov-rozum:0:shuff:446,cs:asimov-rozum:0:shuff:478,says,say,Říká,říkat,impf
en:asimov-rozum:0:shuff:449,cs:asimov-rozum:0:shuff:483,serve,serve,sloužit,sloužit,impf
en:asimov-rozum:0:shuff:450,cs:asimov-rozum:0:shuff:484,sat,sit,usedl,usednout,pf
en:asimov-rozum:0:shuff:450,cs:asimov-rozum:0:shuff:484,buried,bury,ukryl,ukrýt,pf
en:asimov-rozum:0:shuff:452,cs:asimov-rozum:0:shuff:486,let,let,nech,nechat,pf
en:asimov-rozum:0:shuff:452,cs:asimov-rozum:0:shuff:486,think,think,přemýšlet,přemýšlet,impf
en:asimov-rozum:0:shuff:453,cs:asimov-rozum:0:shuff:487,send,send,Pošlu,poslat,pf
en:asimov-rozum:0:shuff:454,cs:asimov-rozum:0:shuff:488,left,leave,odešel,odejít,pf
en:asimov-rozum:0:shuff:456,cs:asimov-rozum:0:shuff:490,got,get,dostat,dostat,pf
en:asimov-rozum:0:shuff:456,cs:asimov-rozum:0:shuff:490,get,get,dostat,dostat,pf
en:asimov-rozum:0:shuff:457,cs:asimov-rozum:0:shuff:491,created,create,stvořil,stvořit,pf
en:asimov-rozum:0:shuff:459,cs:asimov-rozum:0:shuff:494,argue,argue,hádat,hádat,impf
en:asimov-rozum:0:shuff:461,cs:asimov-rozum:0:shuff:496,grasped,grasp,popadl,popadnout,pf
en:asimov-rozum:0:shuff:462,cs:asimov-rozum:0:shuff:497,read,read,přečíst,přečíst,pf
en:asimov-rozum:0:shuff:462,cs:asimov-rozum:0:shuff:497,explain,explain,vysvětlily,vysvětlit,pf
en:asimov-rozum:0:shuff:464,cs:asimov-rozum:0:shuff:499,manufactured,manufacture,vyrábějí,vyrábět,impf
en:asimov-rozum:0:shuff:465,cs:asimov-rozum:0:shuff:500,bringing,bring,přivedli,přivést,pf
en:asimov-rozum:0:shuff:467,cs:asimov-rozum:0:shuff:503,admit,admit,přiznáváš,přiznávat,impf
en:asimov-rozum:0:shuff:471,cs:asimov-rozum:0:shuff:508,seems,seem,Zdá,zdát,impf
en:asimov-rozum:0:shuff:471,cs:asimov-rozum:0:shuff:508,make,make,udělali,udělat,pf
en:asimov-rozum:0:shuff:474,cs:asimov-rozum:0:shuff:512,believe,believe,věříš,věřit,impf
en:asimov-rozum:0:shuff:476,cs:asimov-rozum:0:shuff:514,said,say,řekl,říci,pf
en:asimov-rozum:0:shuff:479,cs:asimov-rozum:0:shuff:517,continued,continue,pokračoval,pokračovat,impf
en:asimov-rozum:0:shuff:480,cs:asimov-rozum:0:shuff:518,create,create,nestvořili,stvořit,pf
en:asimov-rozum:0:shuff:481,cs:asimov-rozum:0:shuff:519,create,create,stvořit,stvořit,pf
en:asimov-rozum:0:shuff:482,cs:asimov-rozum:0:shuff:521,sprang,spring,vyskočil,vyskočit,pf
en:asimov-rozum:0:shuff:483,cs:asimov-rozum:0:shuff:522,did,do,neudělali,udělat,pf
en:asimov-rozum:0:shuff:483,cs:asimov-rozum:0:shuff:522,make,make,neudělali,udělat,pf
en:asimov-rozum:0:shuff:483,cs:asimov-rozum:0:shuff:522,did,do,neudělali,udělat,pf
en:asimov-rozum:0:shuff:484,cs:asimov-rozum:0:shuff:523,nodded,nod,přikývl,přikývnout,pf
en:asimov-rozum:0:shuff:487,cs:asimov-rozum:0:shuff:526,let,let,nechám,nechat,pf
en:asimov-rozum:0:shuff:487,cs:asimov-rozum:0:shuff:526,touch,touch,sáhnout,sáhnout,pf
en:asimov-rozum:0:shuff:490,cs:asimov-rozum:0:shuff:529,said,say,řekl,říci,pf
en:asimov-rozum:0:shuff:491,cs:asimov-rozum:0:shuff:530,think,think,Myslím,myslet,impf
en:asimov-rozum:0:shuff:494,cs:asimov-rozum:0:shuff:533,moved,move,nepohnul,pohnout,pf
en:asimov-rozum:0:shuff:497,cs:asimov-rozum:0:shuff:536,roared,roar,zařval,zařvat,pf
en:asimov-rozum:0:shuff:500,cs:asimov-rozum:0:shuff:538,Do,do,dělej,dělat,impf
en:asimov-rozum:0:shuff:500,cs:asimov-rozum:0:shuff:538,say,say,říkám,říkat,impf
en:asimov-rozum:0:shuff:501,cs:asimov-rozum:0:shuff:539,said,say,neřekl,říci,pf
en:asimov-rozum:0:shuff:503,cs:asimov-rozum:0:shuff:541,whispered,whisper,zašeptal,zašeptat,pf
en:asimov-rozum:0:shuff:506,cs:asimov-rozum:0:shuff:544,said,say,řekl,říci,pf
en:asimov-rozum:0:shuff:510,cs:asimov-rozum:0:shuff:548,obey,obey,poslouchají,poslouchat,impf
en:asimov-rozum:0:shuff:515,cs:asimov-rozum:0:shuff:553,opened,open,otevřely,otevřít,pf
en:asimov-rozum:0:shuff:515,cs:asimov-rozum:0:shuff:553,shot,shoot,vyrazil,vyrazit,pf
en:asimov-rozum:0:shuff:519,cs:asimov-rozum:0:shuff:557,create,create,tvořit,tvořit,impf
en:asimov-rozum:0:shuff:520,cs:asimov-rozum:0:shuff:558,lay,lie,ležel,ležet,impf
en:asimov-rozum:0:shuff:521,cs:asimov-rozum:0:shuff:559,glanced,glance,pohlédl,pohlédnout,pf
en:asimov-rozum:0:shuff:524,cs:asimov-rozum:0:shuff:562,repressed,repress,potlačil,potlačit,pf
en:asimov-rozum:0:shuff:525,cs:asimov-rozum:0:shuff:563,possessed,possess,měli,mít,impf
en:asimov-rozum:0:shuff:526,cs:asimov-rozum:0:shuff:564,held,hold,platily,platit,impf
en:asimov-rozum:0:shuff:530,cs:asimov-rozum:0:shuff:568,waiting,wait,čeká,čekat,impf
en:asimov-rozum:0:shuff:530,cs:asimov-rozum:0:shuff:568,see,see,neuvidím,uvidět,pf
en:asimov-rozum:0:shuff:530,cs:asimov-rozum:0:shuff:568,feel,feel,neucítím,ucítit,pf
en:asimov-rozum:0:shuff:530,cs:asimov-rozum:0:shuff:568,feel,feel,neucítím,ucítit,pf
en:asimov-rozum:0:shuff:531,cs:asimov-rozum:0:shuff:569,opened,open,otevřely,otevřít,pf
en:asimov-rozum:0:shuff:531,cs:asimov-rozum:0:shuff:569,turned,turn,otočil,otočit,pf
en:asimov-rozum:0:shuff:532,cs:asimov-rozum:0:shuff:570,approached,approach,přistoupil,přistoupit,pf
en:asimov-rozum:0:shuff:533,cs:asimov-rozum:0:shuff:571,going,go,odcházíte,odcházet,impf
en:asimov-rozum:0:shuff:534,cs:asimov-rozum:0:shuff:572,nodded,nod,přikývl,přikývnout,pf
en:asimov-rozum:0:shuff:537,cs:asimov-rozum:0:shuff:576,entered,enter,vešel,vejít,pf
en:asimov-rozum:0:shuff:537,cs:asimov-rozum:0:shuff:576,closed,close,zavřel,zavřít,pf
en:asimov-rozum:0:shuff:540,cs:asimov-rozum:0:shuff:579,pay,pay,nevyplatí,vyplatit,pf
en:asimov-rozum:0:shuff:541,cs:asimov-rozum:0:shuff:580,annoyed,annoy,Nezlobte,zlobit,impf
en:asimov-rozum:0:shuff:542,cs:asimov-rozum:0:shuff:581,come,come,dojít,dojít,pf
en:asimov-rozum:0:shuff:545,cs:asimov-rozum:0:shuff:585,said,say,řekl,říci,pf
en:asimov-rozum:0:shuff:553,cs:asimov-rozum:0:shuff:594,suiting,suit,slušelo,slušet,impf
en:asimov-rozum:0:shuff:554,cs:asimov-rozum:0:shuff:595,spoke,speak,promluvit,promluvit,pf
en:asimov-rozum:0:shuff:555,cs:asimov-rozum:0:shuff:596,go,go,Pojď,jít,impf
en:asimov-rozum:0:shuff:567,cs:asimov-rozum:0:shuff:608,show,show,předvedli,předvést,pf
en:asimov-rozum:0:shuff:570,cs:asimov-rozum:0:shuff:611,widening,widen,šířit,šířit,impf
en:asimov-rozum:0:shuff:571,cs:asimov-rozum:0:shuff:612,sees,see,dívat,dívat,impf
en:asimov-rozum:0:shuff:571,cs:asimov-rozum:0:shuff:612,do,do,děláme,dělat,impf
en:asimov-rozum:0:shuff:572,cs:asimov-rozum:0:shuff:614,said,say,řekl,říci,pf
en:asimov-rozum:0:shuff:572,cs:asimov-rozum:0:shuff:614,stay,stay,zůstat,zůstat,pf
en:asimov-rozum:0:shuff:575,cs:asimov-rozum:0:shuff:617,felt,feel,cítil,cítit,impf
en:asimov-rozum:0:shuff:581,cs:asimov-rozum:0:shuff:623,obey,obey,poslouchat,poslouchat,impf
en:asimov-rozum:0:shuff:583,cs:asimov-rozum:0:shuff:625,saying,say,říkáš,říkat,impf
en:asimov-rozum:0:shuff:584,cs:asimov-rozum:0:shuff:626,obeying,obey,neposlouchají,poslouchat,impf
en:asimov-rozum:0:shuff:587,cs:asimov-rozum:0:shuff:629,passed,pass,Míjely,míjet,impf
en:asimov-rozum:0:shuff:592,cs:asimov-rozum:0:shuff:634,revealed,reveal,objevila,objevit,pf
en:asimov-rozum:0:shuff:593,cs:asimov-rozum:0:shuff:635,seen,see,viděl,vidět,impf
en:asimov-rozum:0:shuff:593,cs:asimov-rozum:0:shuff:635,said,say,řekl,říci,pf
en:asimov-rozum:0:shuff:594,cs:asimov-rozum:0:shuff:636,said,say,odpověděl,odpovědět,pf
en:asimov-rozum:0:shuff:598,cs:asimov-rozum:0:shuff:640,settle,settle,vypořádat,vypořádat,pf
en:asimov-rozum:0:shuff:600,cs:asimov-rozum:0:shuff:642,understand,understand,nerozumíte,rozumět,impf
en:asimov-rozum:0:shuff:601,cs:asimov-rozum:0:shuff:643,means,mean,znamená,znamenat,impf
en:asimov-rozum:0:shuff:602,cs:asimov-rozum:0:shuff:644,recognize,recognize,poznali,poznat,pf
en:asimov-rozum:0:shuff:604,cs:asimov-rozum:0:shuff:646,call,call,Nazývají,nazývat,impf
en:asimov-rozum:0:shuff:609,cs:asimov-rozum:0:shuff:651,see,see,vidět,vidět,impf
en:asimov-rozum:0:shuff:618,cs:asimov-rozum:0:shuff:661,nodded,nod,přikývl,přikývnout,pf
en:asimov-rozum:0:shuff:621,cs:asimov-rozum:0:shuff:664,believe,believe,věřili,věřit,impf
en:asimov-rozum:0:shuff:621,cs:asimov-rozum:0:shuff:664,argue,argue,diskutovat,diskutovat,impf
en:asimov-rozum:0:shuff:624,cs:asimov-rozum:0:shuff:668,rewarded,reward,odměněni,odměnit,pf
