en:cermak-zaklady_metod:0:shuff:3,cs:cermak-zaklady_metod:0:shuff:3,viewed,view,Vidí,vidět,impf
en:cermak-zaklady_metod:0:shuff:4,cs:cermak-zaklady_metod:0:shuff:4,sought,seek,Nesnaží,snažit,impf
en:cermak-zaklady_metod:0:shuff:4,cs:cermak-zaklady_metod:0:shuff:4,seek,seek,Nesnaží,snažit,impf
en:cermak-zaklady_metod:0:shuff:4,cs:cermak-zaklady_metod:0:shuff:4,sought,seek,hledat,hledat,impf
en:cermak-zaklady_metod:0:shuff:4,cs:cermak-zaklady_metod:0:shuff:4,seek,seek,hledat,hledat,impf
en:cermak-zaklady_metod:0:shuff:7,cs:cermak-zaklady_metod:0:shuff:7,established,establish,založil,založit,pf
en:cermak-zaklady_metod:0:shuff:13,cs:cermak-zaklady_metod:0:shuff:13,relate,relate,vztahuje,vztahovat,impf
en:cermak-zaklady_metod:0:shuff:14,cs:cermak-zaklady_metod:0:shuff:14,concerned,concern,týká,týkat,impf
en:cermak-zaklady_metod:0:shuff:14,cs:cermak-zaklady_metod:0:shuff:14,concerned,concern,týká,týkat,impf
en:cermak-zaklady_metod:0:shuff:14,cs:cermak-zaklady_metod:0:shuff:14,concerned,concern,týká,týkat,impf
en:cermak-zaklady_metod:0:shuff:14,cs:cermak-zaklady_metod:0:shuff:14,concerned,concern,týká,týkat,impf
en:cermak-zaklady_metod:0:shuff:24,cs:cermak-zaklady_metod:0:shuff:24,described,describe,popisuje,popisovat,impf
en:cermak-zaklady_metod:0:shuff:29,cs:cermak-zaklady_metod:0:shuff:29,moving,move,postupuje,postupovat,impf
en:cermak-zaklady_metod:0:shuff:31,cs:cermak-zaklady_metod:0:shuff:31,use,use,používat,používat,impf
en:cermak-zaklady_metod:0:shuff:32,cs:cermak-zaklady_metod:0:shuff:32,achieve,achieve,dosáhnout,dosáhnout,pf
en:cermak-zaklady_metod:0:shuff:33,cs:cermak-zaklady_metod:0:shuff:33,speak,speak,mluvit,mluvit,impf
en:cermak-zaklady_metod:0:shuff:49,cs:cermak-zaklady_metod:0:shuff:47,used,use,užít,užít,pf
en:cermak-zaklady_metod:0:shuff:56,cs:cermak-zaklady_metod:0:shuff:54,exist,exist,neexistuje,existovat,impf
en:cermak-zaklady_metod:0:shuff:56,cs:cermak-zaklady_metod:0:shuff:54,required,require,požaduje,požadovat,impf
en:cermak-zaklady_metod:0:shuff:60,cs:cermak-zaklady_metod:0:shuff:58,differ,differ,liší,lišit,impf
en:cermak-zaklady_metod:0:shuff:61,cs:cermak-zaklady_metod:0:shuff:59,consider,consider,uvažovat,uvažovat,impf
en:cermak-zaklady_metod:0:shuff:68,cs:cermak-zaklady_metod:0:shuff:66,incorporates,incorporate,zahrnuje,zahrnovat,impf
en:cermak-zaklady_metod:0:shuff:75,cs:cermak-zaklady_metod:0:shuff:74,distinguish,distinguish,lišit,lišit,impf
en:cermak-zaklady_metod:0:shuff:76,cs:cermak-zaklady_metod:0:shuff:75,manifested,manifest,jeví,jevit,impf
en:cermak-zaklady_metod:0:shuff:86,cs:cermak-zaklady_metod:0:shuff:87,developed,develop,rozvinuty,rozvinout,pf
en:cermak-zaklady_metod:0:shuff:87,cs:cermak-zaklady_metod:0:shuff:88,recognise,recognise,rozpoznat,rozpoznat,pf
en:cermak-zaklady_metod:0:shuff:94,cs:cermak-zaklady_metod:0:shuff:96,differ,differ,liší,lišit,impf
en:cermak-zaklady_metod:0:shuff:96,cs:cermak-zaklady_metod:0:shuff:98,depends,depend,záleží,záležet,impf
en:cermak-zaklady_metod:0:shuff:101,cs:cermak-zaklady_metod:0:shuff:102,grew,grow,vyrostly,vyrůst,pf
en:cermak-zaklady_metod:0:shuff:108,cs:cermak-zaklady_metod:0:shuff:108,select,select,vybírá,vybírat,impf
en:cermak-zaklady_metod:0:shuff:108,cs:cermak-zaklady_metod:0:shuff:108,project,project,promítá,promítat,impf
en:cermak-zaklady_metod:0:shuff:117,cs:cermak-zaklady_metod:0:shuff:114,offer,offer,nabízejí,nabízet,impf
en:cermak-zaklady_metod:0:shuff:122,cs:cermak-zaklady_metod:0:shuff:119,wish,wish,chci,chtít,impf
en:cermak-zaklady_metod:0:shuff:122,cs:cermak-zaklady_metod:0:shuff:119,understand,understand,chápat,chápat,impf
en:cermak-zaklady_metod:0:shuff:122,cs:cermak-zaklady_metod:0:shuff:119,understood,understand,chápat,chápat,impf
en:cermak-zaklady_metod:0:shuff:122,cs:cermak-zaklady_metod:0:shuff:119,understand,understand,chápe,chápat,impf
en:cermak-zaklady_metod:0:shuff:122,cs:cermak-zaklady_metod:0:shuff:119,understood,understand,chápe,chápat,impf
en:cermak-zaklady_metod:0:shuff:139,cs:cermak-zaklady_metod:0:shuff:137,differs,differ,liší,lišit,impf
en:cermak-zaklady_metod:0:shuff:157,cs:cermak-zaklady_metod:0:shuff:153,involves,involve,žádá,žádat,impf
en:cermak-zaklady_metod:0:shuff:157,cs:cermak-zaklady_metod:0:shuff:153,demanded,demand,žádá,žádat,impf
en:cermak-zaklady_metod:0:shuff:161,cs:cermak-zaklady_metod:0:shuff:156,aims,aim,Usiluje,usilovat,impf
en:cermak-zaklady_metod:0:shuff:161,cs:cermak-zaklady_metod:0:shuff:156,attempting,attempt,Usiluje,usilovat,impf
en:cermak-zaklady_metod:0:shuff:162,cs:cermak-zaklady_metod:0:shuff:157,ignoring,ignore,ignoruje,ignorovat,impf
en:cermak-zaklady_metod:0:shuff:167,cs:cermak-zaklady_metod:0:shuff:162,rejects,reject,odmítá,odmítat,impf
en:cermak-zaklady_metod:0:shuff:167,cs:cermak-zaklady_metod:0:shuff:162,exists,exist,existuje,existovat,impf
en:cermak-zaklady_metod:0:shuff:167,cs:cermak-zaklady_metod:0:shuff:162,exists,exist,existuje,existovat,impf
en:cermak-zaklady_metod:0:shuff:167,cs:cermak-zaklady_metod:0:shuff:162,exists,exist,existuje,existovat,impf
en:cermak-zaklady_metod:0:shuff:167,cs:cermak-zaklady_metod:0:shuff:162,exists,exist,existuje,existovat,impf
en:cermak-zaklady_metod:0:shuff:168,cs:cermak-zaklady_metod:0:shuff:163,disappears,disappear,mizí,mizet,impf
en:cermak-zaklady_metod:0:shuff:169,cs:cermak-zaklady_metod:0:shuff:164,opposed,oppose,Postavil,postavit,pf
en:cermak-zaklady_metod:0:shuff:169,cs:cermak-zaklady_metod:0:shuff:164,mirrored,mirror,zrcadlí,zrcadlit,impf
en:cermak-zaklady_metod:0:shuff:174,cs:cermak-zaklady_metod:0:shuff:171,emphasised,emphasise,zdůrazňuje,zdůrazňovat,impf
en:cermak-zaklady_metod:0:shuff:175,cs:cermak-zaklady_metod:0:shuff:172,considered,consider,považuje,považovat,impf
en:cermak-zaklady_metod:0:shuff:176,cs:cermak-zaklady_metod:0:shuff:173,explain,explain,vysvětlit,vysvětlit,pf
en:cermak-zaklady_metod:0:shuff:179,cs:cermak-zaklady_metod:0:shuff:176,alter,alter,měnit,měnit,impf
en:cermak-zaklady_metod:0:shuff:180,cs:cermak-zaklady_metod:0:shuff:177,using,use,užívá,užívat,impf
en:cermak-zaklady_metod:0:shuff:181,cs:cermak-zaklady_metod:0:shuff:178,used,use,užívají,užívat,impf
en:cermak-zaklady_metod:0:shuff:181,cs:cermak-zaklady_metod:0:shuff:178,used,use,užívají,užívat,impf
en:cermak-zaklady_metod:0:shuff:181,cs:cermak-zaklady_metod:0:shuff:178,ask,ask,ptát,ptát,impf
en:cermak-zaklady_metod:0:shuff:182,cs:cermak-zaklady_metod:0:shuff:179,restricted,restrict,omezen,omezit,pf
en:cermak-zaklady_metod:0:shuff:183,cs:cermak-zaklady_metod:0:shuff:180,recognised,recognise,uznávány,uznávat,impf
en:cermak-zaklady_metod:0:shuff:202,cs:cermak-zaklady_metod:0:shuff:199,distinguished,distinguish,rozeznává,rozeznávat,impf
en:cermak-zaklady_metod:0:shuff:208,cs:cermak-zaklady_metod:0:shuff:206,seen,see,chápe,chápat,impf
en:cermak-zaklady_metod:0:shuff:208,cs:cermak-zaklady_metod:0:shuff:206,distinguished,distinguish,rozlišuje,rozlišovat,impf
en:cermak-zaklady_metod:0:shuff:209,cs:cermak-zaklady_metod:0:shuff:207,consider,consider,uvažuje,uvažovat,impf
en:cermak-zaklady_metod:0:shuff:210,cs:cermak-zaklady_metod:0:shuff:208,performed,perform,provádějí,provádět,impf
en:cermak-zaklady_metod:0:shuff:212,cs:cermak-zaklady_metod:0:shuff:210,forgotten,forget,Zapomněl,zapomenout,pf
en:cermak-zaklady_metod:0:shuff:212,cs:cermak-zaklady_metod:0:shuff:210,presupposes,presuppose,předpokládá,předpokládat,impf
en:cermak-zaklady_metod:0:shuff:219,cs:cermak-zaklady_metod:0:shuff:218,acquaint,acquaint,seznámit,seznámit,pf
en:cermak-zaklady_metod:0:shuff:225,cs:cermak-zaklady_metod:0:shuff:223,revealing,reveal,odhalit,odhalit,pf
en:cermak-zaklady_metod:0:shuff:226,cs:cermak-zaklady_metod:0:shuff:224,create,create,vytvářet,vytvářet,impf
en:cermak-zaklady_metod:0:shuff:226,cs:cermak-zaklady_metod:0:shuff:224,understood,understand,chápe,chápat,impf
en:cermak-zaklady_metod:0:shuff:226,cs:cermak-zaklady_metod:0:shuff:224,functioned,function,fungoval,fungovat,impf
en:cermak-zaklady_metod:0:shuff:227,cs:cermak-zaklady_metod:0:shuff:225,distinguished,distinguish,Rozlišují,rozlišovat,impf
en:cermak-zaklady_metod:0:shuff:249,cs:cermak-zaklady_metod:0:shuff:247,relate,relate,vztahuje,vztahovat,impf
en:cermak-zaklady_metod:0:shuff:251,cs:cermak-zaklady_metod:0:shuff:249,exhibiting,exhibit,jeví,jevit,impf
en:cermak-zaklady_metod:0:shuff:252,cs:cermak-zaklady_metod:0:shuff:250,developed,develop,rozvinul,rozvinout,pf
en:cermak-zaklady_metod:0:shuff:258,cs:cermak-zaklady_metod:0:shuff:255,improved,improve,zlepšovat,zlepšovat,impf
en:cermak-zaklady_metod:0:shuff:258,cs:cermak-zaklady_metod:0:shuff:255,requires,require,vyžaduje,vyžadovat,impf
en:cermak-zaklady_metod:0:shuff:259,cs:cermak-zaklady_metod:0:shuff:256,requires,require,vyžaduje,vyžadovat,impf
en:cermak-zaklady_metod:0:shuff:261,cs:cermak-zaklady_metod:0:shuff:257,incorporates,incorporate,zahrnuje,zahrnovat,impf
en:cermak-zaklady_metod:0:shuff:263,cs:cermak-zaklady_metod:0:shuff:259,incorporate,incorporate,zahrň,zahrnout,pf
en:cermak-zaklady_metod:0:shuff:264,cs:cermak-zaklady_metod:0:shuff:260,incorporate,incorporate,zahrň,zahrnout,pf
en:cermak-zaklady_metod:0:shuff:272,cs:cermak-zaklady_metod:0:shuff:265,sought,seek,hledali,hledat,impf
en:cermak-zaklady_metod:0:shuff:272,cs:cermak-zaklady_metod:0:shuff:265,found,find,našli,najít,pf
en:cermak-zaklady_metod:0:shuff:274,cs:cermak-zaklady_metod:0:shuff:266,considered,consider,považovat,považovat,impf
en:cermak-zaklady_metod:0:shuff:279,cs:cermak-zaklady_metod:0:shuff:271,consider,consider,považovat,považovat,impf
en:cermak-zaklady_metod:0:shuff:280,cs:cermak-zaklady_metod:0:shuff:272,used,use,užívá,užívat,impf
en:cermak-zaklady_metod:0:shuff:284,cs:cermak-zaklady_metod:0:shuff:275,concern,concern,týká,týkat,impf
en:cermak-zaklady_metod:0:shuff:288,cs:cermak-zaklady_metod:0:shuff:279,explain,explain,Vysvětluje,vysvětlovat,impf
en:cermak-zaklady_metod:0:shuff:289,cs:cermak-zaklady_metod:0:shuff:280,increase,increase,Zvyšuje,zvyšovat,impf
en:cermak-zaklady_metod:0:shuff:289,cs:cermak-zaklady_metod:0:shuff:280,deriving,derive,odvozuje,odvozovat,impf
en:cermak-zaklady_metod:0:shuff:305,cs:cermak-zaklady_metod:0:shuff:296,corresponds,correspond,koresponduje,korespondovat,impf
en:cermak-zaklady_metod:0:shuff:306,cs:cermak-zaklady_metod:0:shuff:297,distinguishes,distinguish,rozlišuje,rozlišovat,impf
en:cermak-zaklady_metod:0:shuff:309,cs:cermak-zaklady_metod:0:shuff:301,work,work,pracovat,pracovat,impf
en:cermak-zaklady_metod:0:shuff:312,cs:cermak-zaklady_metod:0:shuff:304,separated,separate,odděleny,oddělit,pf
en:cermak-zaklady_metod:0:shuff:321,cs:cermak-zaklady_metod:0:shuff:312,contain,contain,má,mít,impf
en:cermak-zaklady_metod:0:shuff:321,cs:cermak-zaklady_metod:0:shuff:312,contain,contain,obsahovat,obsahovat,impf
en:cermak-zaklady_metod:0:shuff:321,cs:cermak-zaklady_metod:0:shuff:312,represents,represent,reprezentuje,reprezentovat,impf
en:cermak-zaklady_metod:0:shuff:321,cs:cermak-zaklady_metod:0:shuff:312,share,share,sdílet,sdílet,impf
en:cermak-zaklady_metod:0:shuff:322,cs:cermak-zaklady_metod:0:shuff:313,represented,represent,reprezentovat,reprezentovat,impf
en:cermak-zaklady_metod:0:shuff:324,cs:cermak-zaklady_metod:0:shuff:315,allows,allow,umožní,umožnit,pf
en:cermak-zaklady_metod:0:shuff:330,cs:cermak-zaklady_metod:0:shuff:321,proposes,propose,navrhuje,navrhovat,impf
en:cermak-zaklady_metod:0:shuff:330,cs:cermak-zaklady_metod:0:shuff:321,accepted,accept,nepřijímá,přijímat,impf
en:cermak-zaklady_metod:0:shuff:331,cs:cermak-zaklady_metod:0:shuff:322,pointed,point,poukazuje,poukazovat,impf
en:cermak-zaklady_metod:0:shuff:332,cs:cermak-zaklady_metod:0:shuff:323,related,relate,souvisí,souviset,impf
en:cermak-zaklady_metod:0:shuff:342,cs:cermak-zaklady_metod:0:shuff:333,complementing,complement,doplňují,doplňovat,impf
en:cermak-zaklady_metod:0:shuff:342,cs:cermak-zaklady_metod:0:shuff:333,cover,cover,nepokrývá,pokrývat,impf
en:cermak-zaklady_metod:0:shuff:342,cs:cermak-zaklady_metod:0:shuff:333,does,do,dělá,dělat,impf
en:cermak-zaklady_metod:0:shuff:342,cs:cermak-zaklady_metod:0:shuff:333,done,do,dělá,dělat,impf
en:cermak-zaklady_metod:0:shuff:345,cs:cermak-zaklady_metod:0:shuff:336,given,give,dány,dát,pf
en:cermak-zaklady_metod:0:shuff:348,cs:cermak-zaklady_metod:0:shuff:339,employs,employ,užívá,užívat,impf
en:cermak-zaklady_metod:0:shuff:359,cs:cermak-zaklady_metod:0:shuff:350,initiated,initiate,začít,začít,pf
en:cermak-zaklady_metod:0:shuff:359,cs:cermak-zaklady_metod:0:shuff:350,proving,prove,prokázat,prokázat,pf
en:cermak-zaklady_metod:0:shuff:370,cs:cermak-zaklady_metod:0:shuff:361,understood,understand,rozumí,rozumět,impf
en:cermak-zaklady_metod:0:shuff:372,cs:cermak-zaklady_metod:0:shuff:362,developed,develop,rozvinula,rozvinout,pf
en:cermak-zaklady_metod:0:shuff:379,cs:cermak-zaklady_metod:0:shuff:368,transferred,transfer,přenáší,přenášet,impf
en:cermak-zaklady_metod:0:shuff:380,cs:cermak-zaklady_metod:0:shuff:369,incorporate,incorporate,zahrnují,zahrnovat,impf
en:cermak-zaklady_metod:0:shuff:392,cs:cermak-zaklady_metod:0:shuff:380,used,use,neužívá,užívat,impf
en:cermak-zaklady_metod:0:shuff:393,cs:cermak-zaklady_metod:0:shuff:381,distinguished,distinguish,odlišuje,odlišovat,impf
en:cermak-zaklady_metod:0:shuff:394,cs:cermak-zaklady_metod:0:shuff:382,distinguish,distinguish,odlišovat,odlišovat,impf
en:cermak-zaklady_metod:0:shuff:395,cs:cermak-zaklady_metod:0:shuff:383,differentiate,differentiate,rozlišovat,rozlišovat,impf
en:cermak-zaklady_metod:0:shuff:402,cs:cermak-zaklady_metod:0:shuff:391,exhausted,exhaust,nevyčerpala,vyčerpat,pf
en:cermak-zaklady_metod:0:shuff:412,cs:cermak-zaklady_metod:0:shuff:401,assume,assume,vycházejí,vycházet,impf
en:cermak-zaklady_metod:0:shuff:412,cs:cermak-zaklady_metod:0:shuff:401,permitting,permit,dovolují,dovolovat,impf
en:cermak-zaklady_metod:0:shuff:415,cs:cermak-zaklady_metod:0:shuff:404,repeated,repeat,opakovány,opakovat,impf
en:cermak-zaklady_metod:0:shuff:420,cs:cermak-zaklady_metod:0:shuff:408,derived,derive,čerpat,čerpat,impf
en:cermak-zaklady_metod:0:shuff:421,cs:cermak-zaklady_metod:0:shuff:409,considered,consider,považoval,považovat,impf
en:cermak-zaklady_metod:0:shuff:421,cs:cermak-zaklady_metod:0:shuff:409,considered,consider,považoval,považovat,impf
en:cermak-zaklady_metod:0:shuff:428,cs:cermak-zaklady_metod:0:shuff:416,arises,arise,vyskytuje,vyskytovat,impf
en:cermak-zaklady_metod:0:shuff:444,cs:cermak-zaklady_metod:0:shuff:430,quoted,quote,uvedeny,uvést,pf
en:cermak-zaklady_metod:0:shuff:455,cs:cermak-zaklady_metod:0:shuff:440,speaking,speak,řečeno,říci,pf
en:cermak-zaklady_metod:0:shuff:465,cs:cermak-zaklady_metod:0:shuff:450,using,use,užívá,užívat,impf
en:cermak-zaklady_metod:0:shuff:470,cs:cermak-zaklady_metod:0:shuff:456,depends,depend,spoléhá,spoléhat,impf
en:cermak-zaklady_metod:0:shuff:470,cs:cermak-zaklady_metod:0:shuff:456,distinguish,distinguish,lišit,lišit,impf
en:cermak-zaklady_metod:0:shuff:479,cs:cermak-zaklady_metod:0:shuff:465,contain,contain,má,mít,impf
en:cermak-zaklady_metod:0:shuff:479,cs:cermak-zaklady_metod:0:shuff:465,proven,prove,prokázán,prokázat,pf
en:cermak-zaklady_metod:0:shuff:479,cs:cermak-zaklady_metod:0:shuff:465,proven,prove,prokázán,prokázat,pf
en:cermak-zaklady_metod:0:shuff:479,cs:cermak-zaklady_metod:0:shuff:465,contain,contain,má,mít,impf
en:cermak-zaklady_metod:0:shuff:479,cs:cermak-zaklady_metod:0:shuff:465,proven,prove,prokázán,prokázat,pf
en:cermak-zaklady_metod:0:shuff:479,cs:cermak-zaklady_metod:0:shuff:465,proven,prove,prokázán,prokázat,pf
en:cermak-zaklady_metod:0:shuff:479,cs:cermak-zaklady_metod:0:shuff:465,contain,contain,obsahovat,obsahovat,impf
en:cermak-zaklady_metod:0:shuff:481,cs:cermak-zaklady_metod:0:shuff:467,used,use,užívalo,užívat,impf
en:cermak-zaklady_metod:0:shuff:491,cs:cermak-zaklady_metod:0:shuff:477,represents,represent,představuje,představovat,impf
en:cermak-zaklady_metod:0:shuff:492,cs:cermak-zaklady_metod:0:shuff:478,considered,consider,uvažovaly,uvažovat,impf
en:cermak-zaklady_metod:0:shuff:494,cs:cermak-zaklady_metod:0:shuff:480,find,find,najít,najít,pf
en:cermak-zaklady_metod:0:shuff:499,cs:cermak-zaklady_metod:0:shuff:486,developed,develop,rozvinul,rozvinout,pf
en:cermak-zaklady_metod:0:shuff:509,cs:cermak-zaklady_metod:0:shuff:497,provide,provide,umožnit,umožnit,pf
en:cermak-zaklady_metod:0:shuff:509,cs:cermak-zaklady_metod:0:shuff:497,enabling,enable,umožnit,umožnit,pf
en:cermak-zaklady_metod:0:shuff:517,cs:cermak-zaklady_metod:0:shuff:505,distinguish,distinguish,rozeznávat,rozeznávat,impf
en:cermak-zaklady_metod:0:shuff:525,cs:cermak-zaklady_metod:0:shuff:509,produce,produce,produkovat,produkovat,impf
en:cermak-zaklady_metod:0:shuff:525,cs:cermak-zaklady_metod:0:shuff:509,change,change,změnit,změnit,pf
en:cermak-zaklady_metod:0:shuff:551,cs:cermak-zaklady_metod:0:shuff:538,occurs,occur,vyskytuje,vyskytovat,impf
en:cermak-zaklady_metod:0:shuff:551,cs:cermak-zaklady_metod:0:shuff:538,occurs,occur,vyskytuje,vyskytovat,impf
en:cermak-zaklady_metod:0:shuff:560,cs:cermak-zaklady_metod:0:shuff:547,based,base,založen,založit,pf
en:cermak-zaklady_metod:0:shuff:563,cs:cermak-zaklady_metod:0:shuff:550,seen,see,považuje,považovat,impf
en:cermak-zaklady_metod:0:shuff:565,cs:cermak-zaklady_metod:0:shuff:552,used,use,užívá,užívat,impf
en:cermak-zaklady_metod:0:shuff:567,cs:cermak-zaklady_metod:0:shuff:554,achieved,achieve,dosáhnout,dosáhnout,pf
en:cermak-zaklady_metod:0:shuff:570,cs:cermak-zaklady_metod:0:shuff:556,organised,organise,zorganizovat,zorganizovat,pf
en:cermak-zaklady_metod:0:shuff:585,cs:cermak-zaklady_metod:0:shuff:570,performed,perform,provádí,provádět,impf
en:cermak-zaklady_metod:0:shuff:590,cs:cermak-zaklady_metod:0:shuff:575,recognised,recognise,uznávají,uznávat,impf
en:cermak-zaklady_metod:0:shuff:591,cs:cermak-zaklady_metod:0:shuff:576,corresponds,correspond,odpovídá,odpovídat,impf
en:cermak-zaklady_metod:0:shuff:591,cs:cermak-zaklady_metod:0:shuff:576,derived,derive,odvozuje,odvozovat,impf
en:cermak-zaklady_metod:0:shuff:594,cs:cermak-zaklady_metod:0:shuff:580,rejected,reject,zavrženy,zavrhnout,pf
en:cermak-zaklady_metod:0:shuff:598,cs:cermak-zaklady_metod:0:shuff:585,accepted,accept,přijímá,přijímat,impf
en:cermak-zaklady_metod:0:shuff:598,cs:cermak-zaklady_metod:0:shuff:585,rejected,reject,odmítají,odmítat,impf
en:cermak-zaklady_metod:0:shuff:600,cs:cermak-zaklady_metod:0:shuff:587,points,point,ukazuje,ukazovat,impf
en:cermak-zaklady_metod:0:shuff:606,cs:cermak-zaklady_metod:0:shuff:593,arising,arise,vyplývá,vyplývat,impf
en:cermak-zaklady_metod:0:shuff:608,cs:cermak-zaklady_metod:0:shuff:595,considered,consider,považovat,považovat,impf
en:cermak-zaklady_metod:0:shuff:608,cs:cermak-zaklady_metod:0:shuff:595,distinguish,distinguish,lišit,lišit,impf
en:cermak-zaklady_metod:0:shuff:609,cs:cermak-zaklady_metod:0:shuff:596,understand,understand,chápat,chápat,impf
en:cermak-zaklady_metod:0:shuff:612,cs:cermak-zaklady_metod:0:shuff:599,tested,test,testovat,testovat,impf
en:cermak-zaklady_metod:0:shuff:612,cs:cermak-zaklady_metod:0:shuff:599,confirmed,confirm,potvrdit,potvrdit,pf
en:cermak-zaklady_metod:0:shuff:616,cs:cermak-zaklady_metod:0:shuff:603,Avoid,avoid,vyhýbej,vyhýbat,impf
en:cermak-zaklady_metod:0:shuff:624,cs:cermak-zaklady_metod:0:shuff:611,replace,replace,Nahradíme,nahradit,pf
en:cermak-zaklady_metod:0:shuff:624,cs:cermak-zaklady_metod:0:shuff:611,said,say,říká,říkat,impf
en:cermak-zaklady_metod:0:shuff:626,cs:cermak-zaklady_metod:0:shuff:613,shows,show,ukazuje,ukazovat,impf
en:cermak-zaklady_metod:0:shuff:627,cs:cermak-zaklady_metod:0:shuff:614,exists,exist,existuje,existovat,impf
en:cermak-zaklady_metod:0:shuff:627,cs:cermak-zaklady_metod:0:shuff:614,exists,exist,existuje,existovat,impf
en:cermak-zaklady_metod:0:shuff:627,cs:cermak-zaklady_metod:0:shuff:614,exists,exist,Existuje,existovat,impf
en:cermak-zaklady_metod:0:shuff:627,cs:cermak-zaklady_metod:0:shuff:614,exists,exist,Existuje,existovat,impf
en:cermak-zaklady_metod:0:shuff:628,cs:cermak-zaklady_metod:0:shuff:615,determined,determine,rozhoduje,rozhodovat,impf
en:cermak-zaklady_metod:0:shuff:634,cs:cermak-zaklady_metod:0:shuff:621,overlap,overlap,překrývat,překrývat,impf
en:cermak-zaklady_metod:0:shuff:655,cs:cermak-zaklady_metod:0:shuff:643,applied,apply,uplatnit,uplatnit,pf
en:cermak-zaklady_metod:0:shuff:656,cs:cermak-zaklady_metod:0:shuff:644,said,say,říct,říci,pf
en:cermak-zaklady_metod:0:shuff:656,cs:cermak-zaklady_metod:0:shuff:644,said,say,říct,říci,pf
en:cermak-zaklady_metod:0:shuff:656,cs:cermak-zaklady_metod:0:shuff:644,said,say,říct,říci,pf
en:cermak-zaklady_metod:0:shuff:656,cs:cermak-zaklady_metod:0:shuff:644,said,say,říct,říci,pf
en:cermak-zaklady_metod:0:shuff:656,cs:cermak-zaklady_metod:0:shuff:644,said,say,říct,říci,pf
en:cermak-zaklady_metod:0:shuff:656,cs:cermak-zaklady_metod:0:shuff:644,said,say,říct,říci,pf
en:cermak-zaklady_metod:0:shuff:656,cs:cermak-zaklady_metod:0:shuff:644,said,say,říct,říci,pf
en:cermak-zaklady_metod:0:shuff:656,cs:cermak-zaklady_metod:0:shuff:644,said,say,říct,říci,pf
en:cermak-zaklady_metod:0:shuff:656,cs:cermak-zaklady_metod:0:shuff:644,said,say,říct,říci,pf
en:cermak-zaklady_metod:0:shuff:657,cs:cermak-zaklady_metod:0:shuff:645,said,say,říct,říci,pf
en:cermak-zaklady_metod:0:shuff:658,cs:cermak-zaklady_metod:0:shuff:646,seen,see,chápe,chápat,impf
en:cermak-zaklady_metod:0:shuff:659,cs:cermak-zaklady_metod:0:shuff:647,serves,serve,slouží,sloužit,impf
en:cermak-zaklady_metod:0:shuff:659,cs:cermak-zaklady_metod:0:shuff:647,function,function,slouží,sloužit,impf
en:cermak-zaklady_metod:0:shuff:659,cs:cermak-zaklady_metod:0:shuff:647,function,function,fungovat,fungovat,impf
en:cermak-zaklady_metod:0:shuff:659,cs:cermak-zaklady_metod:0:shuff:647,open,open,otvírat,otvírat,impf
en:cermak-zaklady_metod:0:shuff:660,cs:cermak-zaklady_metod:0:shuff:648,bound,bind,vázána,vázat,impf
en:cermak-zaklady_metod:0:shuff:660,cs:cermak-zaklady_metod:0:shuff:648,consider,consider,považují,považovat,impf
en:cermak-zaklady_metod:0:shuff:660,cs:cermak-zaklady_metod:0:shuff:648,investigated,investigate,zkoumat,zkoumat,impf
en:cermak-zaklady_metod:0:shuff:661,cs:cermak-zaklady_metod:0:shuff:649,incorporates,incorporate,zahrnuje,zahrnovat,impf
en:cermak-zaklady_metod:0:shuff:661,cs:cermak-zaklady_metod:0:shuff:649,occurring,occur,vyskytují,vyskytovat,impf
en:cermak-zaklady_metod:0:shuff:675,cs:cermak-zaklady_metod:0:shuff:660,criticised,criticise,kritizováno,kritizovat,impf
en:cermak-zaklady_metod:0:shuff:677,cs:cermak-zaklady_metod:0:shuff:662,maintaining,maintain,udržet,udržet,pf
en:cermak-zaklady_metod:0:shuff:679,cs:cermak-zaklady_metod:0:shuff:664,achieved,achieve,dosáhnout,dosáhnout,pf
en:cermak-zaklady_metod:0:shuff:679,cs:cermak-zaklady_metod:0:shuff:664,describe,describe,popsat,popsat,pf
en:cermak-zaklady_metod:0:shuff:682,cs:cermak-zaklady_metod:0:shuff:667,exist,exist,existují,existovat,impf
en:cermak-zaklady_metod:0:shuff:682,cs:cermak-zaklady_metod:0:shuff:667,explain,explain,vysvětlit,vysvětlit,pf
en:cermak-zaklady_metod:0:shuff:684,cs:cermak-zaklady_metod:0:shuff:669,distinguished,distinguish,liší,lišit,impf
en:cermak-zaklady_metod:0:shuff:686,cs:cermak-zaklady_metod:0:shuff:671,ascribe,ascribe,připisovat,připisovat,impf
en:cermak-zaklady_metod:0:shuff:686,cs:cermak-zaklady_metod:0:shuff:671,achieved,achieve,získat,získat,pf
en:cermak-zaklady_metod:0:shuff:687,cs:cermak-zaklady_metod:0:shuff:672,distinguishes,distinguish,liší,lišit,impf
en:cermak-zaklady_metod:0:shuff:687,cs:cermak-zaklady_metod:0:shuff:672,exist,exist,existují,existovat,impf
en:cermak-zaklady_metod:0:shuff:704,cs:cermak-zaklady_metod:0:shuff:688,reflect,reflect,odrážejí,odrážet,impf
en:cermak-zaklady_metod:0:shuff:707,cs:cermak-zaklady_metod:0:shuff:692,considered,consider,uvažovat,uvažovat,impf
en:cermak-zaklady_metod:0:shuff:714,cs:cermak-zaklady_metod:0:shuff:699,understood,understand,rozumí,rozumět,impf
en:cermak-zaklady_metod:0:shuff:721,cs:cermak-zaklady_metod:0:shuff:706,overlap,overlap,překrývat,překrývat,impf
en:cermak-zaklady_metod:0:shuff:740,cs:cermak-zaklady_metod:0:shuff:725,distinguished,distinguish,liší,lišit,impf
en:cermak-zaklady_metod:0:shuff:744,cs:cermak-zaklady_metod:0:shuff:728,performed,perform,provádí,provádět,impf
en:cermak-zaklady_metod:0:shuff:754,cs:cermak-zaklady_metod:0:shuff:737,overlap,overlap,překrývá,překrývat,impf
en:cermak-zaklady_metod:0:shuff:763,cs:cermak-zaklady_metod:0:shuff:746,distinguished,distinguish,odlišit,odlišit,pf
en:cermak-zaklady_metod:0:shuff:767,cs:cermak-zaklady_metod:0:shuff:750,rejecting,reject,odmítá,odmítat,impf
en:cermak-zaklady_metod:0:shuff:767,cs:cermak-zaklady_metod:0:shuff:750,rejects,reject,odmítá,odmítat,impf
en:cermak-zaklady_metod:0:shuff:769,cs:cermak-zaklady_metod:0:shuff:752,correspond,correspond,odpovídat,odpovídat,impf
en:cermak-zaklady_metod:0:shuff:779,cs:cermak-zaklady_metod:0:shuff:762,mirrored,mirror,zrcadlen,zrcadlit,impf
en:cermak-zaklady_metod:0:shuff:783,cs:cermak-zaklady_metod:0:shuff:766,perceived,perceive,chápou,chápat,impf
en:cermak-zaklady_metod:0:shuff:788,cs:cermak-zaklady_metod:0:shuff:771,see,see,vidí,vidět,impf
en:cermak-zaklady_metod:0:shuff:791,cs:cermak-zaklady_metod:0:shuff:775,depends,depend,záleží,záležet,impf
en:cermak-zaklady_metod:0:shuff:791,cs:cermak-zaklady_metod:0:shuff:775,use,use,užijeme,užít,pf
en:cermak-zaklady_metod:0:shuff:792,cs:cermak-zaklady_metod:0:shuff:776,used,use,užívá,užívat,impf
en:cermak-zaklady_metod:0:shuff:797,cs:cermak-zaklady_metod:0:shuff:781,distinguish,distinguish,rozlišit,rozlišit,pf
en:cermak-zaklady_metod:0:shuff:805,cs:cermak-zaklady_metod:0:shuff:789,taken,take,chápe,chápat,impf
en:cermak-zaklady_metod:0:shuff:805,cs:cermak-zaklady_metod:0:shuff:789,divided,divide,dělí,dělit,impf
en:cermak-zaklady_metod:0:shuff:808,cs:cermak-zaklady_metod:0:shuff:792,presupposed,presuppose,Předpokládá,předpokládat,impf
en:cermak-zaklady_metod:0:shuff:812,cs:cermak-zaklady_metod:0:shuff:796,counted,count,počítat,počítat,impf
en:cermak-zaklady_metod:0:shuff:812,cs:cermak-zaklady_metod:0:shuff:796,measured,measure,měřit,měřit,impf
en:cermak-zaklady_metod:0:shuff:820,cs:cermak-zaklady_metod:0:shuff:804,sought,seek,snaží,snažit,impf
en:cermak-zaklady_metod:0:shuff:820,cs:cermak-zaklady_metod:0:shuff:804,transferring,transfer,přenáší,přenášet,impf
en:cermak-zaklady_metod:0:shuff:820,cs:cermak-zaklady_metod:0:shuff:804,transferring,transfer,přenáší,přenášet,impf
en:cermak-zaklady_metod:0:shuff:833,cs:cermak-zaklady_metod:0:shuff:815,distinguish,distinguish,odlišit,odlišit,pf
en:cermak-zaklady_metod:0:shuff:833,cs:cermak-zaklady_metod:0:shuff:815,concerning,concern,týká,týkat,impf
en:cermak-zaklady_metod:0:shuff:845,cs:cermak-zaklady_metod:0:shuff:828,overlap,overlap,překrývají,překrývat,impf
en:cermak-zaklady_metod:0:shuff:845,cs:cermak-zaklady_metod:0:shuff:828,repeated,repeat,opakují,opakovat,impf
en:cermak-zaklady_metod:0:shuff:849,cs:cermak-zaklady_metod:0:shuff:832,found,find,považovat,považovat,impf
en:cermak-zaklady_metod:0:shuff:852,cs:cermak-zaklady_metod:0:shuff:834,depends,depend,závisí,záviset,impf
en:cermak-zaklady_metod:0:shuff:857,cs:cermak-zaklady_metod:0:shuff:837,ask,ask,ptáme,ptát,impf
en:cermak-zaklady_metod:0:shuff:857,cs:cermak-zaklady_metod:0:shuff:837,say,say,říkáme,říkat,impf
en:cermak-zaklady_metod:0:shuff:858,cs:cermak-zaklady_metod:0:shuff:838,accompanies,accompany,doprovází,doprovázet,impf
en:cermak-zaklady_metod:0:shuff:860,cs:cermak-zaklady_metod:0:shuff:840,used,use,použita,použít,pf
en:cermak-zaklady_metod:0:shuff:862,cs:cermak-zaklady_metod:0:shuff:842,indicates,indicate,naznačuje,naznačovat,impf
en:cermak-zaklady_metod:0:shuff:863,cs:cermak-zaklady_metod:0:shuff:843,speak,speak,mluvit,mluvit,impf
en:cermak-zaklady_metod:0:shuff:864,cs:cermak-zaklady_metod:0:shuff:844,arise,arise,vzniknout,vzniknout,pf
en:cermak-zaklady_metod:0:shuff:864,cs:cermak-zaklady_metod:0:shuff:844,created,create,vytvoří,vytvořit,pf
en:cermak-zaklady_metod:0:shuff:867,cs:cermak-zaklady_metod:0:shuff:847,applies,apply,Užívá,užívat,impf
en:cermak-zaklady_metod:0:shuff:867,cs:cermak-zaklady_metod:0:shuff:847,replaced,replace,nahrazuje,nahrazovat,impf
en:cermak-zaklady_metod:0:shuff:870,cs:cermak-zaklady_metod:0:shuff:850,considered,consider,uvažují,uvažovat,impf
en:cermak-zaklady_metod:0:shuff:881,cs:cermak-zaklady_metod:0:shuff:862,comprises,comprise,obsahuje,obsahovat,impf
en:cermak-zaklady_metod:0:shuff:881,cs:cermak-zaklady_metod:0:shuff:862,comprises,comprise,obsahuje,obsahovat,impf
en:cermak-zaklady_metod:0:shuff:883,cs:cermak-zaklady_metod:0:shuff:864,satisfied,satisfy,splněna,splnit,pf
en:cermak-zaklady_metod:0:shuff:897,cs:cermak-zaklady_metod:0:shuff:879,solved,solve,řešit,řešit,impf
en:cermak-zaklady_metod:0:shuff:903,cs:cermak-zaklady_metod:0:shuff:886,define,define,určit,určit,pf
en:cermak-zaklady_metod:0:shuff:903,cs:cermak-zaklady_metod:0:shuff:886,given,give,dává,dávat,impf
en:cermak-zaklady_metod:0:shuff:903,cs:cermak-zaklady_metod:0:shuff:886,used,use,užívají,užívat,impf
en:cermak-zaklady_metod:0:shuff:904,cs:cermak-zaklady_metod:0:shuff:887,ensure,ensure,zaručit,zaručit,pf
en:cermak-zaklady_metod:0:shuff:905,cs:cermak-zaklady_metod:0:shuff:888,included,include,zahrnuty,zahrnout,pf
en:cermak-zaklady_metod:0:shuff:908,cs:cermak-zaklady_metod:0:shuff:892,represent,represent,zastupují,zastupovat,impf
en:cermak-zaklady_metod:0:shuff:909,cs:cermak-zaklady_metod:0:shuff:893,considering,consider,považují,považovat,impf
en:cermak-zaklady_metod:0:shuff:927,cs:cermak-zaklady_metod:0:shuff:910,work,work,pracují,pracovat,impf
en:cermak-zaklady_metod:0:shuff:927,cs:cermak-zaklady_metod:0:shuff:910,work,work,pracují,pracovat,impf
en:cermak-zaklady_metod:0:shuff:941,cs:cermak-zaklady_metod:0:shuff:925,coined,coin,razí,razit,impf
en:cermak-zaklady_metod:0:shuff:950,cs:cermak-zaklady_metod:0:shuff:930,study,study,prostudovat,prostudovat,pf
en:cermak-zaklady_metod:0:shuff:951,cs:cermak-zaklady_metod:0:shuff:931,investigates,investigate,zkoumá,zkoumat,impf
en:cermak-zaklady_metod:0:shuff:951,cs:cermak-zaklady_metod:0:shuff:931,takes,take,přinést,přinést,pf
en:cermak-zaklady_metod:0:shuff:953,cs:cermak-zaklady_metod:0:shuff:936,exist,exist,existovat,existovat,impf
en:cermak-zaklady_metod:0:shuff:953,cs:cermak-zaklady_metod:0:shuff:936,speaking,speak,mluvit,mluvit,impf
en:cermak-zaklady_metod:0:shuff:953,cs:cermak-zaklady_metod:0:shuff:936,turned,turn,obrátil,obrátit,pf
en:cermak-zaklady_metod:0:shuff:954,cs:cermak-zaklady_metod:0:shuff:937,responding,respond,neodpovídají,odpovídat,impf
en:cermak-zaklady_metod:0:shuff:954,cs:cermak-zaklady_metod:0:shuff:937,acquired,acquire,získává,získávat,impf
en:cermak-zaklady_metod:0:shuff:954,cs:cermak-zaklady_metod:0:shuff:937,used,use,užívá,užívat,impf
en:cermak-zaklady_metod:0:shuff:974,cs:cermak-zaklady_metod:0:shuff:959,bring,bring,nepřináší,přinášet,impf
en:cermak-zaklady_metod:0:shuff:974,cs:cermak-zaklady_metod:0:shuff:959,used,use,užívá,užívat,impf
en:cermak-zaklady_metod:0:shuff:982,cs:cermak-zaklady_metod:0:shuff:967,created,create,vytvořil,vytvořit,pf
en:cermak-zaklady_metod:0:shuff:982,cs:cermak-zaklady_metod:0:shuff:967,predominates,predominate,převládá,převládat,impf
en:cermak-zaklady_metod:0:shuff:983,cs:cermak-zaklady_metod:0:shuff:968,termed,term,nazvat,nazvat,pf
en:cermak-zaklady_metod:0:shuff:983,cs:cermak-zaklady_metod:0:shuff:968,determined,determine,určovány,určovat,impf
en:cermak-zaklady_metod:0:shuff:983,cs:cermak-zaklady_metod:0:shuff:968,acquire,acquire,nabývají,nabývat,impf
en:cermak-zaklady_metod:0:shuff:987,cs:cermak-zaklady_metod:0:shuff:973,applied,apply,užívá,užívat,impf
en:cermak-zaklady_metod:0:shuff:991,cs:cermak-zaklady_metod:0:shuff:977,reflect,reflect,odrážet,odrážet,impf
en:cermak-zaklady_metod:0:shuff:1000,cs:cermak-zaklady_metod:0:shuff:986,relates,relate,souvisí,souviset,impf
en:cermak-zaklady_metod:0:shuff:1001,cs:cermak-zaklady_metod:0:shuff:987,believed,believe,domnívali,domnívat,impf
en:cermak-zaklady_metod:0:shuff:1001,cs:cermak-zaklady_metod:0:shuff:987,mirrored,mirror,zrcadlí,zrcadlit,impf
en:cermak-zaklady_metod:0:shuff:1004,cs:cermak-zaklady_metod:0:shuff:990,used,use,užít,užít,pf
en:cermak-zaklady_metod:0:shuff:1011,cs:cermak-zaklady_metod:0:shuff:997,prove,prove,prokázat,prokázat,pf
en:cermak-zaklady_metod:0:shuff:1020,cs:cermak-zaklady_metod:0:shuff:1005,transferred,transfer,přenáší,přenášet,impf
en:cermak-zaklady_metod:0:shuff:1020,cs:cermak-zaklady_metod:0:shuff:1005,altered,alter,mění,měnit,impf
en:cermak-zaklady_metod:0:shuff:1021,cs:cermak-zaklady_metod:0:shuff:1006,indicated,indicate,naznačují,naznačovat,impf
en:cermak-zaklady_metod:0:shuff:1027,cs:cermak-zaklady_metod:0:shuff:1014,maintained,maintain,udržovat,udržovat,impf
en:cermak-zaklady_metod:0:shuff:1036,cs:cermak-zaklady_metod:0:shuff:1024,measured,measure,měří,měřit,impf
en:cermak-zaklady_metod:0:shuff:1037,cs:cermak-zaklady_metod:0:shuff:1025,demands,demand,vyžaduje,vyžadovat,impf
en:cermak-zaklady_metod:0:shuff:1038,cs:cermak-zaklady_metod:0:shuff:1026,speak,speak,mluvit,mluvit,impf
en:cermak-zaklady_metod:0:shuff:1038,cs:cermak-zaklady_metod:0:shuff:1026,talked,talk,mluvit,mluvit,impf
en:cermak-zaklady_metod:0:shuff:1038,cs:cermak-zaklady_metod:0:shuff:1026,distinguished,distinguish,rozlišil,rozlišit,pf
en:cermak-zaklady_metod:0:shuff:1043,cs:cermak-zaklady_metod:0:shuff:1032,meant,mean,míní,mínit,impf
en:cermak-zaklady_metod:0:shuff:1044,cs:cermak-zaklady_metod:0:shuff:1033,speak,speak,mluvit,mluvit,impf
en:cermak-zaklady_metod:0:shuff:1052,cs:cermak-zaklady_metod:0:shuff:1041,found,find,zjištěn,zjistit,pf
en:cermak-zaklady_metod:0:shuff:1053,cs:cermak-zaklady_metod:0:shuff:1042,distinguish,distinguish,odlišit,odlišit,pf
en:cermak-zaklady_metod:0:shuff:1080,cs:cermak-zaklady_metod:0:shuff:1068,Repeat,repeat,zopakuj,zopakovat,pf
en:cermak-zaklady_metod:0:shuff:1080,cs:cermak-zaklady_metod:0:shuff:1068,try,try,vyzkoušej,vyzkoušet,pf
en:cermak-zaklady_metod:0:shuff:1086,cs:cermak-zaklady_metod:0:shuff:1072,given,give,věnuje,věnovat,impf
en:cermak-zaklady_metod:0:shuff:1086,cs:cermak-zaklady_metod:0:shuff:1072,gives,give,věnuje,věnovat,impf
en:cermak-zaklady_metod:0:shuff:1086,cs:cermak-zaklady_metod:0:shuff:1072,express,express,vyjadřuje,vyjadřovat,impf
en:cermak-zaklady_metod:0:shuff:1087,cs:cermak-zaklady_metod:0:shuff:1073,discovering,discover,zjistíme,zjistit,pf
en:cermak-zaklady_metod:0:shuff:1096,cs:cermak-zaklady_metod:0:shuff:1083,sought,seek,hledá,hledat,impf
en:cermak-zaklady_metod:0:shuff:1101,cs:cermak-zaklady_metod:0:shuff:1089,verify,verify,ověřit,ověřit,pf
en:cermak-zaklady_metod:0:shuff:1102,cs:cermak-zaklady_metod:0:shuff:1090,consists,consist,Spočívá,spočívat,impf
en:cermak-zaklady_metod:0:shuff:1107,cs:cermak-zaklady_metod:0:shuff:1095,counts,count,platí,platit,impf
en:cermak-zaklady_metod:0:shuff:1116,cs:cermak-zaklady_metod:0:shuff:1104,respected,respect,respektovat,respektovat,impf
en:cermak-zaklady_metod:0:shuff:1118,cs:cermak-zaklady_metod:0:shuff:1106,distinguished,distinguish,lišit,lišit,impf
en:cermak-zaklady_metod:0:shuff:1120,cs:cermak-zaklady_metod:0:shuff:1108,remain,remain,zůstat,zůstat,pf
en:cermak-zaklady_metod:0:shuff:1120,cs:cermak-zaklady_metod:0:shuff:1108,remain,remain,zůstávají,zůstávat,impf
en:cermak-zaklady_metod:0:shuff:1125,cs:cermak-zaklady_metod:0:shuff:1113,related,relate,vztahuje,vztahovat,impf
en:cermak-zaklady_metod:0:shuff:1129,cs:cermak-zaklady_metod:0:shuff:1117,offer,offer,nabídnout,nabídnout,pf
en:cermak-zaklady_metod:0:shuff:1132,cs:cermak-zaklady_metod:0:shuff:1120,represents,represent,představuje,představovat,impf
en:cermak-zaklady_metod:0:shuff:1133,cs:cermak-zaklady_metod:0:shuff:1121,rejected,reject,odmítána,odmítat,impf
en:cermak-zaklady_metod:0:shuff:1136,cs:cermak-zaklady_metod:0:shuff:1125,say,say,říct,říci,pf
en:cermak-zaklady_metod:0:shuff:1136,cs:cermak-zaklady_metod:0:shuff:1125,uttering,utter,říct,říci,pf
en:cermak-zaklady_metod:0:shuff:1136,cs:cermak-zaklady_metod:0:shuff:1125,understand,understand,rozumět,rozumět,impf
en:cermak-zaklady_metod:0:shuff:1137,cs:cermak-zaklady_metod:0:shuff:1126,understand,understand,rozumí,rozumět,impf
en:cermak-zaklady_metod:0:shuff:1137,cs:cermak-zaklady_metod:0:shuff:1126,heard,hear,neslyšel,slyšet,impf
en:cermak-zaklady_metod:0:shuff:1138,cs:cermak-zaklady_metod:0:shuff:1127,indicates,indicate,ukazuje,ukazovat,impf
en:cermak-zaklady_metod:0:shuff:1151,cs:cermak-zaklady_metod:0:shuff:1140,introduced,introduce,uvádí,uvádět,impf
en:cermak-zaklady_metod:0:shuff:1151,cs:cermak-zaklady_metod:0:shuff:1140,saw,see,vidí,vidět,impf
en:cermak-zaklady_metod:0:shuff:1153,cs:cermak-zaklady_metod:0:shuff:1142,returns,return,vrací,vracet,impf
en:cermak-zaklady_metod:0:shuff:1153,cs:cermak-zaklady_metod:0:shuff:1142,mirrored,mirror,zrcadlí,zrcadlit,impf
en:cermak-zaklady_metod:0:shuff:1153,cs:cermak-zaklady_metod:0:shuff:1142,distinguishes,distinguish,rozlišuje,rozlišovat,impf
en:cermak-zaklady_metod:0:shuff:1157,cs:cermak-zaklady_metod:0:shuff:1147,considered,consider,považuje,považovat,impf
en:cermak-zaklady_metod:0:shuff:1160,cs:cermak-zaklady_metod:0:shuff:1150,selected,select,volí,volit,impf
en:cermak-zaklady_metod:0:shuff:1163,cs:cermak-zaklady_metod:0:shuff:1153,plays,play,hraje,hrát,impf
en:cermak-zaklady_metod:0:shuff:1166,cs:cermak-zaklady_metod:0:shuff:1156,understood,understand,vnímán,vnímat,impf
en:cermak-zaklady_metod:0:shuff:1166,cs:cermak-zaklady_metod:0:shuff:1156,remembered,remember,pamatován,pamatovat,impf
en:cermak-zaklady_metod:0:shuff:1166,cs:cermak-zaklady_metod:0:shuff:1156,remember,remember,pamatován,pamatovat,impf
en:cermak-zaklady_metod:0:shuff:1166,cs:cermak-zaklady_metod:0:shuff:1156,created,create,vytvořit,vytvořit,pf
en:cermak-zaklady_metod:0:shuff:1166,cs:cermak-zaklady_metod:0:shuff:1156,making,make,vytvořit,vytvořit,pf
en:cermak-zaklady_metod:0:shuff:1166,cs:cermak-zaklady_metod:0:shuff:1156,distinguish,distinguish,lišily,lišit,impf
en:cermak-zaklady_metod:0:shuff:1179,cs:cermak-zaklady_metod:0:shuff:1169,relates,relate,týká,týkat,impf
en:cermak-zaklady_metod:0:shuff:1184,cs:cermak-zaklady_metod:0:shuff:1175,fits,fit,nevyhovuje,vyhovovat,impf
en:cermak-zaklady_metod:0:shuff:1192,cs:cermak-zaklady_metod:0:shuff:1183,distinguished,distinguish,lišit,lišit,impf
en:cermak-zaklady_metod:0:shuff:1202,cs:cermak-zaklady_metod:0:shuff:1192,reverse,reverse,převrať,převrátit,pf
en:cermak-zaklady_metod:0:shuff:1205,cs:cermak-zaklady_metod:0:shuff:1195,offer,offer,Nabízí,nabízet,impf
en:cermak-zaklady_metod:0:shuff:1207,cs:cermak-zaklady_metod:0:shuff:1197,applied,apply,užívá,užívat,impf
en:cermak-zaklady_metod:0:shuff:1207,cs:cermak-zaklady_metod:0:shuff:1197,work,work,pracovat,pracovat,impf
en:cermak-zaklady_metod:0:shuff:1208,cs:cermak-zaklady_metod:0:shuff:1198,distinguished,distinguish,odlišit,odlišit,pf
en:cermak-zaklady_metod:0:shuff:1210,cs:cermak-zaklady_metod:0:shuff:1200,follows,follow,vyplývá,vyplývat,impf
en:cermak-zaklady_metod:0:shuff:1210,cs:cermak-zaklady_metod:0:shuff:1200,contains,contain,nemá,mít,impf
en:cermak-zaklady_metod:0:shuff:1211,cs:cermak-zaklady_metod:0:shuff:1201,verified,verify,ověřit,ověřit,pf
en:cermak-zaklady_metod:0:shuff:1212,cs:cermak-zaklady_metod:0:shuff:1202,overlap,overlap,překrývají,překrývat,impf
en:cermak-zaklady_metod:0:shuff:1212,cs:cermak-zaklady_metod:0:shuff:1202,overlap,overlap,překrývají,překrývat,impf
en:cermak-zaklady_metod:0:shuff:1212,cs:cermak-zaklady_metod:0:shuff:1202,consider,consider,uvažujeme,uvažovat,impf
en:cermak-zaklady_metod:0:shuff:1214,cs:cermak-zaklady_metod:0:shuff:1204,work,work,pracovat,pracovat,impf
en:cermak-zaklady_metod:0:shuff:1214,cs:cermak-zaklady_metod:0:shuff:1204,work,work,nezabývá,zabývat,impf
en:cermak-zaklady_metod:0:shuff:1214,cs:cermak-zaklady_metod:0:shuff:1204,concern,concern,nezabývá,zabývat,impf
en:cermak-zaklady_metod:0:shuff:1214,cs:cermak-zaklady_metod:0:shuff:1204,assumes,assume,předpokládá,předpokládat,impf
en:cermak-zaklady_metod:0:shuff:1219,cs:cermak-zaklady_metod:0:shuff:1209,draw,draw,vyvodit,vyvodit,pf
en:cermak-zaklady_metod:0:shuff:1219,cs:cermak-zaklady_metod:0:shuff:1209,deduce,deduce,vyvodit,vyvodit,pf
en:cermak-zaklady_metod:0:shuff:1220,cs:cermak-zaklady_metod:0:shuff:1210,expressed,express,vyjádřena,vyjádřit,pf
en:cermak-zaklady_metod:0:shuff:1222,cs:cermak-zaklady_metod:0:shuff:1211,considered,consider,uvažovalo,uvažovat,impf
en:cermak-zaklady_metod:0:shuff:1229,cs:cermak-zaklady_metod:0:shuff:1218,used,use,užívá,užívat,impf
en:cermak-zaklady_metod:0:shuff:1229,cs:cermak-zaklady_metod:0:shuff:1218,uses,use,užívá,užívat,impf
en:cermak-zaklady_metod:0:shuff:1229,cs:cermak-zaklady_metod:0:shuff:1218,applies,apply,užívá,užívat,impf
en:cermak-zaklady_metod:0:shuff:1229,cs:cermak-zaklady_metod:0:shuff:1218,mean,mean,míní,mínit,impf
en:cermak-zaklady_metod:0:shuff:1229,cs:cermak-zaklady_metod:0:shuff:1218,meant,mean,míní,mínit,impf
en:cermak-zaklady_metod:0:shuff:1230,cs:cermak-zaklady_metod:0:shuff:1219,offer,offer,nabídne,nabídnout,pf
en:cermak-zaklady_metod:0:shuff:1231,cs:cermak-zaklady_metod:0:shuff:1220,demonstrate,demonstrate,ukázat,ukázat,pf
en:cermak-zaklady_metod:0:shuff:1231,cs:cermak-zaklady_metod:0:shuff:1220,exists,exist,neexistuje,existovat,impf
en:cermak-zaklady_metod:0:shuff:1232,cs:cermak-zaklady_metod:0:shuff:1221,named,name,nazývá,nazývat,impf
en:cermak-zaklady_metod:0:shuff:1232,cs:cermak-zaklady_metod:0:shuff:1221,named,name,nazývá,nazývat,impf
en:cermak-zaklady_metod:0:shuff:1235,cs:cermak-zaklady_metod:0:shuff:1224,understood,understand,chápat,chápat,impf
en:cermak-zaklady_metod:0:shuff:1236,cs:cermak-zaklady_metod:0:shuff:1225,talking,talk,mluvit,mluvit,impf
en:cermak-zaklady_metod:0:shuff:1241,cs:cermak-zaklady_metod:0:shuff:1229,consider,consider,uvažovat,uvažovat,impf
en:cermak-zaklady_metod:0:shuff:1244,cs:cermak-zaklady_metod:0:shuff:1232,traced,trace,sleduje,sledovat,impf
en:cermak-zaklady_metod:0:shuff:1245,cs:cermak-zaklady_metod:0:shuff:1233,considered,consider,uvažují,uvažovat,impf
en:cermak-zaklady_metod:0:shuff:1260,cs:cermak-zaklady_metod:0:shuff:1247,assumed,assume,předpokládá,předpokládat,impf
en:cermak-zaklady_metod:0:shuff:1268,cs:cermak-zaklady_metod:0:shuff:1253,divided,divide,dělí,dělit,impf
en:cermak-zaklady_metod:0:shuff:1274,cs:cermak-zaklady_metod:0:shuff:1259,termed,term,nazývat,nazývat,impf
en:cermak-zaklady_metod:0:shuff:1284,cs:cermak-zaklady_metod:0:shuff:1270,exist,exist,neexistuje,existovat,impf
en:cermak-zaklady_metod:0:shuff:1289,cs:cermak-zaklady_metod:0:shuff:1273,explained,explain,vysvětluje,vysvětlovat,impf
en:cermak-zaklady_metod:0:shuff:1295,cs:cermak-zaklady_metod:0:shuff:1279,does,do,jít,jít,impf
en:cermak-zaklady_metod:0:shuff:1301,cs:cermak-zaklady_metod:0:shuff:1285,does,do,funguje,fungovat,impf
en:cermak-zaklady_metod:0:shuff:1301,cs:cermak-zaklady_metod:0:shuff:1285,work,work,funguje,fungovat,impf
en:cermak-zaklady_metod:0:shuff:1303,cs:cermak-zaklady_metod:0:shuff:1287,come,come,pochází,pocházet,impf
en:cermak-zaklady_metod:0:shuff:1317,cs:cermak-zaklady_metod:0:shuff:1303,preceded,precede,předcházet,předcházet,impf
en:cermak-zaklady_metod:0:shuff:1330,cs:cermak-zaklady_metod:0:shuff:1317,determined,determine,určuje,určovat,impf
en:cermak-zaklady_metod:0:shuff:1334,cs:cermak-zaklady_metod:0:shuff:1321,create,create,vytváříme,vytvářet,impf
en:cermak-zaklady_metod:0:shuff:1340,cs:cermak-zaklady_metod:0:shuff:1326,analysed,analyse,analyzováno,analyzovat,impf
en:cermak-zaklady_metod:0:shuff:1347,cs:cermak-zaklady_metod:0:shuff:1333,maintain,maintain,udržet,udržet,pf
en:cermak-zaklady_metod:0:shuff:1347,cs:cermak-zaklady_metod:0:shuff:1333,studied,study,zkoumá,zkoumat,impf
en:cermak-zaklady_metod:0:shuff:1347,cs:cermak-zaklady_metod:0:shuff:1333,prevent,prevent,zabránit,zabránit,pf
en:cermak-zaklady_metod:0:shuff:1347,cs:cermak-zaklady_metod:0:shuff:1333,studied,study,studovat,studovat,impf
en:cermak-zaklady_metod:0:shuff:1351,cs:cermak-zaklady_metod:0:shuff:1336,lead,lead,zaveď,zavést,pf
en:cermak-zaklady_metod:0:shuff:1351,cs:cermak-zaklady_metod:0:shuff:1336,lead,lead,vést,vést,impf
en:cermak-zaklady_metod:0:shuff:1353,cs:cermak-zaklady_metod:0:shuff:1339,approached,approach,přistupuje,přistupovat,impf
en:cermak-zaklady_metod:0:shuff:1358,cs:cermak-zaklady_metod:0:shuff:1344,began,begin,začal,začít,pf
en:cermak-zaklady_metod:0:shuff:1358,cs:cermak-zaklady_metod:0:shuff:1344,used,use,užívat,užívat,impf
en:cermak-zaklady_metod:0:shuff:1359,cs:cermak-zaklady_metod:0:shuff:1345,testing,test,testovat,testovat,impf
en:cermak-zaklady_metod:0:shuff:1359,cs:cermak-zaklady_metod:0:shuff:1345,discovering,discover,objevovat,objevovat,impf
en:cermak-zaklady_metod:0:shuff:1359,cs:cermak-zaklady_metod:0:shuff:1345,correcting,correct,opravovat,opravovat,impf
en:cermak-zaklady_metod:0:shuff:1360,cs:cermak-zaklady_metod:0:shuff:1346,bringing,bring,přivádí,přivádět,impf
en:cermak-zaklady_metod:0:shuff:1360,cs:cermak-zaklady_metod:0:shuff:1346,bringing,bring,přináší,přinášet,impf
en:cermak-zaklady_metod:0:shuff:1369,cs:cermak-zaklady_metod:0:shuff:1355,understood,understand,chápat,chápat,impf
en:cermak-zaklady_metod:0:shuff:1375,cs:cermak-zaklady_metod:0:shuff:1362,applying,apply,užívá,užívat,impf
en:cermak-zaklady_metod:0:shuff:1375,cs:cermak-zaklady_metod:0:shuff:1362,used,use,užívá,užívat,impf
en:cermak-zaklady_metod:0:shuff:1375,cs:cermak-zaklady_metod:0:shuff:1362,grows,grow,roste,růst,impf
en:cermak-zaklady_metod:0:shuff:1391,cs:cermak-zaklady_metod:0:shuff:1380,distinguish,distinguish,lišit,lišit,impf
en:cermak-zaklady_metod:0:shuff:1402,cs:cermak-zaklady_metod:0:shuff:1390,rejected,reject,zavržen,zavrhnout,pf
en:cermak-zaklady_metod:0:shuff:1402,cs:cermak-zaklady_metod:0:shuff:1390,classified,classify,zařadit,zařadit,pf
en:cermak-zaklady_metod:0:shuff:1402,cs:cermak-zaklady_metod:0:shuff:1390,assessed,assess,posoudit,posoudit,pf
en:cermak-zaklady_metod:0:shuff:1404,cs:cermak-zaklady_metod:0:shuff:1392,considered,consider,uvažují,uvažovat,impf
en:cermak-zaklady_metod:0:shuff:1405,cs:cermak-zaklady_metod:0:shuff:1393,reject,reject,odmítají,odmítat,impf
en:cermak-zaklady_metod:0:shuff:1413,cs:cermak-zaklady_metod:0:shuff:1402,play,play,nehrají,hrát,impf
