en:chandler-muz_rad_psy:0:shuff:1,cs:chandler-muz_rad_psy:0:shuff:1,want,want,chci,chtít,impf
en:chandler-muz_rad_psy:0:shuff:4,cs:chandler-muz_rad_psy:0:shuff:4,said,say,řekl,říci,pf
en:chandler-muz_rad_psy:0:shuff:14,cs:chandler-muz_rad_psy:0:shuff:14,caught,catch,Zachytil,zachytit,pf
en:chandler-muz_rad_psy:0:shuff:15,cs:chandler-muz_rad_psy:0:shuff:15,went,go,Šel,jít,impf
en:chandler-muz_rad_psy:0:shuff:16,cs:chandler-muz_rad_psy:0:shuff:16,wait,wait,Nečekali,čekat,impf
en:chandler-muz_rad_psy:0:shuff:18,cs:chandler-muz_rad_psy:0:shuff:18,opened,open,otevřely,otevřít,pf
en:chandler-muz_rad_psy:0:shuff:23,cs:chandler-muz_rad_psy:0:shuff:23,hit,hit,udeřilo,udeřit,pf
en:chandler-muz_rad_psy:0:shuff:25,cs:chandler-muz_rad_psy:0:shuff:25,shot,shoot,Zastřelil,zastřelit,pf
en:chandler-muz_rad_psy:0:shuff:26,cs:chandler-muz_rad_psy:0:shuff:26,saw,see,spatřil,spatřit,pf
en:chandler-muz_rad_psy:0:shuff:29,cs:chandler-muz_rad_psy:0:shuff:29,seeing,see,sledovat,sledovat,impf
en:chandler-muz_rad_psy:0:shuff:30,cs:chandler-muz_rad_psy:0:shuff:30,turned,turn,obrátil,obrátit,pf
en:chandler-muz_rad_psy:0:shuff:30,cs:chandler-muz_rad_psy:0:shuff:30,turned,turn,obrátil,obrátit,pf
en:chandler-muz_rad_psy:0:shuff:32,cs:chandler-muz_rad_psy:0:shuff:32,knocking,knock,vyrazit,vyrazit,pf
en:chandler-muz_rad_psy:0:shuff:33,cs:chandler-muz_rad_psy:0:shuff:33,shut,shut,zavřel,zavřít,pf
en:chandler-muz_rad_psy:0:shuff:33,cs:chandler-muz_rad_psy:0:shuff:33,reached,reach,sáhl,sáhnout,pf
en:chandler-muz_rad_psy:0:shuff:36,cs:chandler-muz_rad_psy:0:shuff:35,want,want,chceš,chtít,impf
en:chandler-muz_rad_psy:0:shuff:37,cs:chandler-muz_rad_psy:0:shuff:36,showed,show,Ukázal,ukázat,pf
en:chandler-muz_rad_psy:0:shuff:41,cs:chandler-muz_rad_psy:0:shuff:41,said,say,odpověděl,odpovědět,pf
en:chandler-muz_rad_psy:0:shuff:44,cs:chandler-muz_rad_psy:0:shuff:44,dived,dive,Ponořil,ponořit,pf
en:chandler-muz_rad_psy:0:shuff:44,cs:chandler-muz_rad_psy:0:shuff:44,dropped,drop,padal,padat,impf
en:chandler-muz_rad_psy:0:shuff:44,cs:chandler-muz_rad_psy:0:shuff:44,dropped,drop,padal,padat,impf
en:chandler-muz_rad_psy:0:shuff:44,cs:chandler-muz_rad_psy:0:shuff:44,dropped,drop,padal,padat,impf
en:chandler-muz_rad_psy:0:shuff:44,cs:chandler-muz_rad_psy:0:shuff:44,dropped,drop,padal,padat,impf
en:chandler-muz_rad_psy:0:shuff:44,cs:chandler-muz_rad_psy:0:shuff:44,dropped,drop,padal,padat,impf
en:chandler-muz_rad_psy:0:shuff:44,cs:chandler-muz_rad_psy:0:shuff:44,dropped,drop,padal,padat,impf
en:chandler-muz_rad_psy:0:shuff:44,cs:chandler-muz_rad_psy:0:shuff:44,dropped,drop,padal,padat,impf
en:chandler-muz_rad_psy:0:shuff:44,cs:chandler-muz_rad_psy:0:shuff:44,dropped,drop,padal,padat,impf
en:chandler-muz_rad_psy:0:shuff:44,cs:chandler-muz_rad_psy:0:shuff:44,dropped,drop,padal,padat,impf
en:chandler-muz_rad_psy:0:shuff:47,cs:chandler-muz_rad_psy:0:shuff:47,hung,hang,visel,viset,impf
en:chandler-muz_rad_psy:0:shuff:49,cs:chandler-muz_rad_psy:0:shuff:49,seen,see,neviděl,vidět,impf
en:chandler-muz_rad_psy:0:shuff:50,cs:chandler-muz_rad_psy:0:shuff:50,taking,take,vzal,vzít,pf
en:chandler-muz_rad_psy:0:shuff:50,cs:chandler-muz_rad_psy:0:shuff:50,hide,hide,skrývat,skrývat,impf
en:chandler-muz_rad_psy:0:shuff:62,cs:chandler-muz_rad_psy:0:shuff:61,put,put,položil,položit,pf
en:chandler-muz_rad_psy:0:shuff:70,cs:chandler-muz_rad_psy:0:shuff:69,killed,kill,zabila,zabít,pf
en:chandler-muz_rad_psy:0:shuff:71,cs:chandler-muz_rad_psy:0:shuff:70,saved,save,zachránil,zachránit,pf
en:chandler-muz_rad_psy:0:shuff:72,cs:chandler-muz_rad_psy:0:shuff:71,did,do,udělal,udělat,pf
en:chandler-muz_rad_psy:0:shuff:74,cs:chandler-muz_rad_psy:0:shuff:73,holding,hold,zadržoval,zadržovat,impf
en:chandler-muz_rad_psy:0:shuff:74,cs:chandler-muz_rad_psy:0:shuff:73,make,make,donutil,donutit,pf
en:chandler-muz_rad_psy:0:shuff:75,cs:chandler-muz_rad_psy:0:shuff:74,lifted,lift,zvedl,zvednout,pf
en:chandler-muz_rad_psy:0:shuff:81,cs:chandler-muz_rad_psy:0:shuff:79,patted,pat,Pohladil,pohladit,pf
en:chandler-muz_rad_psy:0:shuff:83,cs:chandler-muz_rad_psy:0:shuff:81,looking,look,podívám,podívat,pf
en:chandler-muz_rad_psy:0:shuff:88,cs:chandler-muz_rad_psy:0:shuff:86,said,say,prohlásil,prohlásit,pf
en:chandler-muz_rad_psy:0:shuff:88,cs:chandler-muz_rad_psy:0:shuff:86,reached,reach,sáhl,sáhnout,pf
en:chandler-muz_rad_psy:0:shuff:91,cs:chandler-muz_rad_psy:0:shuff:89,took,take,Vzal,vzít,pf
en:chandler-muz_rad_psy:0:shuff:92,cs:chandler-muz_rad_psy:0:shuff:90,put,put,postavil,postavit,pf
en:chandler-muz_rad_psy:0:shuff:94,cs:chandler-muz_rad_psy:0:shuff:92,saw,see,uviděl,uvidět,pf
en:chandler-muz_rad_psy:0:shuff:95,cs:chandler-muz_rad_psy:0:shuff:93,vomited,vomit,zvracet,zvracet,impf
en:chandler-muz_rad_psy:0:shuff:98,cs:chandler-muz_rad_psy:0:shuff:96,leaned,lean,opřel,opřít,pf
en:chandler-muz_rad_psy:0:shuff:101,cs:chandler-muz_rad_psy:0:shuff:98,looked,look,Podíval,podívat,pf
en:chandler-muz_rad_psy:0:shuff:101,cs:chandler-muz_rad_psy:0:shuff:98,kick,kick,kopl,kopnout,pf
en:chandler-muz_rad_psy:0:shuff:102,cs:chandler-muz_rad_psy:0:shuff:99,yelled,yell,řval,řvát,impf
en:chandler-muz_rad_psy:0:shuff:104,cs:chandler-muz_rad_psy:0:shuff:101,Put,put,Polož,položit,pf
en:chandler-muz_rad_psy:0:shuff:106,cs:chandler-muz_rad_psy:0:shuff:103,put,put,dal,dát,pf
en:chandler-muz_rad_psy:0:shuff:106,cs:chandler-muz_rad_psy:0:shuff:103,put,put,dal,dát,pf
en:chandler-muz_rad_psy:0:shuff:110,cs:chandler-muz_rad_psy:0:shuff:107,stroked,stroke,pohladil,pohladit,pf
en:chandler-muz_rad_psy:0:shuff:111,cs:chandler-muz_rad_psy:0:shuff:108,came,come,přišel,přijít,pf
en:chandler-muz_rad_psy:0:shuff:113,cs:chandler-muz_rad_psy:0:shuff:110,made,make,Udělal,udělat,pf
en:chandler-muz_rad_psy:0:shuff:118,cs:chandler-muz_rad_psy:0:shuff:115,opened,open,otevřely,otevřít,pf
en:chandler-muz_rad_psy:0:shuff:120,cs:chandler-muz_rad_psy:0:shuff:117,saw,see,viděl,vidět,impf
en:chandler-muz_rad_psy:0:shuff:120,cs:chandler-muz_rad_psy:0:shuff:117,smiling,smile,usmívá,usmívat,impf
en:chandler-muz_rad_psy:0:shuff:123,cs:chandler-muz_rad_psy:0:shuff:120,want,want,Chcete,chtít,impf
en:chandler-muz_rad_psy:0:shuff:123,cs:chandler-muz_rad_psy:0:shuff:120,see,see,vidět,vidět,impf
en:chandler-muz_rad_psy:0:shuff:128,cs:chandler-muz_rad_psy:0:shuff:125,passed,pass,podal,podat,pf
en:chandler-muz_rad_psy:0:shuff:132,cs:chandler-muz_rad_psy:0:shuff:128,gave,give,Dal,dát,pf
en:chandler-muz_rad_psy:0:shuff:132,cs:chandler-muz_rad_psy:0:shuff:128,gave,give,vydal,vydat,pf
en:chandler-muz_rad_psy:0:shuff:133,cs:chandler-muz_rad_psy:0:shuff:129,follow,follow,sledovat,sledovat,impf
en:chandler-muz_rad_psy:0:shuff:137,cs:chandler-muz_rad_psy:0:shuff:133,go,go,jít,jít,impf
en:chandler-muz_rad_psy:0:shuff:138,cs:chandler-muz_rad_psy:0:shuff:134,said,say,pronesl,pronést,pf
en:chandler-muz_rad_psy:0:shuff:140,cs:chandler-muz_rad_psy:0:shuff:136,say,say,Řekl,říci,pf
en:chandler-muz_rad_psy:0:shuff:140,cs:chandler-muz_rad_psy:0:shuff:136,take,take,vzal,vzít,pf
en:chandler-muz_rad_psy:0:shuff:141,cs:chandler-muz_rad_psy:0:shuff:137,held,hold,držel,držet,impf
en:chandler-muz_rad_psy:0:shuff:142,cs:chandler-muz_rad_psy:0:shuff:138,said,say,řekl,říci,pf
en:chandler-muz_rad_psy:0:shuff:143,cs:chandler-muz_rad_psy:0:shuff:139,killed,kill,Zabil,zabít,pf
en:chandler-muz_rad_psy:0:shuff:150,cs:chandler-muz_rad_psy:0:shuff:146,put,put,položil,položit,pf
en:chandler-muz_rad_psy:0:shuff:156,cs:chandler-muz_rad_psy:0:shuff:152,began,begin,začaly,začít,pf
en:chandler-muz_rad_psy:0:shuff:160,cs:chandler-muz_rad_psy:0:shuff:155,saw,see,neviděla,vidět,impf
en:chandler-muz_rad_psy:0:shuff:162,cs:chandler-muz_rad_psy:0:shuff:157,loves,love,miluje,milovat,impf
en:chandler-muz_rad_psy:0:shuff:167,cs:chandler-muz_rad_psy:0:shuff:162,think,think,Myslím,myslet,impf
en:chandler-muz_rad_psy:0:shuff:167,cs:chandler-muz_rad_psy:0:shuff:162,said,say,řekla,říci,pf
en:chandler-muz_rad_psy:0:shuff:171,cs:chandler-muz_rad_psy:0:shuff:165,Want,want,Chcete,chtít,impf
en:chandler-muz_rad_psy:0:shuff:171,cs:chandler-muz_rad_psy:0:shuff:165,go,go,jít,jít,impf
en:chandler-muz_rad_psy:0:shuff:171,cs:chandler-muz_rad_psy:0:shuff:165,asked,ask,zeptal,zeptat,pf
en:chandler-muz_rad_psy:0:shuff:174,cs:chandler-muz_rad_psy:0:shuff:167,looked,look,podíval,podívat,pf
en:chandler-muz_rad_psy:0:shuff:177,cs:chandler-muz_rad_psy:0:shuff:169,gather,gather,seberem,sebrat,pf
en:chandler-muz_rad_psy:0:shuff:177,cs:chandler-muz_rad_psy:0:shuff:169,cut,cut,rozdělíme,rozdělit,pf
en:chandler-muz_rad_psy:0:shuff:178,cs:chandler-muz_rad_psy:0:shuff:170,cut,cut,vynecháte,vynechat,pf
en:chandler-muz_rad_psy:0:shuff:183,cs:chandler-muz_rad_psy:0:shuff:175,paid,pay,zaplatil,zaplatit,pf
en:chandler-muz_rad_psy:0:shuff:183,cs:chandler-muz_rad_psy:0:shuff:175,sticking,stick,strčil,strčit,pf
en:chandler-muz_rad_psy:0:shuff:183,cs:chandler-muz_rad_psy:0:shuff:175,telling,tell,řekl,říci,pf
en:chandler-muz_rad_psy:0:shuff:183,cs:chandler-muz_rad_psy:0:shuff:175,run,run,utíkal,utíkat,impf
en:chandler-muz_rad_psy:0:shuff:184,cs:chandler-muz_rad_psy:0:shuff:176,do,do,udělal,udělat,pf
en:chandler-muz_rad_psy:0:shuff:184,cs:chandler-muz_rad_psy:0:shuff:176,talk,talk,promluvil,promluvit,pf
en:chandler-muz_rad_psy:0:shuff:187,cs:chandler-muz_rad_psy:0:shuff:179,listened,listen,Naslouchal,naslouchat,impf
en:chandler-muz_rad_psy:0:shuff:187,cs:chandler-muz_rad_psy:0:shuff:179,hear,hear,Naslouchal,naslouchat,impf
en:chandler-muz_rad_psy:0:shuff:187,cs:chandler-muz_rad_psy:0:shuff:179,listened,listen,slyšet,slyšet,impf
en:chandler-muz_rad_psy:0:shuff:187,cs:chandler-muz_rad_psy:0:shuff:179,hear,hear,slyšet,slyšet,impf
en:chandler-muz_rad_psy:0:shuff:188,cs:chandler-muz_rad_psy:0:shuff:180,lowered,lower,spustil,spustit,pf
en:chandler-muz_rad_psy:0:shuff:191,cs:chandler-muz_rad_psy:0:shuff:183,went,go,Šel,jít,impf
en:chandler-muz_rad_psy:0:shuff:196,cs:chandler-muz_rad_psy:0:shuff:188,Turn,turn,Obrať,obrátit,pf
en:chandler-muz_rad_psy:0:shuff:200,cs:chandler-muz_rad_psy:0:shuff:192,turned,turn,otáčel,otáčet,impf
en:chandler-muz_rad_psy:0:shuff:200,cs:chandler-muz_rad_psy:0:shuff:192,reaching,reach,sáhl,sáhnout,pf
en:chandler-muz_rad_psy:0:shuff:201,cs:chandler-muz_rad_psy:0:shuff:193,warned,warn,varovat,varovat,impf
en:chandler-muz_rad_psy:0:shuff:201,cs:chandler-muz_rad_psy:0:shuff:193,warned,warn,nevarovalo,varovat,impf
en:chandler-muz_rad_psy:0:shuff:206,cs:chandler-muz_rad_psy:0:shuff:198,turned,turn,zamířil,zamířit,pf
en:chandler-muz_rad_psy:0:shuff:208,cs:chandler-muz_rad_psy:0:shuff:200,bring,bring,Přivezu,přivézt,pf
en:chandler-muz_rad_psy:0:shuff:215,cs:chandler-muz_rad_psy:0:shuff:207,opened,open,otevřel,otevřít,pf
en:chandler-muz_rad_psy:0:shuff:216,cs:chandler-muz_rad_psy:0:shuff:208,hit,hit,udeřil,udeřit,pf
en:chandler-muz_rad_psy:0:shuff:217,cs:chandler-muz_rad_psy:0:shuff:209,put,put,Uložili,uložit,pf
en:chandler-muz_rad_psy:0:shuff:217,cs:chandler-muz_rad_psy:0:shuff:209,tore,tear,roztrhali,roztrhat,pf
en:chandler-muz_rad_psy:0:shuff:218,cs:chandler-muz_rad_psy:0:shuff:210,say,say,říkáte,říkat,impf
en:chandler-muz_rad_psy:0:shuff:218,cs:chandler-muz_rad_psy:0:shuff:210,trying,try,snaží,snažit,impf
en:chandler-muz_rad_psy:0:shuff:218,cs:chandler-muz_rad_psy:0:shuff:210,earn,earn,vydělat,vydělat,pf
en:chandler-muz_rad_psy:0:shuff:221,cs:chandler-muz_rad_psy:0:shuff:213,measured,measure,Měřil,měřit,impf
en:chandler-muz_rad_psy:0:shuff:224,cs:chandler-muz_rad_psy:0:shuff:216,do,do,udělat,udělat,pf
en:chandler-muz_rad_psy:0:shuff:226,cs:chandler-muz_rad_psy:0:shuff:218,got,get,dostal,dostat,pf
en:chandler-muz_rad_psy:0:shuff:226,cs:chandler-muz_rad_psy:0:shuff:218,heard,hear,slyšel,slyšet,impf
en:chandler-muz_rad_psy:0:shuff:228,cs:chandler-muz_rad_psy:0:shuff:220,hanging,hang,visel,viset,impf
en:chandler-muz_rad_psy:0:shuff:237,cs:chandler-muz_rad_psy:0:shuff:228,handle,handle,zvládnout,zvládnout,pf
en:chandler-muz_rad_psy:0:shuff:239,cs:chandler-muz_rad_psy:0:shuff:230,shoot,shoot,zastřelit,zastřelit,pf
en:chandler-muz_rad_psy:0:shuff:243,cs:chandler-muz_rad_psy:0:shuff:234,finding,find,našel,najít,pf
en:chandler-muz_rad_psy:0:shuff:244,cs:chandler-muz_rad_psy:0:shuff:235,Want,want,Chcete,chtít,impf
en:chandler-muz_rad_psy:0:shuff:256,cs:chandler-muz_rad_psy:0:shuff:247,missed,miss,minul,minout,pf
en:chandler-muz_rad_psy:0:shuff:263,cs:chandler-muz_rad_psy:0:shuff:254,surrender,surrender,vzdát,vzdát,pf
en:chandler-muz_rad_psy:0:shuff:264,cs:chandler-muz_rad_psy:0:shuff:255,told,tell,mluvil,mluvit,impf
en:chandler-muz_rad_psy:0:shuff:266,cs:chandler-muz_rad_psy:0:shuff:257,said,say,odpověděl,odpovědět,pf
en:chandler-muz_rad_psy:0:shuff:268,cs:chandler-muz_rad_psy:0:shuff:259,suppose,suppose,myslíte,myslet,impf
en:chandler-muz_rad_psy:0:shuff:272,cs:chandler-muz_rad_psy:0:shuff:263,make,make,provedem,provést,pf
en:chandler-muz_rad_psy:0:shuff:276,cs:chandler-muz_rad_psy:0:shuff:267,twitched,twitch,třásla,třást,impf
en:chandler-muz_rad_psy:0:shuff:277,cs:chandler-muz_rad_psy:0:shuff:268,said,say,řekl,říci,pf
en:chandler-muz_rad_psy:0:shuff:281,cs:chandler-muz_rad_psy:0:shuff:272,promised,promise,Slíbil,slíbit,pf
en:chandler-muz_rad_psy:0:shuff:281,cs:chandler-muz_rad_psy:0:shuff:272,bring,bring,přivedu,přivést,pf
en:chandler-muz_rad_psy:0:shuff:281,cs:chandler-muz_rad_psy:0:shuff:272,let,let,nechám,nechat,pf
en:chandler-muz_rad_psy:0:shuff:283,cs:chandler-muz_rad_psy:0:shuff:274,wanted,want,chtěli,chtít,impf
en:chandler-muz_rad_psy:0:shuff:284,cs:chandler-muz_rad_psy:0:shuff:275,said,say,řekl,říci,pf
en:chandler-muz_rad_psy:0:shuff:285,cs:chandler-muz_rad_psy:0:shuff:276,rubbed,rub,třel,třít,impf
en:chandler-muz_rad_psy:0:shuff:287,cs:chandler-muz_rad_psy:0:shuff:278,take,take,přijmout,přijmout,pf
en:chandler-muz_rad_psy:0:shuff:291,cs:chandler-muz_rad_psy:0:shuff:282,guess,guess,uhodnout,uhodnout,pf
en:chandler-muz_rad_psy:0:shuff:292,cs:chandler-muz_rad_psy:0:shuff:283,think,think,Myslím,myslet,impf
en:chandler-muz_rad_psy:0:shuff:293,cs:chandler-muz_rad_psy:0:shuff:284,want,want,nechcete,chtít,impf
en:chandler-muz_rad_psy:0:shuff:293,cs:chandler-muz_rad_psy:0:shuff:284,want,want,nechcete,chtít,impf
en:chandler-muz_rad_psy:0:shuff:293,cs:chandler-muz_rad_psy:0:shuff:284,want,want,nechcete,chtít,impf
en:chandler-muz_rad_psy:0:shuff:293,cs:chandler-muz_rad_psy:0:shuff:284,want,want,nechcete,chtít,impf
en:chandler-muz_rad_psy:0:shuff:294,cs:chandler-muz_rad_psy:0:shuff:285,treat,treat,jednat,jednat,impf
en:chandler-muz_rad_psy:0:shuff:296,cs:chandler-muz_rad_psy:0:shuff:287,saw,see,spatřil,spatřit,pf
en:chandler-muz_rad_psy:0:shuff:297,cs:chandler-muz_rad_psy:0:shuff:288,leave,leave,opustit,opustit,pf
en:chandler-muz_rad_psy:0:shuff:299,cs:chandler-muz_rad_psy:0:shuff:290,speak,speak,nepromluvil,promluvit,pf
en:chandler-muz_rad_psy:0:shuff:299,cs:chandler-muz_rad_psy:0:shuff:290,speak,speak,nepromluvil,promluvit,pf
en:chandler-muz_rad_psy:0:shuff:299,cs:chandler-muz_rad_psy:0:shuff:290,speak,speak,nepromluvil,promluvit,pf
en:chandler-muz_rad_psy:0:shuff:299,cs:chandler-muz_rad_psy:0:shuff:290,speak,speak,nepromluvil,promluvit,pf
en:chandler-muz_rad_psy:0:shuff:304,cs:chandler-muz_rad_psy:0:shuff:295,glistened,glisten,leskla,lesknout,impf
en:chandler-muz_rad_psy:0:shuff:305,cs:chandler-muz_rad_psy:0:shuff:296,wore,wear,Měl,mít,impf
en:chandler-muz_rad_psy:0:shuff:306,cs:chandler-muz_rad_psy:0:shuff:297,turned,turn,natočil,natočit,pf
en:chandler-muz_rad_psy:0:shuff:307,cs:chandler-muz_rad_psy:0:shuff:298,saw,see,viděla,vidět,impf
en:chandler-muz_rad_psy:0:shuff:307,cs:chandler-muz_rad_psy:0:shuff:298,pushing,push,strká,strkat,impf
en:chandler-muz_rad_psy:0:shuff:308,cs:chandler-muz_rad_psy:0:shuff:299,smelled,smell,ucítila,ucítit,pf
en:chandler-muz_rad_psy:0:shuff:316,cs:chandler-muz_rad_psy:0:shuff:307,move,move,pohnout,pohnout,pf
en:chandler-muz_rad_psy:0:shuff:331,cs:chandler-muz_rad_psy:0:shuff:322,filled,fill,naplnila,naplnit,pf
en:chandler-muz_rad_psy:0:shuff:332,cs:chandler-muz_rad_psy:0:shuff:323,blended,blend,mísilo,mísit,impf
en:chandler-muz_rad_psy:0:shuff:336,cs:chandler-muz_rad_psy:0:shuff:327,shot,shoot,Střelil,střelit,pf
en:chandler-muz_rad_psy:0:shuff:337,cs:chandler-muz_rad_psy:0:shuff:328,tell,tell,říct,říci,pf
en:chandler-muz_rad_psy:0:shuff:338,cs:chandler-muz_rad_psy:0:shuff:329,looked,look,koukal,koukat,impf
en:chandler-muz_rad_psy:0:shuff:338,cs:chandler-muz_rad_psy:0:shuff:329,see,see,koukal,koukat,impf
en:chandler-muz_rad_psy:0:shuff:340,cs:chandler-muz_rad_psy:0:shuff:331,tell,tell,pověz,povědět,pf
en:chandler-muz_rad_psy:0:shuff:343,cs:chandler-muz_rad_psy:0:shuff:334,stayed,stay,zůstala,zůstat,pf
en:chandler-muz_rad_psy:0:shuff:346,cs:chandler-muz_rad_psy:0:shuff:337,following,follow,sledovala,sledovat,impf
en:chandler-muz_rad_psy:0:shuff:349,cs:chandler-muz_rad_psy:0:shuff:340,appeared,appear,objevily,objevit,pf
en:chandler-muz_rad_psy:0:shuff:351,cs:chandler-muz_rad_psy:0:shuff:342,landed,land,dostal,dostat,pf
en:chandler-muz_rad_psy:0:shuff:354,cs:chandler-muz_rad_psy:0:shuff:345,got,get,dostanem,dostat,pf
en:chandler-muz_rad_psy:0:shuff:356,cs:chandler-muz_rad_psy:0:shuff:347,means,mean,znamená,znamenat,impf
en:chandler-muz_rad_psy:0:shuff:359,cs:chandler-muz_rad_psy:0:shuff:350,go,go,pojďme,jít,impf
en:chandler-muz_rad_psy:0:shuff:361,cs:chandler-muz_rad_psy:0:shuff:352,crossed,cross,přešel,přejít,pf
en:chandler-muz_rad_psy:0:shuff:361,cs:chandler-muz_rad_psy:0:shuff:352,opened,open,otevřel,otevřít,pf
en:chandler-muz_rad_psy:0:shuff:365,cs:chandler-muz_rad_psy:0:shuff:356,worried,worry,znepokojovalo,znepokojovat,impf
en:chandler-muz_rad_psy:0:shuff:366,cs:chandler-muz_rad_psy:0:shuff:357,seen,see,viděl,vidět,impf
en:chandler-muz_rad_psy:0:shuff:367,cs:chandler-muz_rad_psy:0:shuff:358,looked,look,Podíval,podívat,pf
en:chandler-muz_rad_psy:0:shuff:371,cs:chandler-muz_rad_psy:0:shuff:362,reeked,reek,cítit,cítit,impf
en:chandler-muz_rad_psy:0:shuff:372,cs:chandler-muz_rad_psy:0:shuff:363,spoke,speak,říkal,říkat,impf
en:chandler-muz_rad_psy:0:shuff:373,cs:chandler-muz_rad_psy:0:shuff:364,opened,open,Otevřely,otevřít,pf
en:chandler-muz_rad_psy:0:shuff:373,cs:chandler-muz_rad_psy:0:shuff:364,shut,shut,zavřely,zavřít,pf
en:chandler-muz_rad_psy:0:shuff:377,cs:chandler-muz_rad_psy:0:shuff:368,dropped,drop,Přestal,přestat,pf
en:chandler-muz_rad_psy:0:shuff:377,cs:chandler-muz_rad_psy:0:shuff:368,went,go,dělat,dělat,impf
en:chandler-muz_rad_psy:0:shuff:377,cs:chandler-muz_rad_psy:0:shuff:368,walked,walk,kráčel,kráčet,impf
en:chandler-muz_rad_psy:0:shuff:385,cs:chandler-muz_rad_psy:0:shuff:376,got,get,dostal,dostat,pf
en:chandler-muz_rad_psy:0:shuff:388,cs:chandler-muz_rad_psy:0:shuff:378,hear,hear,uslyší,uslyšet,pf
en:chandler-muz_rad_psy:0:shuff:388,cs:chandler-muz_rad_psy:0:shuff:378,start,start,spustí,spustit,pf
en:chandler-muz_rad_psy:0:shuff:389,cs:chandler-muz_rad_psy:0:shuff:379,means,mean,znamená,znamenat,impf
en:chandler-muz_rad_psy:0:shuff:392,cs:chandler-muz_rad_psy:0:shuff:381,read,read,Přečetl,přečíst,pf
en:chandler-muz_rad_psy:0:shuff:392,cs:chandler-muz_rad_psy:0:shuff:381,read,read,Přečetl,přečíst,pf
en:chandler-muz_rad_psy:0:shuff:392,cs:chandler-muz_rad_psy:0:shuff:381,turned,turn,obrátil,obrátit,pf
en:chandler-muz_rad_psy:0:shuff:392,cs:chandler-muz_rad_psy:0:shuff:381,turned,turn,obrátil,obrátit,pf
en:chandler-muz_rad_psy:0:shuff:392,cs:chandler-muz_rad_psy:0:shuff:381,looked,look,podíval,podívat,pf
en:chandler-muz_rad_psy:0:shuff:392,cs:chandler-muz_rad_psy:0:shuff:381,turned,turn,obrátil,obrátit,pf
en:chandler-muz_rad_psy:0:shuff:392,cs:chandler-muz_rad_psy:0:shuff:381,turned,turn,obrátil,obrátit,pf
en:chandler-muz_rad_psy:0:shuff:392,cs:chandler-muz_rad_psy:0:shuff:381,read,read,četl,číst,impf
en:chandler-muz_rad_psy:0:shuff:392,cs:chandler-muz_rad_psy:0:shuff:381,read,read,četl,číst,impf
en:chandler-muz_rad_psy:0:shuff:393,cs:chandler-muz_rad_psy:0:shuff:382,said,say,pronesl,pronést,pf
en:chandler-muz_rad_psy:0:shuff:400,cs:chandler-muz_rad_psy:0:shuff:389,said,say,řekl,říci,pf
en:chandler-muz_rad_psy:0:shuff:401,cs:chandler-muz_rad_psy:0:shuff:390,use,use,nepoužiju,použít,pf
en:chandler-muz_rad_psy:0:shuff:402,cs:chandler-muz_rad_psy:0:shuff:391,Take,take,Vemte,vzít,pf
en:chandler-muz_rad_psy:0:shuff:405,cs:chandler-muz_rad_psy:0:shuff:394,put,put,uložil,uložit,pf
en:chandler-muz_rad_psy:0:shuff:412,cs:chandler-muz_rad_psy:0:shuff:401,signed,sign,podepsal,podepsat,pf
en:chandler-muz_rad_psy:0:shuff:417,cs:chandler-muz_rad_psy:0:shuff:406,say,say,Neřekl,říci,pf
en:chandler-muz_rad_psy:0:shuff:418,cs:chandler-muz_rad_psy:0:shuff:407,seen,see,viděl,vidět,impf
en:chandler-muz_rad_psy:0:shuff:420,cs:chandler-muz_rad_psy:0:shuff:409,get,get,sehnal,sehnat,pf
en:chandler-muz_rad_psy:0:shuff:421,cs:chandler-muz_rad_psy:0:shuff:410,let,let,Necháte,nechat,pf
en:chandler-muz_rad_psy:0:shuff:423,cs:chandler-muz_rad_psy:0:shuff:412,let,let,Nechal,nechat,pf
en:chandler-muz_rad_psy:0:shuff:423,cs:chandler-muz_rad_psy:0:shuff:412,kept,keep,Nechal,nechat,pf
en:chandler-muz_rad_psy:0:shuff:423,cs:chandler-muz_rad_psy:0:shuff:412,saw,see,viděl,vidět,impf
en:chandler-muz_rad_psy:0:shuff:423,cs:chandler-muz_rad_psy:0:shuff:412,kept,keep,drží,držet,impf
en:chandler-muz_rad_psy:0:shuff:424,cs:chandler-muz_rad_psy:0:shuff:413,pushed,push,strčila,strčit,pf
en:chandler-muz_rad_psy:0:shuff:429,cs:chandler-muz_rad_psy:0:shuff:419,seen,see,neviděl,vidět,impf
en:chandler-muz_rad_psy:0:shuff:431,cs:chandler-muz_rad_psy:0:shuff:421,shut,shut,zavřel,zavřít,pf
en:chandler-muz_rad_psy:0:shuff:432,cs:chandler-muz_rad_psy:0:shuff:422,jumped,jump,skočili,skočit,pf
en:chandler-muz_rad_psy:0:shuff:432,cs:chandler-muz_rad_psy:0:shuff:422,put,put,dali,dát,pf
en:chandler-muz_rad_psy:0:shuff:433,cs:chandler-muz_rad_psy:0:shuff:423,hit,hit,udeřím,udeřit,pf
en:chandler-muz_rad_psy:0:shuff:433,cs:chandler-muz_rad_psy:0:shuff:423,said,say,řekl,říci,pf
en:chandler-muz_rad_psy:0:shuff:435,cs:chandler-muz_rad_psy:0:shuff:425,hear,hear,neuslyší,uslyšet,pf
en:chandler-muz_rad_psy:0:shuff:436,cs:chandler-muz_rad_psy:0:shuff:426,said,say,Řekl,říci,pf
en:chandler-muz_rad_psy:0:shuff:436,cs:chandler-muz_rad_psy:0:shuff:426,left,leave,nechali,nechat,pf
en:chandler-muz_rad_psy:0:shuff:436,cs:chandler-muz_rad_psy:0:shuff:426,found,find,našli,najít,pf
en:chandler-muz_rad_psy:0:shuff:441,cs:chandler-muz_rad_psy:0:shuff:431,Tell,tell,Povězte,povědět,pf
en:chandler-muz_rad_psy:0:shuff:446,cs:chandler-muz_rad_psy:0:shuff:436,moved,move,pohnuly,pohnout,pf
en:chandler-muz_rad_psy:0:shuff:446,cs:chandler-muz_rad_psy:0:shuff:436,breathed,breathe,vydechly,vydechnout,pf
en:chandler-muz_rad_psy:0:shuff:446,cs:chandler-muz_rad_psy:0:shuff:436,sounded,sound,znělo,znít,impf
en:chandler-muz_rad_psy:0:shuff:448,cs:chandler-muz_rad_psy:0:shuff:438,died,die,Zemřela,zemřít,pf
en:chandler-muz_rad_psy:0:shuff:455,cs:chandler-muz_rad_psy:0:shuff:445,want,want,nechtěl,chtít,impf
en:chandler-muz_rad_psy:0:shuff:458,cs:chandler-muz_rad_psy:0:shuff:448,going,go,půjdu,jít,impf
en:chandler-muz_rad_psy:0:shuff:460,cs:chandler-muz_rad_psy:0:shuff:450,pointed,point,Zamířil,zamířit,pf
en:chandler-muz_rad_psy:0:shuff:462,cs:chandler-muz_rad_psy:0:shuff:452,Drop,drop,Odhoďte,odhodit,pf
en:chandler-muz_rad_psy:0:shuff:462,cs:chandler-muz_rad_psy:0:shuff:452,said,say,řekl,říci,pf
en:chandler-muz_rad_psy:0:shuff:463,cs:chandler-muz_rad_psy:0:shuff:453,moved,move,Pohnul,pohnout,pf
en:chandler-muz_rad_psy:0:shuff:463,cs:chandler-muz_rad_psy:0:shuff:453,saying,say,říci,říci,pf
en:chandler-muz_rad_psy:0:shuff:466,cs:chandler-muz_rad_psy:0:shuff:456,hit,hit,zasáhla,zasáhnout,pf
en:chandler-muz_rad_psy:0:shuff:466,cs:chandler-muz_rad_psy:0:shuff:456,knocked,knock,vyrazila,vyrazit,pf
en:chandler-muz_rad_psy:0:shuff:470,cs:chandler-muz_rad_psy:0:shuff:461,get,get,dostal,dostat,pf
en:chandler-muz_rad_psy:0:shuff:470,cs:chandler-muz_rad_psy:0:shuff:461,see,see,viděl,vidět,impf
en:chandler-muz_rad_psy:0:shuff:471,cs:chandler-muz_rad_psy:0:shuff:462,laughed,laugh,zasmál,zasmát,pf
en:chandler-muz_rad_psy:0:shuff:473,cs:chandler-muz_rad_psy:0:shuff:464,answered,answer,Odpovědělo,odpovědět,pf
en:chandler-muz_rad_psy:0:shuff:474,cs:chandler-muz_rad_psy:0:shuff:465,kicked,kick,kopl,kopnout,pf
en:chandler-muz_rad_psy:0:shuff:477,cs:chandler-muz_rad_psy:0:shuff:468,went,go,jel,jet,impf
en:chandler-muz_rad_psy:0:shuff:479,cs:chandler-muz_rad_psy:0:shuff:470,see,see,zahlédnout,zahlédnout,pf
en:chandler-muz_rad_psy:0:shuff:483,cs:chandler-muz_rad_psy:0:shuff:474,began,begin,začaly,začít,pf
en:chandler-muz_rad_psy:0:shuff:484,cs:chandler-muz_rad_psy:0:shuff:475,feel,feel,Ucítil,ucítit,pf
en:chandler-muz_rad_psy:0:shuff:485,cs:chandler-muz_rad_psy:0:shuff:476,hold,hold,Přidržel,přidržet,pf
en:chandler-muz_rad_psy:0:shuff:485,cs:chandler-muz_rad_psy:0:shuff:476,walked,walk,šel,jít,impf
en:chandler-muz_rad_psy:0:shuff:488,cs:chandler-muz_rad_psy:0:shuff:479,saw,see,zahlédl,zahlédnout,pf
en:chandler-muz_rad_psy:0:shuff:495,cs:chandler-muz_rad_psy:0:shuff:486,give,give,Dal,dát,pf
en:chandler-muz_rad_psy:0:shuff:504,cs:chandler-muz_rad_psy:0:shuff:495,stiffened,stiffen,ztuhla,ztuhnout,pf
en:chandler-muz_rad_psy:0:shuff:505,cs:chandler-muz_rad_psy:0:shuff:496,jumped,jump,poskočila,poskočit,pf
en:chandler-muz_rad_psy:0:shuff:507,cs:chandler-muz_rad_psy:0:shuff:498,see,see,Neviděl,vidět,impf
en:chandler-muz_rad_psy:0:shuff:510,cs:chandler-muz_rad_psy:0:shuff:501,phone,phone,zavolat,zavolat,pf
en:chandler-muz_rad_psy:0:shuff:511,cs:chandler-muz_rad_psy:0:shuff:502,forgot,forget,Zapomněl,zapomenout,pf
en:chandler-muz_rad_psy:0:shuff:513,cs:chandler-muz_rad_psy:0:shuff:504,Come,come,Pojďte,jít,impf
en:chandler-muz_rad_psy:0:shuff:514,cs:chandler-muz_rad_psy:0:shuff:505,opened,open,otevřel,otevřít,pf
en:chandler-muz_rad_psy:0:shuff:515,cs:chandler-muz_rad_psy:0:shuff:506,lifted,lift,Zvedl,zvednout,pf
en:chandler-muz_rad_psy:0:shuff:516,cs:chandler-muz_rad_psy:0:shuff:507,working,work,funguje,fungovat,impf
en:chandler-muz_rad_psy:0:shuff:518,cs:chandler-muz_rad_psy:0:shuff:509,forget,forget,nezapomeňte,zapomenout,pf
en:chandler-muz_rad_psy:0:shuff:522,cs:chandler-muz_rad_psy:0:shuff:513,struggled,struggle,Bojoval,bojovat,impf
en:chandler-muz_rad_psy:0:shuff:525,cs:chandler-muz_rad_psy:0:shuff:516,say,say,neřekl,říci,pf
en:chandler-muz_rad_psy:0:shuff:526,cs:chandler-muz_rad_psy:0:shuff:517,locked,lock,zamkl,zamknout,pf
en:chandler-muz_rad_psy:0:shuff:528,cs:chandler-muz_rad_psy:0:shuff:519,unlocked,unlock,otevřel,otevřít,pf
en:chandler-muz_rad_psy:0:shuff:532,cs:chandler-muz_rad_psy:0:shuff:523,rang,ring,Zazvonil,zazvonit,pf
en:chandler-muz_rad_psy:0:shuff:533,cs:chandler-muz_rad_psy:0:shuff:524,shake,shake,třásla,třást,impf
en:chandler-muz_rad_psy:0:shuff:534,cs:chandler-muz_rad_psy:0:shuff:525,spread,spread,Rozšířily,rozšířit,pf
en:chandler-muz_rad_psy:0:shuff:534,cs:chandler-muz_rad_psy:0:shuff:525,fall,fall,dopadl,dopadnout,pf
en:chandler-muz_rad_psy:0:shuff:536,cs:chandler-muz_rad_psy:0:shuff:527,getting,get,blížila,blížit,impf
en:chandler-muz_rad_psy:0:shuff:537,cs:chandler-muz_rad_psy:0:shuff:528,stopped,stop,přestal,přestat,pf
en:chandler-muz_rad_psy:0:shuff:537,cs:chandler-muz_rad_psy:0:shuff:528,kicked,kick,kopla,kopnout,pf
en:chandler-muz_rad_psy:0:shuff:538,cs:chandler-muz_rad_psy:0:shuff:529,held,hold,držel,držet,impf
en:chandler-muz_rad_psy:0:shuff:542,cs:chandler-muz_rad_psy:0:shuff:532,heard,hear,Slyšel,slyšet,impf
en:chandler-muz_rad_psy:0:shuff:542,cs:chandler-muz_rad_psy:0:shuff:532,running,run,běží,běžet,impf
en:chandler-muz_rad_psy:0:shuff:543,cs:chandler-muz_rad_psy:0:shuff:533,slammed,slam,Práskly,prásknout,pf
en:chandler-muz_rad_psy:0:shuff:544,cs:chandler-muz_rad_psy:0:shuff:534,started,start,nastartoval,nastartovat,pf
en:chandler-muz_rad_psy:0:shuff:559,cs:chandler-muz_rad_psy:0:shuff:548,thought,think,Myslím,myslet,impf
en:chandler-muz_rad_psy:0:shuff:559,cs:chandler-muz_rad_psy:0:shuff:548,gave,give,dal,dát,pf
en:chandler-muz_rad_psy:0:shuff:560,cs:chandler-muz_rad_psy:0:shuff:549,said,say,řekl,říci,pf
en:chandler-muz_rad_psy:0:shuff:563,cs:chandler-muz_rad_psy:0:shuff:552,shut,shut,zavřely,zavřít,pf
en:chandler-muz_rad_psy:0:shuff:565,cs:chandler-muz_rad_psy:0:shuff:555,listened,listen,Naslouchal,naslouchat,impf
en:chandler-muz_rad_psy:0:shuff:565,cs:chandler-muz_rad_psy:0:shuff:555,hear,hear,Naslouchal,naslouchat,impf
en:chandler-muz_rad_psy:0:shuff:565,cs:chandler-muz_rad_psy:0:shuff:555,listened,listen,neslyšel,slyšet,impf
en:chandler-muz_rad_psy:0:shuff:565,cs:chandler-muz_rad_psy:0:shuff:555,hear,hear,neslyšel,slyšet,impf
en:chandler-muz_rad_psy:0:shuff:567,cs:chandler-muz_rad_psy:0:shuff:557,answered,answer,Odpovědělo,odpovědět,pf
en:chandler-muz_rad_psy:0:shuff:568,cs:chandler-muz_rad_psy:0:shuff:558,call,call,zavolám,zavolat,pf
en:chandler-muz_rad_psy:0:shuff:568,cs:chandler-muz_rad_psy:0:shuff:558,want,want,chcete,chtít,impf
en:chandler-muz_rad_psy:0:shuff:568,cs:chandler-muz_rad_psy:0:shuff:558,said,say,řekl,říci,pf
en:chandler-muz_rad_psy:0:shuff:571,cs:chandler-muz_rad_psy:0:shuff:561,Tell,tell,Řekněte,říci,pf
en:chandler-muz_rad_psy:0:shuff:572,cs:chandler-muz_rad_psy:0:shuff:562,came,come,jdu,jít,impf
en:chandler-muz_rad_psy:0:shuff:576,cs:chandler-muz_rad_psy:0:shuff:566,try,try,zkuste,zkusit,pf
en:chandler-muz_rad_psy:0:shuff:580,cs:chandler-muz_rad_psy:0:shuff:570,said,say,řekl,říci,pf
en:chandler-muz_rad_psy:0:shuff:584,cs:chandler-muz_rad_psy:0:shuff:574,said,say,řekla,říci,pf
en:chandler-muz_rad_psy:0:shuff:590,cs:chandler-muz_rad_psy:0:shuff:580,work,work,pracovat,pracovat,impf
en:chandler-muz_rad_psy:0:shuff:590,cs:chandler-muz_rad_psy:0:shuff:580,see,see,uvidíme,uvidět,pf
en:chandler-muz_rad_psy:0:shuff:597,cs:chandler-muz_rad_psy:0:shuff:587,waved,wave,mávl,mávnout,pf
en:chandler-muz_rad_psy:0:shuff:597,cs:chandler-muz_rad_psy:0:shuff:587,lowered,lower,snížil,snížit,pf
en:chandler-muz_rad_psy:0:shuff:598,cs:chandler-muz_rad_psy:0:shuff:588,said,say,řekl,říci,pf
en:chandler-muz_rad_psy:0:shuff:600,cs:chandler-muz_rad_psy:0:shuff:590,look,look,Koukám,koukat,impf
en:chandler-muz_rad_psy:0:shuff:600,cs:chandler-muz_rad_psy:0:shuff:590,see,see,Koukám,koukat,impf
en:chandler-muz_rad_psy:0:shuff:600,cs:chandler-muz_rad_psy:0:shuff:590,see,see,vidím,vidět,impf
en:chandler-muz_rad_psy:0:shuff:608,cs:chandler-muz_rad_psy:0:shuff:598,waited,wait,čekal,čekat,impf
en:chandler-muz_rad_psy:0:shuff:609,cs:chandler-muz_rad_psy:0:shuff:599,heard,hear,uslyšel,uslyšet,pf
en:chandler-muz_rad_psy:0:shuff:610,cs:chandler-muz_rad_psy:0:shuff:600,sounded,sound,Zněl,znít,impf
en:chandler-muz_rad_psy:0:shuff:617,cs:chandler-muz_rad_psy:0:shuff:607,began,begin,Začal,začít,pf
en:chandler-muz_rad_psy:0:shuff:618,cs:chandler-muz_rad_psy:0:shuff:608,see,see,nespatřil,spatřit,pf
en:chandler-muz_rad_psy:0:shuff:618,cs:chandler-muz_rad_psy:0:shuff:608,saw,see,nespatřil,spatřit,pf
en:chandler-muz_rad_psy:0:shuff:619,cs:chandler-muz_rad_psy:0:shuff:609,looked,look,pohlédl,pohlédnout,pf
en:chandler-muz_rad_psy:0:shuff:620,cs:chandler-muz_rad_psy:0:shuff:610,make,make,nadělají,nadělat,pf
en:chandler-muz_rad_psy:0:shuff:621,cs:chandler-muz_rad_psy:0:shuff:611,falling,fall,padaly,padat,impf
en:chandler-muz_rad_psy:0:shuff:622,cs:chandler-muz_rad_psy:0:shuff:612,wore,wear,Měla,mít,impf
en:chandler-muz_rad_psy:0:shuff:622,cs:chandler-muz_rad_psy:0:shuff:612,fell,fall,padal,padat,impf
en:chandler-muz_rad_psy:0:shuff:623,cs:chandler-muz_rad_psy:0:shuff:613,said,say,Slíbil,slíbit,pf
en:chandler-muz_rad_psy:0:shuff:623,cs:chandler-muz_rad_psy:0:shuff:613,pay,pay,zaplatí,zaplatit,pf
en:chandler-muz_rad_psy:0:shuff:624,cs:chandler-muz_rad_psy:0:shuff:614,said,say,Odpověděl,odpovědět,pf
en:chandler-muz_rad_psy:0:shuff:627,cs:chandler-muz_rad_psy:0:shuff:618,moved,move,přesunul,přesunout,pf
en:chandler-muz_rad_psy:0:shuff:628,cs:chandler-muz_rad_psy:0:shuff:619,seemed,seem,zdálo,zdát,impf
en:chandler-muz_rad_psy:0:shuff:630,cs:chandler-muz_rad_psy:0:shuff:621,come,come,přijít,přijít,pf
en:chandler-muz_rad_psy:0:shuff:631,cs:chandler-muz_rad_psy:0:shuff:622,said,say,pravil,pravit,pf
en:chandler-muz_rad_psy:0:shuff:632,cs:chandler-muz_rad_psy:0:shuff:623,thought,think,myslel,myslet,impf
en:chandler-muz_rad_psy:0:shuff:633,cs:chandler-muz_rad_psy:0:shuff:624,see,see,Viděl,vidět,impf
en:chandler-muz_rad_psy:0:shuff:637,cs:chandler-muz_rad_psy:0:shuff:628,began,begin,začala,začít,pf
en:chandler-muz_rad_psy:0:shuff:638,cs:chandler-muz_rad_psy:0:shuff:629,reached,reach,sáhla,sáhnout,pf
en:chandler-muz_rad_psy:0:shuff:639,cs:chandler-muz_rad_psy:0:shuff:630,looked,look,Podíval,podívat,pf
en:chandler-muz_rad_psy:0:shuff:640,cs:chandler-muz_rad_psy:0:shuff:631,stopped,stop,přestala,přestat,pf
en:chandler-muz_rad_psy:0:shuff:641,cs:chandler-muz_rad_psy:0:shuff:632,seen,see,viděl,vidět,impf
en:chandler-muz_rad_psy:0:shuff:642,cs:chandler-muz_rad_psy:0:shuff:633,told,tell,řekl,říci,pf
en:chandler-muz_rad_psy:0:shuff:643,cs:chandler-muz_rad_psy:0:shuff:634,call,call,zavolejte,zavolat,pf
en:chandler-muz_rad_psy:0:shuff:649,cs:chandler-muz_rad_psy:0:shuff:642,lifted,lift,zvedla,zvednout,pf
en:chandler-muz_rad_psy:0:shuff:650,cs:chandler-muz_rad_psy:0:shuff:643,looked,look,Dívala,dívat,impf
en:chandler-muz_rad_psy:0:shuff:653,cs:chandler-muz_rad_psy:0:shuff:646,thinks,think,Myslí,myslet,impf
en:chandler-muz_rad_psy:0:shuff:654,cs:chandler-muz_rad_psy:0:shuff:647,hired,hire,najala,najmout,pf
en:chandler-muz_rad_psy:0:shuff:655,cs:chandler-muz_rad_psy:0:shuff:648,lit,light,zapálil,zapálit,pf
en:chandler-muz_rad_psy:0:shuff:661,cs:chandler-muz_rad_psy:0:shuff:653,keep,keep,drželi,držet,impf
en:chandler-muz_rad_psy:0:shuff:662,cs:chandler-muz_rad_psy:0:shuff:654,hear,hear,Slyšel,slyšet,impf
en:chandler-muz_rad_psy:0:shuff:662,cs:chandler-muz_rad_psy:0:shuff:654,called,call,říká,říkat,impf
en:chandler-muz_rad_psy:0:shuff:667,cs:chandler-muz_rad_psy:0:shuff:659,nodded,nod,Přikývl,přikývnout,pf
en:chandler-muz_rad_psy:0:shuff:667,cs:chandler-muz_rad_psy:0:shuff:659,trying,try,snažil,snažit,impf
en:chandler-muz_rad_psy:0:shuff:675,cs:chandler-muz_rad_psy:0:shuff:666,think,think,Nemyslete,myslet,impf
en:chandler-muz_rad_psy:0:shuff:675,cs:chandler-muz_rad_psy:0:shuff:666,look,look,koukněte,kouknout,pf
en:chandler-muz_rad_psy:0:shuff:678,cs:chandler-muz_rad_psy:0:shuff:669,looked,look,podíval,podívat,pf
en:chandler-muz_rad_psy:0:shuff:679,cs:chandler-muz_rad_psy:0:shuff:670,shut,shut,zavřely,zavřít,pf
en:chandler-muz_rad_psy:0:shuff:679,cs:chandler-muz_rad_psy:0:shuff:670,turned,turn,otočil,otočit,pf
en:chandler-muz_rad_psy:0:shuff:679,cs:chandler-muz_rad_psy:0:shuff:670,went,go,odešly,odejít,pf
en:chandler-muz_rad_psy:0:shuff:680,cs:chandler-muz_rad_psy:0:shuff:671,lay,lie,Ležel,ležet,impf
en:chandler-muz_rad_psy:0:shuff:684,cs:chandler-muz_rad_psy:0:shuff:675,watched,watch,pozoroval,pozorovat,impf
en:chandler-muz_rad_psy:0:shuff:684,cs:chandler-muz_rad_psy:0:shuff:675,opened,open,otevřely,otevřít,pf
en:chandler-muz_rad_psy:0:shuff:684,cs:chandler-muz_rad_psy:0:shuff:675,stuck,stick,trčely,trčet,impf
en:chandler-muz_rad_psy:0:shuff:685,cs:chandler-muz_rad_psy:0:shuff:676,made,make,udělaly,udělat,pf
en:chandler-muz_rad_psy:0:shuff:689,cs:chandler-muz_rad_psy:0:shuff:681,advise,advise,doporučit,doporučit,pf
en:chandler-muz_rad_psy:0:shuff:694,cs:chandler-muz_rad_psy:0:shuff:687,said,say,řekl,říci,pf
en:chandler-muz_rad_psy:0:shuff:698,cs:chandler-muz_rad_psy:0:shuff:691,do,do,dělat,dělat,impf
en:chandler-muz_rad_psy:0:shuff:698,cs:chandler-muz_rad_psy:0:shuff:691,yell,yell,řval,řvát,impf
en:chandler-muz_rad_psy:0:shuff:698,cs:chandler-muz_rad_psy:0:shuff:691,try,try,snažil,snažit,impf
en:chandler-muz_rad_psy:0:shuff:699,cs:chandler-muz_rad_psy:0:shuff:692,liking,like,líbilo,líbit,impf
en:chandler-muz_rad_psy:0:shuff:700,cs:chandler-muz_rad_psy:0:shuff:693,listened,listen,naslouchal,naslouchat,impf
en:chandler-muz_rad_psy:0:shuff:703,cs:chandler-muz_rad_psy:0:shuff:696,passed,pass,Uplynula,uplynout,pf
en:chandler-muz_rad_psy:0:shuff:704,cs:chandler-muz_rad_psy:0:shuff:697,called,call,zavolal,zavolat,pf
en:chandler-muz_rad_psy:0:shuff:706,cs:chandler-muz_rad_psy:0:shuff:699,hurried,hurry,Spěchal,spěchat,impf
en:chandler-muz_rad_psy:0:shuff:707,cs:chandler-muz_rad_psy:0:shuff:700,gone,go,Odešel,odejít,pf
en:chandler-muz_rad_psy:0:shuff:708,cs:chandler-muz_rad_psy:0:shuff:701,remembered,remember,vzpomněl,vzpomenout,pf
en:chandler-muz_rad_psy:0:shuff:708,cs:chandler-muz_rad_psy:0:shuff:701,meant,mean,mínil,mínit,impf
en:chandler-muz_rad_psy:0:shuff:710,cs:chandler-muz_rad_psy:0:shuff:703,adding,add,přidal,přidat,pf
en:chandler-muz_rad_psy:0:shuff:713,cs:chandler-muz_rad_psy:0:shuff:705,opened,open,otevřely,otevřít,pf
en:chandler-muz_rad_psy:0:shuff:717,cs:chandler-muz_rad_psy:0:shuff:709,looking,look,podívala,podívat,pf
en:chandler-muz_rad_psy:0:shuff:719,cs:chandler-muz_rad_psy:0:shuff:711,hold,hold,Udržím,udržet,pf
en:chandler-muz_rad_psy:0:shuff:724,cs:chandler-muz_rad_psy:0:shuff:716,say,say,neříkal,říkat,impf
en:chandler-muz_rad_psy:0:shuff:725,cs:chandler-muz_rad_psy:0:shuff:717,listened,listen,Naslouchal,naslouchat,impf
en:chandler-muz_rad_psy:0:shuff:729,cs:chandler-muz_rad_psy:0:shuff:720,told,tell,Řekla,říci,pf
en:chandler-muz_rad_psy:0:shuff:729,cs:chandler-muz_rad_psy:0:shuff:720,said,say,Řekla,říci,pf
en:chandler-muz_rad_psy:0:shuff:729,cs:chandler-muz_rad_psy:0:shuff:720,died,die,zemřela,zemřít,pf
en:chandler-muz_rad_psy:0:shuff:729,cs:chandler-muz_rad_psy:0:shuff:720,said,say,odpověděl,odpovědět,pf
en:chandler-muz_rad_psy:0:shuff:731,cs:chandler-muz_rad_psy:0:shuff:722,believe,believe,nevěřím,věřit,impf
en:chandler-muz_rad_psy:0:shuff:732,cs:chandler-muz_rad_psy:0:shuff:723,ran,run,Utekl,utéci,pf
en:chandler-muz_rad_psy:0:shuff:732,cs:chandler-muz_rad_psy:0:shuff:723,left,leave,nechal,nechat,pf
en:chandler-muz_rad_psy:0:shuff:733,cs:chandler-muz_rad_psy:0:shuff:724,expect,expect,čekal,čekat,impf
en:chandler-muz_rad_psy:0:shuff:736,cs:chandler-muz_rad_psy:0:shuff:727,told,tell,Řekl,říci,pf
en:chandler-muz_rad_psy:0:shuff:736,cs:chandler-muz_rad_psy:0:shuff:727,staying,stay,bydlím,bydlet,impf
en:chandler-muz_rad_psy:0:shuff:736,cs:chandler-muz_rad_psy:0:shuff:727,walked,walk,kráčel,kráčet,impf
en:chandler-muz_rad_psy:0:shuff:736,cs:chandler-muz_rad_psy:0:shuff:727,left,leave,nechal,nechat,pf
en:chandler-muz_rad_psy:0:shuff:737,cs:chandler-muz_rad_psy:0:shuff:728,got,get,dojel,dojet,pf
en:chandler-muz_rad_psy:0:shuff:737,cs:chandler-muz_rad_psy:0:shuff:728,see,see,viděl,vidět,impf
en:chandler-muz_rad_psy:0:shuff:739,cs:chandler-muz_rad_psy:0:shuff:731,talk,talk,promluvit,promluvit,pf
en:chandler-muz_rad_psy:0:shuff:741,cs:chandler-muz_rad_psy:0:shuff:733,stripped,strip,Svlékl,svléknout,pf
en:chandler-muz_rad_psy:0:shuff:743,cs:chandler-muz_rad_psy:0:shuff:735,took,take,Trvalo,trvat,impf
en:chandler-muz_rad_psy:0:shuff:743,cs:chandler-muz_rad_psy:0:shuff:735,took,take,zabrat,zabrat,pf
en:chandler-muz_rad_psy:0:shuff:745,cs:chandler-muz_rad_psy:0:shuff:737,see,see,vidět,vidět,impf
en:chandler-muz_rad_psy:0:shuff:752,cs:chandler-muz_rad_psy:0:shuff:743,do,do,dělat,dělat,impf
en:chandler-muz_rad_psy:0:shuff:753,cs:chandler-muz_rad_psy:0:shuff:744,missed,miss,chybit,chybit,pf
en:chandler-muz_rad_psy:0:shuff:754,cs:chandler-muz_rad_psy:0:shuff:745,hung,hang,Zavěsil,zavěsit,pf
en:chandler-muz_rad_psy:0:shuff:754,cs:chandler-muz_rad_psy:0:shuff:745,put,put,položil,položit,pf
en:chandler-muz_rad_psy:0:shuff:754,cs:chandler-muz_rad_psy:0:shuff:745,put,put,dal,dát,pf
en:chandler-muz_rad_psy:0:shuff:760,cs:chandler-muz_rad_psy:0:shuff:751,lit,light,Zapálil,zapálit,pf
en:chandler-muz_rad_psy:0:shuff:760,cs:chandler-muz_rad_psy:0:shuff:751,looking,look,koukal,koukat,impf
en:chandler-muz_rad_psy:0:shuff:762,cs:chandler-muz_rad_psy:0:shuff:753,watched,watch,Pozoroval,pozorovat,impf
en:chandler-muz_rad_psy:0:shuff:768,cs:chandler-muz_rad_psy:0:shuff:758,call,call,Říkají,říkat,impf
en:chandler-muz_rad_psy:0:shuff:768,cs:chandler-muz_rad_psy:0:shuff:758,go,go,nevede,vést,impf
en:chandler-muz_rad_psy:0:shuff:770,cs:chandler-muz_rad_psy:0:shuff:760,keep,keep,Dostal,dostat,pf
en:chandler-muz_rad_psy:0:shuff:770,cs:chandler-muz_rad_psy:0:shuff:760,keep,keep,měl,mít,impf
en:chandler-muz_rad_psy:0:shuff:773,cs:chandler-muz_rad_psy:0:shuff:763,walked,walk,šel,jít,impf
en:chandler-muz_rad_psy:0:shuff:773,cs:chandler-muz_rad_psy:0:shuff:763,walking,walk,šel,jít,impf
en:chandler-muz_rad_psy:0:shuff:773,cs:chandler-muz_rad_psy:0:shuff:763,walked,walk,chodil,chodit,impf
en:chandler-muz_rad_psy:0:shuff:773,cs:chandler-muz_rad_psy:0:shuff:763,walking,walk,chodil,chodit,impf
en:chandler-muz_rad_psy:0:shuff:773,cs:chandler-muz_rad_psy:0:shuff:763,walked,walk,chodil,chodit,impf
en:chandler-muz_rad_psy:0:shuff:773,cs:chandler-muz_rad_psy:0:shuff:763,walking,walk,chodil,chodit,impf
en:chandler-muz_rad_psy:0:shuff:775,cs:chandler-muz_rad_psy:0:shuff:765,lay,lie,Ležel,ležet,impf
en:chandler-muz_rad_psy:0:shuff:775,cs:chandler-muz_rad_psy:0:shuff:765,started,start,začal,začít,pf
en:chandler-muz_rad_psy:0:shuff:775,cs:chandler-muz_rad_psy:0:shuff:765,dial,dial,vytáčet,vytáčet,impf
en:chandler-muz_rad_psy:0:shuff:779,cs:chandler-muz_rad_psy:0:shuff:769,got,get,Dostali,dostat,pf
en:chandler-muz_rad_psy:0:shuff:780,cs:chandler-muz_rad_psy:0:shuff:770,thank,thank,poděkujete,poděkovat,pf
en:chandler-muz_rad_psy:0:shuff:787,cs:chandler-muz_rad_psy:0:shuff:777,shouted,shout,vykřikl,vykřiknout,pf
en:chandler-muz_rad_psy:0:shuff:790,cs:chandler-muz_rad_psy:0:shuff:780,touched,touch,Sáhl,sáhnout,pf
en:chandler-muz_rad_psy:0:shuff:790,cs:chandler-muz_rad_psy:0:shuff:780,draw,draw,nevytáhl,vytáhnout,pf
en:chandler-muz_rad_psy:0:shuff:791,cs:chandler-muz_rad_psy:0:shuff:781,laughed,laugh,smál,smát,impf
en:chandler-muz_rad_psy:0:shuff:794,cs:chandler-muz_rad_psy:0:shuff:784,changed,change,nezměnilo,změnit,pf
en:chandler-muz_rad_psy:0:shuff:795,cs:chandler-muz_rad_psy:0:shuff:785,see,see,Neviděl,vidět,impf
en:chandler-muz_rad_psy:0:shuff:795,cs:chandler-muz_rad_psy:0:shuff:785,hit,hit,zasáhla,zasáhnout,pf
en:chandler-muz_rad_psy:0:shuff:796,cs:chandler-muz_rad_psy:0:shuff:786,hit,hit,udeřila,udeřit,pf
en:chandler-muz_rad_psy:0:shuff:797,cs:chandler-muz_rad_psy:0:shuff:787,lay,lie,Ležel,ležet,impf
en:chandler-muz_rad_psy:0:shuff:798,cs:chandler-muz_rad_psy:0:shuff:788,asked,ask,zeptal,zeptat,pf
en:chandler-muz_rad_psy:0:shuff:799,cs:chandler-muz_rad_psy:0:shuff:789,let,let,nechal,nechat,pf
en:chandler-muz_rad_psy:0:shuff:799,cs:chandler-muz_rad_psy:0:shuff:789,yelled,yell,křičel,křičet,impf
en:chandler-muz_rad_psy:0:shuff:801,cs:chandler-muz_rad_psy:0:shuff:791,let,let,Nechali,nechat,pf
en:chandler-muz_rad_psy:0:shuff:810,cs:chandler-muz_rad_psy:0:shuff:800,dropped,drop,spustil,spustit,pf
en:chandler-muz_rad_psy:0:shuff:810,cs:chandler-muz_rad_psy:0:shuff:800,dropped,drop,padl,padnout,pf
en:chandler-muz_rad_psy:0:shuff:811,cs:chandler-muz_rad_psy:0:shuff:801,fell,fall,dopadl,dopadnout,pf
en:chandler-muz_rad_psy:0:shuff:815,cs:chandler-muz_rad_psy:0:shuff:805,tried,try,snažily,snažit,impf
en:chandler-muz_rad_psy:0:shuff:818,cs:chandler-muz_rad_psy:0:shuff:809,got,get,dostal,dostat,pf
en:chandler-muz_rad_psy:0:shuff:818,cs:chandler-muz_rad_psy:0:shuff:809,rang,ring,zvonit,zvonit,impf
en:chandler-muz_rad_psy:0:shuff:819,cs:chandler-muz_rad_psy:0:shuff:810,came,come,přicházelo,přicházet,impf
en:chandler-muz_rad_psy:0:shuff:819,cs:chandler-muz_rad_psy:0:shuff:810,answered,answer,odpovídal,odpovídat,impf
en:chandler-muz_rad_psy:0:shuff:820,cs:chandler-muz_rad_psy:0:shuff:811,saw,see,spatřil,spatřit,pf
en:chandler-muz_rad_psy:0:shuff:820,cs:chandler-muz_rad_psy:0:shuff:811,talking,talk,hovoří,hovořit,impf
en:chandler-muz_rad_psy:0:shuff:821,cs:chandler-muz_rad_psy:0:shuff:812,waited,wait,Čekal,čekat,impf
en:chandler-muz_rad_psy:0:shuff:821,cs:chandler-muz_rad_psy:0:shuff:812,hung,hang,zavěsí,zavěsit,pf
en:chandler-muz_rad_psy:0:shuff:822,cs:chandler-muz_rad_psy:0:shuff:813,listened,listen,naslouchal,naslouchat,impf
en:chandler-muz_rad_psy:0:shuff:826,cs:chandler-muz_rad_psy:0:shuff:817,told,tell,Vyprávěl,vyprávět,impf
en:chandler-muz_rad_psy:0:shuff:827,cs:chandler-muz_rad_psy:0:shuff:818,told,tell,řekl,říci,pf
en:chandler-muz_rad_psy:0:shuff:831,cs:chandler-muz_rad_psy:0:shuff:822,looking,look,Hledám,hledat,impf
en:chandler-muz_rad_psy:0:shuff:838,cs:chandler-muz_rad_psy:0:shuff:828,shot,shoot,Střílel,střílet,impf
en:chandler-muz_rad_psy:0:shuff:846,cs:chandler-muz_rad_psy:0:shuff:835,crunching,crunch,rozdrtil,rozdrtit,pf
en:chandler-muz_rad_psy:0:shuff:847,cs:chandler-muz_rad_psy:0:shuff:836,told,tell,vyprávěl,vyprávět,impf
en:chandler-muz_rad_psy:0:shuff:847,cs:chandler-muz_rad_psy:0:shuff:836,let,let,nechali,nechat,pf
en:chandler-muz_rad_psy:0:shuff:847,cs:chandler-muz_rad_psy:0:shuff:836,go,go,odejít,odejít,pf
en:chandler-muz_rad_psy:0:shuff:848,cs:chandler-muz_rad_psy:0:shuff:837,indicted,indict,obžalovala,obžalovat,pf
en:chandler-muz_rad_psy:0:shuff:849,cs:chandler-muz_rad_psy:0:shuff:838,heard,hear,slyšel,slyšet,impf
en:chandler-muz_rad_psy:0:shuff:850,cs:chandler-muz_rad_psy:0:shuff:839,said,say,prohlásil,prohlásit,pf
en:chandler-muz_rad_psy:0:shuff:850,cs:chandler-muz_rad_psy:0:shuff:839,owed,owe,dluží,dlužit,impf
en:chandler-muz_rad_psy:0:shuff:850,cs:chandler-muz_rad_psy:0:shuff:839,use,use,použít,použít,pf
en:chandler-muz_rad_psy:0:shuff:853,cs:chandler-muz_rad_psy:0:shuff:844,waited,wait,Čekal,čekat,impf
en:chandler-muz_rad_psy:0:shuff:862,cs:chandler-muz_rad_psy:0:shuff:853,pointed,point,zamířil,zamířit,pf
en:chandler-muz_rad_psy:0:shuff:865,cs:chandler-muz_rad_psy:0:shuff:856,get,get,získat,získat,pf
en:chandler-muz_rad_psy:0:shuff:867,cs:chandler-muz_rad_psy:0:shuff:858,want,want,Nechtějte,chtít,impf
en:chandler-muz_rad_psy:0:shuff:870,cs:chandler-muz_rad_psy:0:shuff:861,suppose,suppose,Předpokládám,předpokládat,impf
en:chandler-muz_rad_psy:0:shuff:872,cs:chandler-muz_rad_psy:0:shuff:863,put,put,pokládal,pokládat,impf
en:chandler-muz_rad_psy:0:shuff:878,cs:chandler-muz_rad_psy:0:shuff:869,gave,give,dával,dávat,impf
en:chandler-muz_rad_psy:0:shuff:880,cs:chandler-muz_rad_psy:0:shuff:871,presume,presume,Předpokládám,předpokládat,impf
en:chandler-muz_rad_psy:0:shuff:880,cs:chandler-muz_rad_psy:0:shuff:871,going,go,šlo,jít,impf
en:chandler-muz_rad_psy:0:shuff:882,cs:chandler-muz_rad_psy:0:shuff:873,said,say,řekl,říci,pf
en:chandler-muz_rad_psy:0:shuff:886,cs:chandler-muz_rad_psy:0:shuff:877,go,go,odejdete,odejít,pf
en:chandler-muz_rad_psy:0:shuff:887,cs:chandler-muz_rad_psy:0:shuff:878,made,make,vytvářela,vytvářet,impf
en:chandler-muz_rad_psy:0:shuff:892,cs:chandler-muz_rad_psy:0:shuff:885,looked,look,hleděl,hledět,impf
en:chandler-muz_rad_psy:0:shuff:893,cs:chandler-muz_rad_psy:0:shuff:886,touched,touch,Dotkl,dotknout,pf
en:chandler-muz_rad_psy:0:shuff:894,cs:chandler-muz_rad_psy:0:shuff:887,opened,open,otevřela,otevřít,pf
en:chandler-muz_rad_psy:0:shuff:895,cs:chandler-muz_rad_psy:0:shuff:888,whispered,whisper,zašeptala,zašeptat,pf
en:chandler-muz_rad_psy:0:shuff:899,cs:chandler-muz_rad_psy:0:shuff:891,closed,close,zavřely,zavřít,pf
en:chandler-muz_rad_psy:0:shuff:902,cs:chandler-muz_rad_psy:0:shuff:894,killed,kill,nezabil,zabít,pf
en:chandler-muz_rad_psy:0:shuff:902,cs:chandler-muz_rad_psy:0:shuff:894,scared,scare,nepolekal,polekat,pf
en:chandler-muz_rad_psy:0:shuff:902,cs:chandler-muz_rad_psy:0:shuff:894,selling,sell,neprodal,prodat,pf
en:chandler-muz_rad_psy:0:shuff:905,cs:chandler-muz_rad_psy:0:shuff:897,listened,listen,Poslouchal,poslouchat,impf
en:chandler-muz_rad_psy:0:shuff:907,cs:chandler-muz_rad_psy:0:shuff:899,read,read,četl,číst,impf
en:chandler-muz_rad_psy:0:shuff:907,cs:chandler-muz_rad_psy:0:shuff:899,causing,cause,působí,působit,impf
en:chandler-muz_rad_psy:0:shuff:909,cs:chandler-muz_rad_psy:0:shuff:901,abstracted,abstract,odcizeno,odcizit,pf
en:chandler-muz_rad_psy:0:shuff:910,cs:chandler-muz_rad_psy:0:shuff:902,went,go,Šel,jít,impf
en:chandler-muz_rad_psy:0:shuff:910,cs:chandler-muz_rad_psy:0:shuff:902,woke,wake,probudil,probudit,pf
en:chandler-muz_rad_psy:0:shuff:911,cs:chandler-muz_rad_psy:0:shuff:903,get,get,dostat,dostat,pf
en:chandler-muz_rad_psy:0:shuff:915,cs:chandler-muz_rad_psy:0:shuff:906,started,start,nezačal,začít,pf
en:chandler-muz_rad_psy:0:shuff:916,cs:chandler-muz_rad_psy:0:shuff:907,said,say,odpověděl,odpovědět,pf
en:chandler-muz_rad_psy:0:shuff:917,cs:chandler-muz_rad_psy:0:shuff:908,get,get,dostat,dostat,pf
en:chandler-muz_rad_psy:0:shuff:924,cs:chandler-muz_rad_psy:0:shuff:916,laughed,laugh,zasmál,zasmát,pf
en:chandler-muz_rad_psy:0:shuff:925,cs:chandler-muz_rad_psy:0:shuff:917,said,say,řekl,říci,pf
en:chandler-muz_rad_psy:0:shuff:927,cs:chandler-muz_rad_psy:0:shuff:919,Try,try,Zkus,zkusit,pf
en:chandler-muz_rad_psy:0:shuff:929,cs:chandler-muz_rad_psy:0:shuff:921,watched,watch,hlídal,hlídat,impf
en:chandler-muz_rad_psy:0:shuff:933,cs:chandler-muz_rad_psy:0:shuff:924,waited,wait,čekal,čekat,impf
en:chandler-muz_rad_psy:0:shuff:936,cs:chandler-muz_rad_psy:0:shuff:927,shouted,shout,vykřikl,vykřiknout,pf
en:chandler-muz_rad_psy:0:shuff:939,cs:chandler-muz_rad_psy:0:shuff:930,began,begin,začaly,začít,pf
en:chandler-muz_rad_psy:0:shuff:940,cs:chandler-muz_rad_psy:0:shuff:931,tried,try,snažil,snažit,impf
en:chandler-muz_rad_psy:0:shuff:952,cs:chandler-muz_rad_psy:0:shuff:944,bumped,bump,vrazil,vrazit,pf
en:chandler-muz_rad_psy:0:shuff:954,cs:chandler-muz_rad_psy:0:shuff:946,waited,wait,čekal,čekat,impf
en:chandler-muz_rad_psy:0:shuff:956,cs:chandler-muz_rad_psy:0:shuff:948,came,come,přijel,přijet,pf
en:chandler-muz_rad_psy:0:shuff:956,cs:chandler-muz_rad_psy:0:shuff:948,went,go,odjel,odjet,pf
en:chandler-muz_rad_psy:0:shuff:956,cs:chandler-muz_rad_psy:0:shuff:948,came,come,šel,jít,impf
en:chandler-muz_rad_psy:0:shuff:956,cs:chandler-muz_rad_psy:0:shuff:948,rode,ride,šel,jít,impf
en:chandler-muz_rad_psy:0:shuff:956,cs:chandler-muz_rad_psy:0:shuff:948,went,go,šel,jít,impf
en:chandler-muz_rad_psy:0:shuff:960,cs:chandler-muz_rad_psy:0:shuff:953,want,want,chcete,chtít,impf
en:chandler-muz_rad_psy:0:shuff:960,cs:chandler-muz_rad_psy:0:shuff:953,do,do,udělal,udělat,pf
en:chandler-muz_rad_psy:0:shuff:960,cs:chandler-muz_rad_psy:0:shuff:953,do,do,udělal,udělat,pf
en:chandler-muz_rad_psy:0:shuff:961,cs:chandler-muz_rad_psy:0:shuff:954,Think,think,Myslíte,myslet,impf
en:chandler-muz_rad_psy:0:shuff:961,cs:chandler-muz_rad_psy:0:shuff:954,hear,hear,uslyšíte,uslyšet,pf
en:chandler-muz_rad_psy:0:shuff:962,cs:chandler-muz_rad_psy:0:shuff:955,said,say,odpověděl,odpovědět,pf
en:chandler-muz_rad_psy:0:shuff:963,cs:chandler-muz_rad_psy:0:shuff:956,seemed,seem,zdálo,zdát,impf
en:chandler-muz_rad_psy:0:shuff:967,cs:chandler-muz_rad_psy:0:shuff:960,want,want,chci,chtít,impf
en:chandler-muz_rad_psy:0:shuff:970,cs:chandler-muz_rad_psy:0:shuff:963,turned,turn,otočil,otočit,pf
en:chandler-muz_rad_psy:0:shuff:970,cs:chandler-muz_rad_psy:0:shuff:963,sat,sit,posadil,posadit,pf
en:chandler-muz_rad_psy:0:shuff:972,cs:chandler-muz_rad_psy:0:shuff:965,looked,look,koukali,koukat,impf
en:chandler-muz_rad_psy:0:shuff:975,cs:chandler-muz_rad_psy:0:shuff:967,looking,look,Hledám,hledat,impf
en:chandler-muz_rad_psy:0:shuff:975,cs:chandler-muz_rad_psy:0:shuff:967,look,look,Hledám,hledat,impf
en:chandler-muz_rad_psy:0:shuff:981,cs:chandler-muz_rad_psy:0:shuff:973,telling,tell,pověděl,povědět,pf
en:chandler-muz_rad_psy:0:shuff:986,cs:chandler-muz_rad_psy:0:shuff:977,asked,ask,zeptal,zeptat,pf
en:chandler-muz_rad_psy:0:shuff:991,cs:chandler-muz_rad_psy:0:shuff:982,held,hold,držela,držet,impf
en:chandler-muz_rad_psy:0:shuff:991,cs:chandler-muz_rad_psy:0:shuff:982,pointed,point,mířila,mířit,impf
en:chandler-muz_rad_psy:0:shuff:992,cs:chandler-muz_rad_psy:0:shuff:983,started,start,začala,začít,pf
en:chandler-muz_rad_psy:0:shuff:992,cs:chandler-muz_rad_psy:0:shuff:983,turn,turn,otáčet,otáčet,impf
en:chandler-muz_rad_psy:0:shuff:993,cs:chandler-muz_rad_psy:0:shuff:984,watched,watch,hlídal,hlídat,impf
en:chandler-muz_rad_psy:0:shuff:994,cs:chandler-muz_rad_psy:0:shuff:985,held,hold,držel,držet,impf
en:chandler-muz_rad_psy:0:shuff:996,cs:chandler-muz_rad_psy:0:shuff:987,bounced,bounce,odskakoval,odskakovat,impf
en:chandler-muz_rad_psy:0:shuff:998,cs:chandler-muz_rad_psy:0:shuff:989,tipped,tip,naklonil,naklonit,pf
en:chandler-muz_rad_psy:0:shuff:998,cs:chandler-muz_rad_psy:0:shuff:989,careened,careen,naklonil,naklonit,pf
en:chandler-muz_rad_psy:0:shuff:1000,cs:chandler-muz_rad_psy:0:shuff:991,sent,send,poslal,poslat,pf
en:chandler-muz_rad_psy:0:shuff:1009,cs:chandler-muz_rad_psy:0:shuff:998,showed,show,ukázal,ukázat,pf
en:chandler-muz_rad_psy:0:shuff:1013,cs:chandler-muz_rad_psy:0:shuff:1002,took,take,Uchopil,uchopit,pf
en:chandler-muz_rad_psy:0:shuff:1013,cs:chandler-muz_rad_psy:0:shuff:1002,wiped,wipe,otřel,otřít,pf
en:chandler-muz_rad_psy:0:shuff:1014,cs:chandler-muz_rad_psy:0:shuff:1003,sat,sit,Posadil,posadit,pf
en:chandler-muz_rad_psy:0:shuff:1014,cs:chandler-muz_rad_psy:0:shuff:1003,put,put,Posadil,posadit,pf
en:chandler-muz_rad_psy:0:shuff:1014,cs:chandler-muz_rad_psy:0:shuff:1003,put,put,položil,položit,pf
en:chandler-muz_rad_psy:0:shuff:1018,cs:chandler-muz_rad_psy:0:shuff:1007,rang,ring,zavolal,zavolat,pf
en:chandler-muz_rad_psy:0:shuff:1018,cs:chandler-muz_rad_psy:0:shuff:1007,found,find,našli,najít,pf
en:chandler-muz_rad_psy:0:shuff:1023,cs:chandler-muz_rad_psy:0:shuff:1011,shouted,shout,vykřikl,vykřiknout,pf
en:chandler-muz_rad_psy:0:shuff:1026,cs:chandler-muz_rad_psy:0:shuff:1014,poured,pour,nalil,nalít,pf
en:chandler-muz_rad_psy:0:shuff:1028,cs:chandler-muz_rad_psy:0:shuff:1016,looked,look,díval,dívat,impf
en:chandler-muz_rad_psy:0:shuff:1030,cs:chandler-muz_rad_psy:0:shuff:1019,see,see,neviděl,vidět,impf
en:chandler-muz_rad_psy:0:shuff:1031,cs:chandler-muz_rad_psy:0:shuff:1020,show,show,ukážu,ukázat,pf
en:chandler-muz_rad_psy:0:shuff:1032,cs:chandler-muz_rad_psy:0:shuff:1021,Goes,go,Vede,vést,impf
en:chandler-muz_rad_psy:0:shuff:1043,cs:chandler-muz_rad_psy:0:shuff:1030,Rented,rent,Pronajali,pronajmout,pf
en:chandler-muz_rad_psy:0:shuff:1045,cs:chandler-muz_rad_psy:0:shuff:1032,marched,march,šel,jít,impf
en:chandler-muz_rad_psy:0:shuff:1045,cs:chandler-muz_rad_psy:0:shuff:1032,lived,live,bydlel,bydlet,impf
en:chandler-muz_rad_psy:0:shuff:1046,cs:chandler-muz_rad_psy:0:shuff:1033,locked,lock,zamčeny,zamknout,pf
en:chandler-muz_rad_psy:0:shuff:1048,cs:chandler-muz_rad_psy:0:shuff:1035,phoned,phone,telefonoval,telefonovat,impf
en:chandler-muz_rad_psy:0:shuff:1049,cs:chandler-muz_rad_psy:0:shuff:1036,go,go,pojedem,jet,impf
en:chandler-muz_rad_psy:0:shuff:1054,cs:chandler-muz_rad_psy:0:shuff:1041,said,say,řekl,říci,pf
en:chandler-muz_rad_psy:0:shuff:1056,cs:chandler-muz_rad_psy:0:shuff:1043,go,go,šel,jít,impf
en:chandler-muz_rad_psy:0:shuff:1058,cs:chandler-muz_rad_psy:0:shuff:1045,say,say,neříkejte,říkat,impf
en:chandler-muz_rad_psy:0:shuff:1058,cs:chandler-muz_rad_psy:0:shuff:1045,pleaded,plead,žádal,žádat,impf
en:chandler-muz_rad_psy:0:shuff:1059,cs:chandler-muz_rad_psy:0:shuff:1046,cleaned,clean,vyčistil,vyčistit,pf
en:chandler-muz_rad_psy:0:shuff:1059,cs:chandler-muz_rad_psy:0:shuff:1046,do,do,vyčistil,vyčistit,pf
en:chandler-muz_rad_psy:0:shuff:1062,cs:chandler-muz_rad_psy:0:shuff:1049,looking,look,Díval,dívat,impf
en:chandler-muz_rad_psy:0:shuff:1067,cs:chandler-muz_rad_psy:0:shuff:1054,going,go,odcházím,odcházet,impf
en:chandler-muz_rad_psy:0:shuff:1068,cs:chandler-muz_rad_psy:0:shuff:1055,went,go,odcházel,odcházet,impf
en:chandler-muz_rad_psy:0:shuff:1070,cs:chandler-muz_rad_psy:0:shuff:1057,tried,try,nesnažil,snažit,impf
en:chandler-muz_rad_psy:0:shuff:1070,cs:chandler-muz_rad_psy:0:shuff:1057,opening,open,otevřel,otevřít,pf
en:chandler-muz_rad_psy:0:shuff:1071,cs:chandler-muz_rad_psy:0:shuff:1058,crossed,cross,Prošel,projít,pf
en:chandler-muz_rad_psy:0:shuff:1072,cs:chandler-muz_rad_psy:0:shuff:1059,sang,sing,zpíval,zpívat,impf
en:chandler-muz_rad_psy:0:shuff:1078,cs:chandler-muz_rad_psy:0:shuff:1066,got,get,dostal,dostat,pf
en:chandler-muz_rad_psy:0:shuff:1080,cs:chandler-muz_rad_psy:0:shuff:1068,smiled,smile,Usmál,usmát,pf
en:chandler-muz_rad_psy:0:shuff:1082,cs:chandler-muz_rad_psy:0:shuff:1070,get,get,Dostanu,dostat,pf
en:chandler-muz_rad_psy:0:shuff:1084,cs:chandler-muz_rad_psy:0:shuff:1072,Suppose,suppose,Předpokládejme,předpokládat,impf
en:chandler-muz_rad_psy:0:shuff:1085,cs:chandler-muz_rad_psy:0:shuff:1073,want,want,přát,přát,impf
en:chandler-muz_rad_psy:0:shuff:1086,cs:chandler-muz_rad_psy:0:shuff:1074,see,see,viděl,vidět,impf
en:chandler-muz_rad_psy:0:shuff:1087,cs:chandler-muz_rad_psy:0:shuff:1075,brought,bring,přinesl,přinést,pf
en:chandler-muz_rad_psy:0:shuff:1090,cs:chandler-muz_rad_psy:0:shuff:1078,said,say,odpověděl,odpovědět,pf
en:chandler-muz_rad_psy:0:shuff:1091,cs:chandler-muz_rad_psy:0:shuff:1079,opened,open,otevřel,otevřít,pf
en:chandler-muz_rad_psy:0:shuff:1103,cs:chandler-muz_rad_psy:0:shuff:1090,said,say,řekl,říci,pf
en:chandler-muz_rad_psy:0:shuff:1105,cs:chandler-muz_rad_psy:0:shuff:1092,stared,stare,Zíral,zírat,impf
en:chandler-muz_rad_psy:0:shuff:1105,cs:chandler-muz_rad_psy:0:shuff:1092,say,say,neřekl,říci,pf
en:chandler-muz_rad_psy:0:shuff:1114,cs:chandler-muz_rad_psy:0:shuff:1099,came,come,nepřišel,přijít,pf
en:chandler-muz_rad_psy:0:shuff:1115,cs:chandler-muz_rad_psy:0:shuff:1100,tried,try,Zkusil,zkusit,pf
en:chandler-muz_rad_psy:0:shuff:1115,cs:chandler-muz_rad_psy:0:shuff:1100,opened,open,otevřel,otevřít,pf
en:chandler-muz_rad_psy:0:shuff:1117,cs:chandler-muz_rad_psy:0:shuff:1102,lay,lie,ležel,ležet,impf
en:chandler-muz_rad_psy:0:shuff:1119,cs:chandler-muz_rad_psy:0:shuff:1104,muttered,mutter,zamumlal,zamumlat,pf
en:chandler-muz_rad_psy:0:shuff:1120,cs:chandler-muz_rad_psy:0:shuff:1105,took,take,Popadl,popadnout,pf
en:chandler-muz_rad_psy:0:shuff:1123,cs:chandler-muz_rad_psy:0:shuff:1108,hurt,hurt,ublížilo,ublížit,pf
en:chandler-muz_rad_psy:0:shuff:1125,cs:chandler-muz_rad_psy:0:shuff:1110,slipped,slip,strčil,strčit,pf
en:chandler-muz_rad_psy:0:shuff:1126,cs:chandler-muz_rad_psy:0:shuff:1111,said,say,pronesl,pronést,pf
en:chandler-muz_rad_psy:0:shuff:1127,cs:chandler-muz_rad_psy:0:shuff:1112,think,think,Mám,mít,impf
en:chandler-muz_rad_psy:0:shuff:1128,cs:chandler-muz_rad_psy:0:shuff:1113,start,start,začnu,začít,pf
en:chandler-muz_rad_psy:0:shuff:1133,cs:chandler-muz_rad_psy:0:shuff:1117,saw,see,viděl,vidět,impf
en:chandler-muz_rad_psy:0:shuff:1136,cs:chandler-muz_rad_psy:0:shuff:1121,looked,look,Prohlédl,prohlédnout,pf
en:chandler-muz_rad_psy:0:shuff:1139,cs:chandler-muz_rad_psy:0:shuff:1123,stared,stare,zírala,zírat,impf
en:chandler-muz_rad_psy:0:shuff:1140,cs:chandler-muz_rad_psy:0:shuff:1124,smiled,smile,usmíval,usmívat,impf
en:chandler-muz_rad_psy:0:shuff:1140,cs:chandler-muz_rad_psy:0:shuff:1124,held,hold,měl,mít,impf
en:chandler-muz_rad_psy:0:shuff:1141,cs:chandler-muz_rad_psy:0:shuff:1125,thought,think,měl,mít,impf
en:chandler-muz_rad_psy:0:shuff:1141,cs:chandler-muz_rad_psy:0:shuff:1125,thought,think,uvažovat,uvažovat,impf
en:chandler-muz_rad_psy:0:shuff:1141,cs:chandler-muz_rad_psy:0:shuff:1125,said,say,pronesl,pronést,pf
en:chandler-muz_rad_psy:0:shuff:1146,cs:chandler-muz_rad_psy:0:shuff:1130,started,start,začal,začít,pf
en:chandler-muz_rad_psy:0:shuff:1147,cs:chandler-muz_rad_psy:0:shuff:1131,touched,touch,Dotkl,dotknout,pf
en:chandler-muz_rad_psy:0:shuff:1151,cs:chandler-muz_rad_psy:0:shuff:1135,watched,watch,Hleděl,hledět,impf
en:chandler-muz_rad_psy:0:shuff:1151,cs:chandler-muz_rad_psy:0:shuff:1135,watched,watch,pozoroval,pozorovat,impf
en:chandler-muz_rad_psy:0:shuff:1152,cs:chandler-muz_rad_psy:0:shuff:1136,went,go,jde,jít,impf
en:chandler-muz_rad_psy:0:shuff:1152,cs:chandler-muz_rad_psy:0:shuff:1136,goes,go,jde,jít,impf
en:chandler-muz_rad_psy:0:shuff:1153,cs:chandler-muz_rad_psy:0:shuff:1137,hurt,hurt,bolí,bolet,impf
en:chandler-muz_rad_psy:0:shuff:1153,cs:chandler-muz_rad_psy:0:shuff:1137,got,get,zasáhla,zasáhnout,pf
en:chandler-muz_rad_psy:0:shuff:1156,cs:chandler-muz_rad_psy:0:shuff:1141,hang,hang,pověsili,pověsit,pf
en:chandler-muz_rad_psy:0:shuff:1156,cs:chandler-muz_rad_psy:0:shuff:1141,tell,tell,vyprávět,vyprávět,impf
en:chandler-muz_rad_psy:0:shuff:1157,cs:chandler-muz_rad_psy:0:shuff:1142,told,tell,řekl,říci,pf
en:chandler-muz_rad_psy:0:shuff:1167,cs:chandler-muz_rad_psy:0:shuff:1152,Come,come,Jde,jít,impf
en:chandler-muz_rad_psy:0:shuff:1170,cs:chandler-muz_rad_psy:0:shuff:1155,tried,try,snažil,snažit,impf
en:chandler-muz_rad_psy:0:shuff:1170,cs:chandler-muz_rad_psy:0:shuff:1155,punch,punch,prorazit,prorazit,pf
en:chandler-muz_rad_psy:0:shuff:1171,cs:chandler-muz_rad_psy:0:shuff:1156,touch,touch,nedotkl,dotknout,pf
en:chandler-muz_rad_psy:0:shuff:1172,cs:chandler-muz_rad_psy:0:shuff:1157,make,make,Udělám,udělat,pf
en:chandler-muz_rad_psy:0:shuff:1173,cs:chandler-muz_rad_psy:0:shuff:1158,forget,forget,zapomenu,zapomenout,pf
en:chandler-muz_rad_psy:0:shuff:1174,cs:chandler-muz_rad_psy:0:shuff:1159,called,call,říkají,říkat,impf
en:chandler-muz_rad_psy:0:shuff:1176,cs:chandler-muz_rad_psy:0:shuff:1161,put,put,řekl,říci,pf
en:chandler-muz_rad_psy:0:shuff:1176,cs:chandler-muz_rad_psy:0:shuff:1161,said,say,řekl,říci,pf
en:chandler-muz_rad_psy:0:shuff:1179,cs:chandler-muz_rad_psy:0:shuff:1163,opened,open,otevřel,otevřít,pf
en:chandler-muz_rad_psy:0:shuff:1179,cs:chandler-muz_rad_psy:0:shuff:1163,fall,fall,spadne,spadnout,pf
en:chandler-muz_rad_psy:0:shuff:1186,cs:chandler-muz_rad_psy:0:shuff:1170,stuck,stick,strčil,strčit,pf
en:chandler-muz_rad_psy:0:shuff:1187,cs:chandler-muz_rad_psy:0:shuff:1171,pushed,push,Odstrčil,odstrčit,pf
en:chandler-muz_rad_psy:0:shuff:1188,cs:chandler-muz_rad_psy:0:shuff:1172,said,say,pronesl,pronést,pf
en:chandler-muz_rad_psy:0:shuff:1190,cs:chandler-muz_rad_psy:0:shuff:1174,live,live,bydlí,bydlet,impf
en:chandler-muz_rad_psy:0:shuff:1191,cs:chandler-muz_rad_psy:0:shuff:1175,thought,think,přemýšlel,přemýšlet,impf
en:chandler-muz_rad_psy:0:shuff:1193,cs:chandler-muz_rad_psy:0:shuff:1177,moved,move,Stěhovali,stěhovat,impf
en:chandler-muz_rad_psy:0:shuff:1193,cs:chandler-muz_rad_psy:0:shuff:1177,send,send,poslat,poslat,pf
en:chandler-muz_rad_psy:0:shuff:1193,cs:chandler-muz_rad_psy:0:shuff:1177,settled,settle,usadí,usadit,pf
en:chandler-muz_rad_psy:0:shuff:1194,cs:chandler-muz_rad_psy:0:shuff:1178,said,say,řekl,říci,pf
en:chandler-muz_rad_psy:0:shuff:1195,cs:chandler-muz_rad_psy:0:shuff:1179,worrying,worry,nebál,bát,impf
en:chandler-muz_rad_psy:0:shuff:1196,cs:chandler-muz_rad_psy:0:shuff:1180,lowered,lower,Spustil,spustit,pf
en:chandler-muz_rad_psy:0:shuff:1198,cs:chandler-muz_rad_psy:0:shuff:1182,tried,try,pokusil,pokusit,pf
en:chandler-muz_rad_psy:0:shuff:1201,cs:chandler-muz_rad_psy:0:shuff:1184,call,call,zavolejte,zavolat,pf
en:chandler-muz_rad_psy:0:shuff:1205,cs:chandler-muz_rad_psy:0:shuff:1187,say,say,Neodpověděl,odpovědět,pf
en:chandler-muz_rad_psy:0:shuff:1206,cs:chandler-muz_rad_psy:0:shuff:1188,said,say,řekl,říci,pf
en:chandler-muz_rad_psy:0:shuff:1206,cs:chandler-muz_rad_psy:0:shuff:1188,lay,lay,ležel,ležet,impf
en:chandler-muz_rad_psy:0:shuff:1213,cs:chandler-muz_rad_psy:0:shuff:1195,say,say,neřekl,říci,pf
en:chandler-muz_rad_psy:0:shuff:1216,cs:chandler-muz_rad_psy:0:shuff:1199,died,die,umřeli,umřít,pf
en:chandler-muz_rad_psy:0:shuff:1226,cs:chandler-muz_rad_psy:0:shuff:1210,shut,shut,zavřel,zavřít,pf
en:chandler-muz_rad_psy:0:shuff:1226,cs:chandler-muz_rad_psy:0:shuff:1210,locked,lock,zavřel,zavřít,pf
en:chandler-muz_rad_psy:0:shuff:1226,cs:chandler-muz_rad_psy:0:shuff:1210,shut,shut,zamkl,zamknout,pf
en:chandler-muz_rad_psy:0:shuff:1226,cs:chandler-muz_rad_psy:0:shuff:1210,locked,lock,zamkl,zamknout,pf
en:chandler-muz_rad_psy:0:shuff:1227,cs:chandler-muz_rad_psy:0:shuff:1211,fell,fall,usnul,usnout,pf
en:chandler-muz_rad_psy:0:shuff:1227,cs:chandler-muz_rad_psy:0:shuff:1211,fell,fall,dostal,dostat,pf
en:chandler-muz_rad_psy:0:shuff:1228,cs:chandler-muz_rad_psy:0:shuff:1212,woke,wake,probudil,probudit,pf
en:chandler-muz_rad_psy:0:shuff:1229,cs:chandler-muz_rad_psy:0:shuff:1213,tailed,tail,sledován,sledovat,impf
en:chandler-muz_rad_psy:0:shuff:1233,cs:chandler-muz_rad_psy:0:shuff:1217,slid,slide,klouzal,klouzat,impf
en:chandler-muz_rad_psy:0:shuff:1235,cs:chandler-muz_rad_psy:0:shuff:1219,remember,remember,pamatuju,pamatovat,impf
en:chandler-muz_rad_psy:0:shuff:1235,cs:chandler-muz_rad_psy:0:shuff:1219,phoned,phone,volala,volat,impf
en:chandler-muz_rad_psy:0:shuff:1240,cs:chandler-muz_rad_psy:0:shuff:1224,came,come,přišel,přijít,pf
en:chandler-muz_rad_psy:0:shuff:1246,cs:chandler-muz_rad_psy:0:shuff:1230,stopped,stop,Zůstali,zůstat,pf
en:chandler-muz_rad_psy:0:shuff:1246,cs:chandler-muz_rad_psy:0:shuff:1230,stared,stare,zírali,zírat,impf
en:chandler-muz_rad_psy:0:shuff:1246,cs:chandler-muz_rad_psy:0:shuff:1230,lay,lie,leželo,ležet,impf
en:chandler-muz_rad_psy:0:shuff:1248,cs:chandler-muz_rad_psy:0:shuff:1232,covered,cover,mířil,mířit,impf
en:chandler-muz_rad_psy:0:shuff:1253,cs:chandler-muz_rad_psy:0:shuff:1237,brought,bring,Přivedl,přivést,pf
en:chandler-muz_rad_psy:0:shuff:1253,cs:chandler-muz_rad_psy:0:shuff:1237,got,get,dostal,dostat,pf
en:chandler-muz_rad_psy:0:shuff:1254,cs:chandler-muz_rad_psy:0:shuff:1238,thought,think,myslet,myslet,impf
en:chandler-muz_rad_psy:0:shuff:1257,cs:chandler-muz_rad_psy:0:shuff:1241,stared,stare,zírali,zírat,impf
en:chandler-muz_rad_psy:0:shuff:1258,cs:chandler-muz_rad_psy:0:shuff:1242,said,say,řekl,říci,pf
en:chandler-muz_rad_psy:0:shuff:1260,cs:chandler-muz_rad_psy:0:shuff:1244,wanted,want,chtěli,chtít,impf
en:chandler-muz_rad_psy:0:shuff:1261,cs:chandler-muz_rad_psy:0:shuff:1245,looked,look,Prohlédl,prohlédnout,pf
en:chandler-muz_rad_psy:0:shuff:1265,cs:chandler-muz_rad_psy:0:shuff:1249,bawled,bawl,řval,řvát,impf
en:chandler-muz_rad_psy:0:shuff:1265,cs:chandler-muz_rad_psy:0:shuff:1249,began,begin,začaly,začít,pf
en:chandler-muz_rad_psy:0:shuff:1265,cs:chandler-muz_rad_psy:0:shuff:1249,tear,tear,trhat,trhat,impf
en:chandler-muz_rad_psy:0:shuff:1268,cs:chandler-muz_rad_psy:0:shuff:1252,grabbed,grab,popadl,popadnout,pf
en:chandler-muz_rad_psy:0:shuff:1268,cs:chandler-muz_rad_psy:0:shuff:1252,started,start,začal,začít,pf
en:chandler-muz_rad_psy:0:shuff:1269,cs:chandler-muz_rad_psy:0:shuff:1253,see,see,zahlédl,zahlédnout,pf
en:chandler-muz_rad_psy:0:shuff:1270,cs:chandler-muz_rad_psy:0:shuff:1254,shot,shoot,Střelil,střelit,pf
en:chandler-muz_rad_psy:0:shuff:1271,cs:chandler-muz_rad_psy:0:shuff:1255,see,see,vidět,vidět,impf
en:chandler-muz_rad_psy:0:shuff:1271,cs:chandler-muz_rad_psy:0:shuff:1255,doing,do,dělá,dělat,impf
en:chandler-muz_rad_psy:0:shuff:1274,cs:chandler-muz_rad_psy:0:shuff:1258,fell,fall,padl,padnout,pf
en:chandler-muz_rad_psy:0:shuff:1275,cs:chandler-muz_rad_psy:0:shuff:1259,laughing,laugh,smál,smát,impf
en:chandler-muz_rad_psy:0:shuff:1277,cs:chandler-muz_rad_psy:0:shuff:1261,turned,turn,otočil,otočit,pf
en:chandler-muz_rad_psy:0:shuff:1277,cs:chandler-muz_rad_psy:0:shuff:1261,opened,open,otevřely,otevřít,pf
en:chandler-muz_rad_psy:0:shuff:1278,cs:chandler-muz_rad_psy:0:shuff:1262,looked,look,podíval,podívat,pf
en:chandler-muz_rad_psy:0:shuff:1281,cs:chandler-muz_rad_psy:0:shuff:1265,go,go,nešla,jít,impf
en:chandler-muz_rad_psy:0:shuff:1282,cs:chandler-muz_rad_psy:0:shuff:1266,see,see,uviděla,uvidět,pf
en:chandler-muz_rad_psy:0:shuff:1283,cs:chandler-muz_rad_psy:0:shuff:1267,told,tell,Řekla,říci,pf
en:chandler-muz_rad_psy:0:shuff:1289,cs:chandler-muz_rad_psy:0:shuff:1273,talking,talk,hovořil,hovořit,impf
en:chandler-muz_rad_psy:0:shuff:1290,cs:chandler-muz_rad_psy:0:shuff:1274,stopped,stop,přestávala,přestávat,impf
en:chandler-muz_rad_psy:0:shuff:1294,cs:chandler-muz_rad_psy:0:shuff:1278,Think,think,Myslíš,myslet,impf
en:chandler-muz_rad_psy:0:shuff:1294,cs:chandler-muz_rad_psy:0:shuff:1278,handle,handle,zvládneš,zvládnout,pf
en:chandler-muz_rad_psy:0:shuff:1298,cs:chandler-muz_rad_psy:0:shuff:1281,hired,hire,Najali,najmout,pf
en:chandler-muz_rad_psy:0:shuff:1298,cs:chandler-muz_rad_psy:0:shuff:1281,find,find,našel,najít,pf
en:chandler-muz_rad_psy:0:shuff:1302,cs:chandler-muz_rad_psy:0:shuff:1285,hear,hear,Slyšela,slyšet,impf
en:chandler-muz_rad_psy:0:shuff:1303,cs:chandler-muz_rad_psy:0:shuff:1286,said,say,odpověděla,odpovědět,pf
en:chandler-muz_rad_psy:0:shuff:1303,cs:chandler-muz_rad_psy:0:shuff:1286,stared,stare,zírala,zírat,impf
en:chandler-muz_rad_psy:0:shuff:1307,cs:chandler-muz_rad_psy:0:shuff:1291,listen,listen,poslouchat,poslouchat,impf
en:chandler-muz_rad_psy:0:shuff:1309,cs:chandler-muz_rad_psy:0:shuff:1293,call,call,Říkejte,říkat,impf
en:chandler-muz_rad_psy:0:shuff:1312,cs:chandler-muz_rad_psy:0:shuff:1296,smiled,smile,usmál,usmát,pf
en:chandler-muz_rad_psy:0:shuff:1312,cs:chandler-muz_rad_psy:0:shuff:1296,touched,touch,dotkl,dotknout,pf
en:chandler-muz_rad_psy:0:shuff:1314,cs:chandler-muz_rad_psy:0:shuff:1298,get,get,dostat,dostat,pf
en:chandler-muz_rad_psy:0:shuff:1319,cs:chandler-muz_rad_psy:0:shuff:1303,listened,listen,naslouchal,naslouchat,impf
en:chandler-muz_rad_psy:0:shuff:1320,cs:chandler-muz_rad_psy:0:shuff:1304,stopped,stop,přestal,přestat,pf
en:chandler-muz_rad_psy:0:shuff:1321,cs:chandler-muz_rad_psy:0:shuff:1305,touching,touch,dotýkal,dotýkat,impf
en:chandler-muz_rad_psy:0:shuff:1321,cs:chandler-muz_rad_psy:0:shuff:1305,turned,turn,otočil,otočit,pf
en:chandler-muz_rad_psy:0:shuff:1322,cs:chandler-muz_rad_psy:0:shuff:1306,said,say,řekne,říci,pf
en:chandler-muz_rad_psy:0:shuff:1322,cs:chandler-muz_rad_psy:0:shuff:1306,said,say,odpověděl,odpovědět,pf
en:chandler-muz_rad_psy:0:shuff:1322,cs:chandler-muz_rad_psy:0:shuff:1306,watched,watch,pozoroval,pozorovat,impf
en:chandler-muz_rad_psy:0:shuff:1322,cs:chandler-muz_rad_psy:0:shuff:1306,watched,watch,pozoroval,pozorovat,impf
en:chandler-muz_rad_psy:0:shuff:1326,cs:chandler-muz_rad_psy:0:shuff:1310,got,get,dostat,dostat,pf
en:chandler-muz_rad_psy:0:shuff:1327,cs:chandler-muz_rad_psy:0:shuff:1311,open,open,otevřít,otevřít,pf
en:chandler-muz_rad_psy:0:shuff:1331,cs:chandler-muz_rad_psy:0:shuff:1315,bore,bore,Otravuju,otravovat,impf
en:chandler-muz_rad_psy:0:shuff:1333,cs:chandler-muz_rad_psy:0:shuff:1317,mumbled,mumble,zamumlal,zamumlat,pf
en:chandler-muz_rad_psy:0:shuff:1336,cs:chandler-muz_rad_psy:0:shuff:1320,looked,look,koukala,koukat,impf
en:chandler-muz_rad_psy:0:shuff:1336,cs:chandler-muz_rad_psy:0:shuff:1320,tried,try,snažila,snažit,impf
en:chandler-muz_rad_psy:0:shuff:1339,cs:chandler-muz_rad_psy:0:shuff:1323,went,go,mířili,mířit,impf
en:chandler-muz_rad_psy:0:shuff:1340,cs:chandler-muz_rad_psy:0:shuff:1324,led,lead,Vedly,vést,impf
en:chandler-muz_rad_psy:0:shuff:1341,cs:chandler-muz_rad_psy:0:shuff:1325,heard,hear,slyšeli,slyšet,impf
en:chandler-muz_rad_psy:0:shuff:1346,cs:chandler-muz_rad_psy:0:shuff:1330,locked,lock,Zamkl,zamknout,pf
en:chandler-muz_rad_psy:0:shuff:1346,cs:chandler-muz_rad_psy:0:shuff:1330,left,leave,opustil,opustit,pf
en:chandler-muz_rad_psy:0:shuff:1351,cs:chandler-muz_rad_psy:0:shuff:1335,ran,run,utekla,utéci,pf
en:chandler-muz_rad_psy:0:shuff:1351,cs:chandler-muz_rad_psy:0:shuff:1335,seen,see,viděli,vidět,impf
en:chandler-muz_rad_psy:0:shuff:1352,cs:chandler-muz_rad_psy:0:shuff:1336,found,find,našel,najít,pf
en:chandler-muz_rad_psy:0:shuff:1353,cs:chandler-muz_rad_psy:0:shuff:1337,asked,ask,zeptal,zeptat,pf
en:chandler-muz_rad_psy:0:shuff:1356,cs:chandler-muz_rad_psy:0:shuff:1340,turn,turn,Otočte,otočit,pf
en:chandler-muz_rad_psy:0:shuff:1360,cs:chandler-muz_rad_psy:0:shuff:1343,lift,lift,nezdvihl,zdvihnout,pf
en:chandler-muz_rad_psy:0:shuff:1363,cs:chandler-muz_rad_psy:0:shuff:1346,go,go,jít,jít,impf
en:chandler-muz_rad_psy:0:shuff:1366,cs:chandler-muz_rad_psy:0:shuff:1349,waited,wait,Čekali,čekat,impf
en:chandler-muz_rad_psy:0:shuff:1367,cs:chandler-muz_rad_psy:0:shuff:1350,opened,open,otevřelo,otevřít,pf
en:chandler-muz_rad_psy:0:shuff:1370,cs:chandler-muz_rad_psy:0:shuff:1353,reached,reach,sáhl,sáhnout,pf
en:chandler-muz_rad_psy:0:shuff:1370,cs:chandler-muz_rad_psy:0:shuff:1353,poured,pour,nalil,nalít,pf
en:chandler-muz_rad_psy:0:shuff:1371,cs:chandler-muz_rad_psy:0:shuff:1354,wiped,wipe,otřel,otřít,pf
en:chandler-muz_rad_psy:0:shuff:1375,cs:chandler-muz_rad_psy:0:shuff:1357,screamed,scream,vykřikla,vykřiknout,pf
en:chandler-muz_rad_psy:0:shuff:1387,cs:chandler-muz_rad_psy:0:shuff:1369,shot,shoot,střelil,střelit,pf
en:chandler-muz_rad_psy:0:shuff:1388,cs:chandler-muz_rad_psy:0:shuff:1370,try,try,pokusíme,pokusit,pf
en:chandler-muz_rad_psy:0:shuff:1390,cs:chandler-muz_rad_psy:0:shuff:1372,told,tell,řekl,říci,pf
en:chandler-muz_rad_psy:0:shuff:1391,cs:chandler-muz_rad_psy:0:shuff:1373,said,say,pronesl,pronést,pf
en:chandler-muz_rad_psy:0:shuff:1394,cs:chandler-muz_rad_psy:0:shuff:1376,dropped,drop,spustil,spustit,pf
en:chandler-muz_rad_psy:0:shuff:1394,cs:chandler-muz_rad_psy:0:shuff:1376,climbed,climb,vylezl,vylézt,pf
en:chandler-muz_rad_psy:0:shuff:1402,cs:chandler-muz_rad_psy:0:shuff:1384,looked,look,podíval,podívat,pf
en:chandler-muz_rad_psy:0:shuff:1416,cs:chandler-muz_rad_psy:0:shuff:1399,holding,hold,držíte,držet,impf
en:chandler-muz_rad_psy:0:shuff:1418,cs:chandler-muz_rad_psy:0:shuff:1401,see,see,Vidím,vidět,impf
en:chandler-muz_rad_psy:0:shuff:1421,cs:chandler-muz_rad_psy:0:shuff:1404,work,work,pracovat,pracovat,impf
en:chandler-muz_rad_psy:0:shuff:1424,cs:chandler-muz_rad_psy:0:shuff:1406,jumped,jump,vyskočil,vyskočit,pf
en:chandler-muz_rad_psy:0:shuff:1424,cs:chandler-muz_rad_psy:0:shuff:1406,stung,sting,píchla,píchnout,pf
en:chandler-muz_rad_psy:0:shuff:1425,cs:chandler-muz_rad_psy:0:shuff:1407,hit,hit,uhodil,uhodit,pf
en:chandler-muz_rad_psy:0:shuff:1426,cs:chandler-muz_rad_psy:0:shuff:1408,moved,move,pohnula,pohnout,pf
en:chandler-muz_rad_psy:0:shuff:1427,cs:chandler-muz_rad_psy:0:shuff:1409,caught,catch,zachytilo,zachytit,pf
en:chandler-muz_rad_psy:0:shuff:1427,cs:chandler-muz_rad_psy:0:shuff:1409,fell,fall,spadlo,spadnout,pf
en:chandler-muz_rad_psy:0:shuff:1431,cs:chandler-muz_rad_psy:0:shuff:1413,gotta,gotta,Musíme,muset,impf
en:chandler-muz_rad_psy:0:shuff:1432,cs:chandler-muz_rad_psy:0:shuff:1414,came,come,přijel,přijet,pf
en:chandler-muz_rad_psy:0:shuff:1432,cs:chandler-muz_rad_psy:0:shuff:1414,look,look,hledat,hledat,impf
en:chandler-muz_rad_psy:0:shuff:1433,cs:chandler-muz_rad_psy:0:shuff:1415,looking,look,hledám,hledat,impf
en:chandler-muz_rad_psy:0:shuff:1434,cs:chandler-muz_rad_psy:0:shuff:1416,hide,hide,skrývali,skrývat,impf
en:chandler-muz_rad_psy:0:shuff:1440,cs:chandler-muz_rad_psy:0:shuff:1421,tie,tie,svážou,svázat,pf
en:chandler-muz_rad_psy:0:shuff:1440,cs:chandler-muz_rad_psy:0:shuff:1421,stick,stick,strčí,strčit,pf
en:chandler-muz_rad_psy:0:shuff:1441,cs:chandler-muz_rad_psy:0:shuff:1422,hear,hear,slyšíme,slyšet,impf
en:chandler-muz_rad_psy:0:shuff:1446,cs:chandler-muz_rad_psy:0:shuff:1427,told,tell,sdělil,sdělit,pf
en:chandler-muz_rad_psy:0:shuff:1449,cs:chandler-muz_rad_psy:0:shuff:1430,forgot,forget,Zapomněl,zapomenout,pf
en:chandler-muz_rad_psy:0:shuff:1452,cs:chandler-muz_rad_psy:0:shuff:1433,made,make,vytvářely,vytvářet,impf
en:chandler-muz_rad_psy:0:shuff:1453,cs:chandler-muz_rad_psy:0:shuff:1434,covered,cover,pokrývala,pokrývat,impf
en:chandler-muz_rad_psy:0:shuff:1453,cs:chandler-muz_rad_psy:0:shuff:1434,rose,rise,rostla,růst,impf
en:chandler-muz_rad_psy:0:shuff:1453,cs:chandler-muz_rad_psy:0:shuff:1434,grew,grow,rostla,růst,impf
en:chandler-muz_rad_psy:0:shuff:1454,cs:chandler-muz_rad_psy:0:shuff:1435,said,say,prohlásil,prohlásit,pf
en:chandler-muz_rad_psy:0:shuff:1454,cs:chandler-muz_rad_psy:0:shuff:1435,hoped,hope,doufám,doufat,impf
en:chandler-muz_rad_psy:0:shuff:1462,cs:chandler-muz_rad_psy:0:shuff:1445,think,think,myslíte,myslet,impf
en:chandler-muz_rad_psy:0:shuff:1462,cs:chandler-muz_rad_psy:0:shuff:1445,lying,lie,lžu,lhát,impf
en:chandler-muz_rad_psy:0:shuff:1465,cs:chandler-muz_rad_psy:0:shuff:1448,think,think,Myslím,myslet,impf
en:chandler-muz_rad_psy:0:shuff:1465,cs:chandler-muz_rad_psy:0:shuff:1448,wanted,want,chtěl,chtít,impf
en:chandler-muz_rad_psy:0:shuff:1467,cs:chandler-muz_rad_psy:0:shuff:1450,disappeared,disappear,zmizela,zmizet,pf
en:chandler-muz_rad_psy:0:shuff:1468,cs:chandler-muz_rad_psy:0:shuff:1451,showed,show,objevila,objevit,pf
en:chandler-muz_rad_psy:0:shuff:1469,cs:chandler-muz_rad_psy:0:shuff:1452,shut,shut,Zavřel,zavřít,pf
en:chandler-muz_rad_psy:0:shuff:1471,cs:chandler-muz_rad_psy:0:shuff:1454,Say,say,Řekněte,říci,pf
en:chandler-muz_rad_psy:0:shuff:1471,cs:chandler-muz_rad_psy:0:shuff:1454,whispered,whisper,zašeptal,zašeptat,pf
en:chandler-muz_rad_psy:0:shuff:1472,cs:chandler-muz_rad_psy:0:shuff:1455,opened,open,Otevřel,otevřít,pf
en:chandler-muz_rad_psy:0:shuff:1472,cs:chandler-muz_rad_psy:0:shuff:1455,pointed,point,ukázal,ukázat,pf
en:chandler-muz_rad_psy:0:shuff:1475,cs:chandler-muz_rad_psy:0:shuff:1458,sat,sit,Seděl,sedět,impf
en:chandler-muz_rad_psy:0:shuff:1477,cs:chandler-muz_rad_psy:0:shuff:1460,drove,drive,vedla,vést,impf
en:chandler-muz_rad_psy:0:shuff:1477,cs:chandler-muz_rad_psy:0:shuff:1460,ran,run,vedla,vést,impf
en:chandler-muz_rad_psy:0:shuff:1479,cs:chandler-muz_rad_psy:0:shuff:1463,heard,hear,zaslechl,zaslechnout,pf
en:chandler-muz_rad_psy:0:shuff:1480,cs:chandler-muz_rad_psy:0:shuff:1464,went,go,pokračovalo,pokračovat,impf
en:chandler-muz_rad_psy:0:shuff:1481,cs:chandler-muz_rad_psy:0:shuff:1465,regret,regret,litovat,litovat,impf
en:chandler-muz_rad_psy:0:shuff:1482,cs:chandler-muz_rad_psy:0:shuff:1466,put,put,dal,dát,pf
en:chandler-muz_rad_psy:0:shuff:1483,cs:chandler-muz_rad_psy:0:shuff:1467,opened,open,otevřel,otevřít,pf
en:chandler-muz_rad_psy:0:shuff:1483,cs:chandler-muz_rad_psy:0:shuff:1467,wanted,want,chtěla,chtít,impf
en:chandler-muz_rad_psy:0:shuff:1483,cs:chandler-muz_rad_psy:0:shuff:1467,got,get,dosáhnout,dosáhnout,pf
en:chandler-muz_rad_psy:0:shuff:1483,cs:chandler-muz_rad_psy:0:shuff:1467,reach,reach,dosáhnout,dosáhnout,pf
en:chandler-muz_rad_psy:0:shuff:1486,cs:chandler-muz_rad_psy:0:shuff:1470,took,take,Vzal,vzít,pf
en:chandler-muz_rad_psy:0:shuff:1487,cs:chandler-muz_rad_psy:0:shuff:1471,poured,pour,nalil,nalít,pf
