en:Fischerova-Hodina_mezi:0:shuff:1,cs:Fischerova-Hodina_mezi:0:shuff:1,shone,shine,svítila,svítit,impf
en:Fischerova-Hodina_mezi:0:shuff:3,cs:Fischerova-Hodina_mezi:0:shuff:3,led,lead,vedl,vést,impf
en:Fischerova-Hodina_mezi:0:shuff:3,cs:Fischerova-Hodina_mezi:0:shuff:3,start,start,začala,začít,pf
en:Fischerova-Hodina_mezi:0:shuff:4,cs:Fischerova-Hodina_mezi:0:shuff:4,respond,respond,odpovídali,odpovídat,impf
en:Fischerova-Hodina_mezi:0:shuff:10,cs:Fischerova-Hodina_mezi:0:shuff:10,bored,bore,Nudím,nudit,impf
en:Fischerova-Hodina_mezi:0:shuff:10,cs:Fischerova-Hodina_mezi:0:shuff:10,counting,count,počítám,počítat,impf
en:Fischerova-Hodina_mezi:0:shuff:12,cs:Fischerova-Hodina_mezi:0:shuff:12,do,do,děláte,dělat,impf
en:Fischerova-Hodina_mezi:0:shuff:12,cs:Fischerova-Hodina_mezi:0:shuff:12,do,do,děláte,dělat,impf
en:Fischerova-Hodina_mezi:0:shuff:15,cs:Fischerova-Hodina_mezi:0:shuff:15,sleep,sleep,Spím,spát,impf
en:Fischerova-Hodina_mezi:0:shuff:22,cs:Fischerova-Hodina_mezi:0:shuff:22,smiles,smile,usměje,usmát,pf
en:Fischerova-Hodina_mezi:0:shuff:44,cs:Fischerova-Hodina_mezi:0:shuff:42,turns,turn,otočí,otočit,pf
en:Fischerova-Hodina_mezi:0:shuff:45,cs:Fischerova-Hodina_mezi:0:shuff:43,changes,change,změní,změnit,pf
en:Fischerova-Hodina_mezi:0:shuff:47,cs:Fischerova-Hodina_mezi:0:shuff:45,places,place,položí,položit,pf
en:Fischerova-Hodina_mezi:0:shuff:55,cs:Fischerova-Hodina_mezi:0:shuff:53,Answer,answer,Odpovídejte,odpovídat,impf
en:Fischerova-Hodina_mezi:0:shuff:76,cs:Fischerova-Hodina_mezi:0:shuff:75,want,want,Chceš,chtít,impf
en:Fischerova-Hodina_mezi:0:shuff:88,cs:Fischerova-Hodina_mezi:0:shuff:87,Open,open,Otevřte,otevřít,pf
en:Fischerova-Hodina_mezi:0:shuff:93,cs:Fischerova-Hodina_mezi:0:shuff:92,collecting,collect,sbírá,sbírat,impf
en:Fischerova-Hodina_mezi:0:shuff:96,cs:Fischerova-Hodina_mezi:0:shuff:95,lose,lose,Prohráli,prohrát,pf
en:Fischerova-Hodina_mezi:0:shuff:104,cs:Fischerova-Hodina_mezi:0:shuff:103,return,return,Vrátím,vrátit,pf
en:Fischerova-Hodina_mezi:0:shuff:117,cs:Fischerova-Hodina_mezi:0:shuff:116,appeal,appeal,Odvoláme,odvolat,pf
en:Fischerova-Hodina_mezi:0:shuff:120,cs:Fischerova-Hodina_mezi:0:shuff:119,tell,tell,řečeno,říci,pf
en:Fischerova-Hodina_mezi:0:shuff:127,cs:Fischerova-Hodina_mezi:0:shuff:125,stretches,stretch,protáhne,protáhnout,pf
en:Fischerova-Hodina_mezi:0:shuff:127,cs:Fischerova-Hodina_mezi:0:shuff:125,sat,sit,usadila,usadit,pf
en:Fischerova-Hodina_mezi:0:shuff:144,cs:Fischerova-Hodina_mezi:0:shuff:139,overestimate,overestimate,Nepřeceňujte,přeceňovat,impf
en:Fischerova-Hodina_mezi:0:shuff:148,cs:Fischerova-Hodina_mezi:0:shuff:141,accept,accept,přijmout,přijmout,pf
en:Fischerova-Hodina_mezi:0:shuff:151,cs:Fischerova-Hodina_mezi:0:shuff:149,Stop,stop,Přestaňte,přestat,pf
en:Fischerova-Hodina_mezi:0:shuff:159,cs:Fischerova-Hodina_mezi:0:shuff:157,looking,look,nedívá,dívat,impf
en:Fischerova-Hodina_mezi:0:shuff:159,cs:Fischerova-Hodina_mezi:0:shuff:157,making,make,dělá,dělat,impf
en:Fischerova-Hodina_mezi:0:shuff:166,cs:Fischerova-Hodina_mezi:0:shuff:162,discover,discover,zjistil,zjistit,pf
en:Fischerova-Hodina_mezi:0:shuff:171,cs:Fischerova-Hodina_mezi:0:shuff:167,recognise,recognise,Poznal,poznat,pf
en:Fischerova-Hodina_mezi:0:shuff:179,cs:Fischerova-Hodina_mezi:0:shuff:174,roar,roar,Řvi,řvát,impf
en:Fischerova-Hodina_mezi:0:shuff:194,cs:Fischerova-Hodina_mezi:0:shuff:187,serves,serve,slouží,sloužit,impf
en:Fischerova-Hodina_mezi:0:shuff:204,cs:Fischerova-Hodina_mezi:0:shuff:195,stops,stop,Přestane,přestat,pf
en:Fischerova-Hodina_mezi:0:shuff:204,cs:Fischerova-Hodina_mezi:0:shuff:195,takes,take,vezme,vzít,pf
en:Fischerova-Hodina_mezi:0:shuff:205,cs:Fischerova-Hodina_mezi:0:shuff:196,stops,stop,přestane,přestat,pf
en:Fischerova-Hodina_mezi:0:shuff:206,cs:Fischerova-Hodina_mezi:0:shuff:197,doing,do,děláte,dělat,impf
en:Fischerova-Hodina_mezi:0:shuff:217,cs:Fischerova-Hodina_mezi:0:shuff:208,hear,hear,neslyší,slyšet,impf
en:Fischerova-Hodina_mezi:0:shuff:218,cs:Fischerova-Hodina_mezi:0:shuff:209,fallen,fall,usnul,usnout,pf
en:Fischerova-Hodina_mezi:0:shuff:218,cs:Fischerova-Hodina_mezi:0:shuff:209,sat,sit,sedl,sednout,pf
en:Fischerova-Hodina_mezi:0:shuff:234,cs:Fischerova-Hodina_mezi:0:shuff:226,sounds,sound,Zazní,zaznít,pf
en:Fischerova-Hodina_mezi:0:shuff:240,cs:Fischerova-Hodina_mezi:0:shuff:232,Clear,clear,Vykliďte,vyklidit,pf
en:Fischerova-Hodina_mezi:0:shuff:246,cs:Fischerova-Hodina_mezi:0:shuff:239,leave,leave,Nenechávej,nechávat,impf
en:Fischerova-Hodina_mezi:0:shuff:263,cs:Fischerova-Hodina_mezi:0:shuff:255,switching,switch,zapíná,zapínat,impf
en:Fischerova-Hodina_mezi:0:shuff:270,cs:Fischerova-Hodina_mezi:0:shuff:262,raises,raise,zvedne,zvednout,pf
en:Fischerova-Hodina_mezi:0:shuff:277,cs:Fischerova-Hodina_mezi:0:shuff:269,sees,see,vidí,vidět,impf
en:Fischerova-Hodina_mezi:0:shuff:278,cs:Fischerova-Hodina_mezi:0:shuff:270,waves,wave,Zamává,zamávat,pf
en:Fischerova-Hodina_mezi:0:shuff:278,cs:Fischerova-Hodina_mezi:0:shuff:270,notice,notice,nevnímá,vnímat,impf
en:Fischerova-Hodina_mezi:0:shuff:278,cs:Fischerova-Hodina_mezi:0:shuff:270,notice,notice,nevnímá,vnímat,impf
en:Fischerova-Hodina_mezi:0:shuff:278,cs:Fischerova-Hodina_mezi:0:shuff:270,notice,notice,nevnímá,vnímat,impf
en:Fischerova-Hodina_mezi:0:shuff:278,cs:Fischerova-Hodina_mezi:0:shuff:270,notice,notice,nevnímá,vnímat,impf
en:Fischerova-Hodina_mezi:0:shuff:290,cs:Fischerova-Hodina_mezi:0:shuff:282,starts,start,začne,začít,pf
en:Fischerova-Hodina_mezi:0:shuff:296,cs:Fischerova-Hodina_mezi:0:shuff:287,defend,defend,obhájím,obhájit,pf
en:Fischerova-Hodina_mezi:0:shuff:306,cs:Fischerova-Hodina_mezi:0:shuff:296,remains,remain,zůstává,zůstávat,impf
en:Fischerova-Hodina_mezi:0:shuff:317,cs:Fischerova-Hodina_mezi:0:shuff:307,stops,stop,přestane,přestat,pf
en:Fischerova-Hodina_mezi:0:shuff:317,cs:Fischerova-Hodina_mezi:0:shuff:307,laughing,laugh,smát,smát,impf
en:Fischerova-Hodina_mezi:0:shuff:333,cs:Fischerova-Hodina_mezi:0:shuff:324,starts,start,začne,začít,pf
en:Fischerova-Hodina_mezi:0:shuff:336,cs:Fischerova-Hodina_mezi:0:shuff:327,mean,mean,myslím,myslet,impf
en:Fischerova-Hodina_mezi:0:shuff:341,cs:Fischerova-Hodina_mezi:0:shuff:332,hands,hand,podá,podat,pf
en:Fischerova-Hodina_mezi:0:shuff:351,cs:Fischerova-Hodina_mezi:0:shuff:343,vanishes,vanish,zmizí,zmizet,pf
en:Fischerova-Hodina_mezi:0:shuff:353,cs:Fischerova-Hodina_mezi:0:shuff:345,holding,hold,drží,držet,impf
en:Fischerova-Hodina_mezi:0:shuff:355,cs:Fischerova-Hodina_mezi:0:shuff:347,scans,scan,prohlíží,prohlížet,impf
en:Fischerova-Hodina_mezi:0:shuff:369,cs:Fischerova-Hodina_mezi:0:shuff:363,tugs,tug,trhne,trhnout,pf
en:Fischerova-Hodina_mezi:0:shuff:371,cs:Fischerova-Hodina_mezi:0:shuff:365,speaking,speak,mluví,mluvit,impf
en:Fischerova-Hodina_mezi:0:shuff:378,cs:Fischerova-Hodina_mezi:0:shuff:372,takes,take,zaujme,zaujmout,pf
en:Fischerova-Hodina_mezi:0:shuff:388,cs:Fischerova-Hodina_mezi:0:shuff:381,take,take,trvá,trvat,impf
en:Fischerova-Hodina_mezi:0:shuff:388,cs:Fischerova-Hodina_mezi:0:shuff:381,start,start,začne,začít,pf
en:Fischerova-Hodina_mezi:0:shuff:397,cs:Fischerova-Hodina_mezi:0:shuff:389,intend,intend,chcete,chtít,impf
en:Fischerova-Hodina_mezi:0:shuff:403,cs:Fischerova-Hodina_mezi:0:shuff:395,disappears,disappear,zmizí,zmizet,pf
en:Fischerova-Hodina_mezi:0:shuff:410,cs:Fischerova-Hodina_mezi:0:shuff:402,springs,spring,Skočí,skočit,pf
en:Fischerova-Hodina_mezi:0:shuff:429,cs:Fischerova-Hodina_mezi:0:shuff:419,waits,wait,čeká,čekat,impf
en:Fischerova-Hodina_mezi:0:shuff:432,cs:Fischerova-Hodina_mezi:0:shuff:421,sound,sound,zaznít,zaznít,pf
en:Fischerova-Hodina_mezi:0:shuff:445,cs:Fischerova-Hodina_mezi:0:shuff:433,open,open,Otevřu,otevřít,pf
en:Fischerova-Hodina_mezi:0:shuff:450,cs:Fischerova-Hodina_mezi:0:shuff:437,bear,bear,nevydrží,vydržet,pf
en:Fischerova-Hodina_mezi:0:shuff:451,cs:Fischerova-Hodina_mezi:0:shuff:438,starts,start,začne,začít,pf
en:Fischerova-Hodina_mezi:0:shuff:456,cs:Fischerova-Hodina_mezi:0:shuff:442,came,come,přišel,přijít,pf
en:Fischerova-Hodina_mezi:0:shuff:461,cs:Fischerova-Hodina_mezi:0:shuff:447,sings,sing,zpívá,zpívat,impf
en:Fischerova-Hodina_mezi:0:shuff:463,cs:Fischerova-Hodina_mezi:0:shuff:449,waits,wait,Čeká,čekat,impf
en:Fischerova-Hodina_mezi:0:shuff:465,cs:Fischerova-Hodina_mezi:0:shuff:451,attacked,attack,Napadl,napadnout,pf
en:Fischerova-Hodina_mezi:0:shuff:482,cs:Fischerova-Hodina_mezi:0:shuff:462,tries,try,snaží,snažit,impf
en:Fischerova-Hodina_mezi:0:shuff:494,cs:Fischerova-Hodina_mezi:0:shuff:474,beg,beg,Prosím,prosit,impf
en:Fischerova-Hodina_mezi:0:shuff:496,cs:Fischerova-Hodina_mezi:0:shuff:476,pointed,point,ukázal,ukázat,pf
en:Fischerova-Hodina_mezi:0:shuff:500,cs:Fischerova-Hodina_mezi:0:shuff:480,Believe,believe,Věřte,věřit,impf
en:Fischerova-Hodina_mezi:0:shuff:501,cs:Fischerova-Hodina_mezi:0:shuff:481,pointed,point,neukázal,ukázat,pf
en:Fischerova-Hodina_mezi:0:shuff:502,cs:Fischerova-Hodina_mezi:0:shuff:482,summon,summon,povolal,povolat,pf
en:Fischerova-Hodina_mezi:0:shuff:502,cs:Fischerova-Hodina_mezi:0:shuff:482,say,say,řekl,říci,pf
en:Fischerova-Hodina_mezi:0:shuff:503,cs:Fischerova-Hodina_mezi:0:shuff:483,give,give,Dávám,dávat,impf
en:Fischerova-Hodina_mezi:0:shuff:504,cs:Fischerova-Hodina_mezi:0:shuff:484,lend,lend,Půjčím,půjčit,pf
en:Fischerova-Hodina_mezi:0:shuff:504,cs:Fischerova-Hodina_mezi:0:shuff:484,think,think,myslíš,myslet,impf
en:Fischerova-Hodina_mezi:0:shuff:504,cs:Fischerova-Hodina_mezi:0:shuff:484,need,need,potřebuješ,potřebovat,impf
en:Fischerova-Hodina_mezi:0:shuff:507,cs:Fischerova-Hodina_mezi:0:shuff:487,hire,hire,Pronajmu,pronajmout,pf
en:Fischerova-Hodina_mezi:0:shuff:517,cs:Fischerova-Hodina_mezi:0:shuff:492,Go,go,Jděte,jít,impf
en:Fischerova-Hodina_mezi:0:shuff:524,cs:Fischerova-Hodina_mezi:0:shuff:498,seen,see,viděl,vidět,impf
en:Fischerova-Hodina_mezi:0:shuff:525,cs:Fischerova-Hodina_mezi:0:shuff:499,tell,tell,řeknu,říci,pf
en:Fischerova-Hodina_mezi:0:shuff:526,cs:Fischerova-Hodina_mezi:0:shuff:500,called,call,zavolal,zavolat,pf
en:Fischerova-Hodina_mezi:0:shuff:528,cs:Fischerova-Hodina_mezi:0:shuff:502,rises,rise,stoupá,stoupat,impf
en:Fischerova-Hodina_mezi:0:shuff:533,cs:Fischerova-Hodina_mezi:0:shuff:507,want,want,chce,chtít,impf
en:Fischerova-Hodina_mezi:0:shuff:533,cs:Fischerova-Hodina_mezi:0:shuff:507,sink,sink,klesnout,klesnout,pf
en:Fischerova-Hodina_mezi:0:shuff:539,cs:Fischerova-Hodina_mezi:0:shuff:515,request,request,žádám,žádat,impf
en:Fischerova-Hodina_mezi:0:shuff:539,cs:Fischerova-Hodina_mezi:0:shuff:515,recalled,recall,odvolán,odvolat,pf
en:Fischerova-Hodina_mezi:0:shuff:540,cs:Fischerova-Hodina_mezi:0:shuff:516,sits,sit,Usedne,usednout,pf
en:Fischerova-Hodina_mezi:0:shuff:563,cs:Fischerova-Hodina_mezi:0:shuff:539,Look,look,Podívej,podívat,pf
en:Fischerova-Hodina_mezi:0:shuff:575,cs:Fischerova-Hodina_mezi:0:shuff:551,Clear,clear,Vyklidit,vyklidit,pf
en:Fischerova-Hodina_mezi:0:shuff:577,cs:Fischerova-Hodina_mezi:0:shuff:553,remain,remain,Zůstává,zůstávat,impf
en:Fischerova-Hodina_mezi:0:shuff:587,cs:Fischerova-Hodina_mezi:0:shuff:562,screams,scream,křičí,křičet,impf
en:Fischerova-Hodina_mezi:0:shuff:601,cs:Fischerova-Hodina_mezi:0:shuff:577,ask,ask,prosím,prosit,impf
en:Fischerova-Hodina_mezi:0:shuff:609,cs:Fischerova-Hodina_mezi:0:shuff:587,send,send,poslal,poslat,pf
en:Fischerova-Hodina_mezi:0:shuff:621,cs:Fischerova-Hodina_mezi:0:shuff:590,saying,say,řekne,říci,pf
en:Fischerova-Hodina_mezi:0:shuff:631,cs:Fischerova-Hodina_mezi:0:shuff:601,exclaims,exclaim,vykřikne,vykřiknout,pf
en:Fischerova-Hodina_mezi:0:shuff:632,cs:Fischerova-Hodina_mezi:0:shuff:602,warning,warn,Varuji,varovat,impf
en:Fischerova-Hodina_mezi:0:shuff:635,cs:Fischerova-Hodina_mezi:0:shuff:605,speaks,speak,Mluví,mluvit,impf
en:Fischerova-Hodina_mezi:0:shuff:639,cs:Fischerova-Hodina_mezi:0:shuff:609,turns,turn,otočí,otočit,pf
en:Fischerova-Hodina_mezi:0:shuff:640,cs:Fischerova-Hodina_mezi:0:shuff:610,holds,hold,drží,držet,impf
en:Fischerova-Hodina_mezi:0:shuff:649,cs:Fischerova-Hodina_mezi:0:shuff:618,nods,nod,kývne,kývnout,pf
en:Fischerova-Hodina_mezi:0:shuff:650,cs:Fischerova-Hodina_mezi:0:shuff:619,points,point,ukazuje,ukazovat,impf
en:Fischerova-Hodina_mezi:0:shuff:651,cs:Fischerova-Hodina_mezi:0:shuff:620,smiles,smile,usměje,usmát,pf
en:Fischerova-Hodina_mezi:0:shuff:659,cs:Fischerova-Hodina_mezi:0:shuff:627,saw,see,neviděla,vidět,impf
en:Fischerova-Hodina_mezi:0:shuff:663,cs:Fischerova-Hodina_mezi:0:shuff:632,uncovers,uncover,odkryje,odkrýt,pf
en:Fischerova-Hodina_mezi:0:shuff:664,cs:Fischerova-Hodina_mezi:0:shuff:633,starts,start,Začne,začít,pf
en:Fischerova-Hodina_mezi:0:shuff:664,cs:Fischerova-Hodina_mezi:0:shuff:633,preach,preach,kázat,kázat,impf
en:Fischerova-Hodina_mezi:0:shuff:668,cs:Fischerova-Hodina_mezi:0:shuff:637,hear,hear,slyším,slyšet,impf
en:Fischerova-Hodina_mezi:0:shuff:688,cs:Fischerova-Hodina_mezi:0:shuff:655,converse,converse,mluví,mluvit,impf
en:Fischerova-Hodina_mezi:0:shuff:691,cs:Fischerova-Hodina_mezi:0:shuff:659,going,go,nezemře,zemřít,pf
en:Fischerova-Hodina_mezi:0:shuff:691,cs:Fischerova-Hodina_mezi:0:shuff:659,die,die,nezemře,zemřít,pf
en:Fischerova-Hodina_mezi:0:shuff:701,cs:Fischerova-Hodina_mezi:0:shuff:669,released,release,Propuštěn,propustit,pf
en:Fischerova-Hodina_mezi:0:shuff:708,cs:Fischerova-Hodina_mezi:0:shuff:677,Answer,answer,Odpovídejte,odpovídat,impf
en:Fischerova-Hodina_mezi:0:shuff:722,cs:Fischerova-Hodina_mezi:0:shuff:692,wishes,wish,chce,chtít,impf
en:Fischerova-Hodina_mezi:0:shuff:723,cs:Fischerova-Hodina_mezi:0:shuff:693,leave,leave,odcházejí,odcházet,impf
en:Fischerova-Hodina_mezi:0:shuff:724,cs:Fischerova-Hodina_mezi:0:shuff:694,approaches,approach,blíží,blížit,impf
en:Fischerova-Hodina_mezi:0:shuff:725,cs:Fischerova-Hodina_mezi:0:shuff:695,playing,play,Hraje,hrát,impf
en:Fischerova-Hodina_mezi:0:shuff:729,cs:Fischerova-Hodina_mezi:0:shuff:699,gazes,gaze,dívá,dívat,impf
en:Fischerova-Hodina_mezi:0:shuff:730,cs:Fischerova-Hodina_mezi:0:shuff:700,notices,notice,Všimne,všimnout,pf
en:Fischerova-Hodina_mezi:0:shuff:733,cs:Fischerova-Hodina_mezi:0:shuff:705,tries,try,zkouší,zkoušet,impf
en:Fischerova-Hodina_mezi:0:shuff:739,cs:Fischerova-Hodina_mezi:0:shuff:711,get,get,dostanu,dostat,pf
en:Fischerova-Hodina_mezi:0:shuff:747,cs:Fischerova-Hodina_mezi:0:shuff:718,disappear,disappear,zmizí,zmizet,pf
en:Fischerova-Hodina_mezi:0:shuff:758,cs:Fischerova-Hodina_mezi:0:shuff:730,drag,drag,vlečou,vléci,impf
en:Fischerova-Hodina_mezi:0:shuff:761,cs:Fischerova-Hodina_mezi:0:shuff:733,demand,demand,Žádám,žádat,impf
en:Fischerova-Hodina_mezi:0:shuff:765,cs:Fischerova-Hodina_mezi:0:shuff:737,protest,protest,protestuji,protestovat,impf
en:Fischerova-Hodina_mezi:0:shuff:769,cs:Fischerova-Hodina_mezi:0:shuff:741,enter,enter,Vchází,vcházet,impf
en:Fischerova-Hodina_mezi:0:shuff:770,cs:Fischerova-Hodina_mezi:0:shuff:742,leads,lead,vede,vést,impf
en:Fischerova-Hodina_mezi:0:shuff:779,cs:Fischerova-Hodina_mezi:0:shuff:750,leaving,leave,nech,nechat,pf
en:Fischerova-Hodina_mezi:0:shuff:781,cs:Fischerova-Hodina_mezi:0:shuff:752,remember,remember,pamatuj,pamatovat,impf
en:Fischerova-Hodina_mezi:0:shuff:787,cs:Fischerova-Hodina_mezi:0:shuff:758,reads,read,přečte,přečíst,pf
en:Fischerova-Hodina_mezi:0:shuff:789,cs:Fischerova-Hodina_mezi:0:shuff:760,call,call,říkej,říkat,impf
en:Fischerova-Hodina_mezi:0:shuff:791,cs:Fischerova-Hodina_mezi:0:shuff:762,sits,sit,usadí,usadit,pf
en:Fischerova-Hodina_mezi:0:shuff:792,cs:Fischerova-Hodina_mezi:0:shuff:763,notices,notice,všimne,všimnout,pf
en:Fischerova-Hodina_mezi:0:shuff:808,cs:Fischerova-Hodina_mezi:0:shuff:780,switches,switch,zapne,zapnout,pf
en:Fischerova-Hodina_mezi:0:shuff:826,cs:Fischerova-Hodina_mezi:0:shuff:799,asked,ask,ptám,ptát,impf
en:Fischerova-Hodina_mezi:0:shuff:838,cs:Fischerova-Hodina_mezi:0:shuff:811,asked,ask,ptám,ptát,impf
en:Fischerova-Hodina_mezi:0:shuff:856,cs:Fischerova-Hodina_mezi:0:shuff:828,broke,break,rozbil,rozbít,pf
en:Fischerova-Hodina_mezi:0:shuff:864,cs:Fischerova-Hodina_mezi:0:shuff:836,takes,take,vezme,vzít,pf
en:Fischerova-Hodina_mezi:0:shuff:864,cs:Fischerova-Hodina_mezi:0:shuff:836,goes,go,jde,jít,impf
en:Fischerova-Hodina_mezi:0:shuff:866,cs:Fischerova-Hodina_mezi:0:shuff:838,appeal,appeal,Odvolávám,odvolávat,impf
en:Fischerova-Hodina_mezi:0:shuff:870,cs:Fischerova-Hodina_mezi:0:shuff:842,demand,demand,Žádám,žádat,impf
en:Fischerova-Hodina_mezi:0:shuff:875,cs:Fischerova-Hodina_mezi:0:shuff:848,leave,leave,odchází,odcházet,impf
en:Fischerova-Hodina_mezi:0:shuff:893,cs:Fischerova-Hodina_mezi:0:shuff:862,do,do,dělat,dělat,impf
en:Fischerova-Hodina_mezi:0:shuff:894,cs:Fischerova-Hodina_mezi:0:shuff:863,do,do,dělal,dělat,impf
en:Fischerova-Hodina_mezi:0:shuff:914,cs:Fischerova-Hodina_mezi:0:shuff:882,draws,draw,přitahuje,přitahovat,impf
en:Fischerova-Hodina_mezi:0:shuff:915,cs:Fischerova-Hodina_mezi:0:shuff:883,do,do,dělat,dělat,impf
en:Fischerova-Hodina_mezi:0:shuff:916,cs:Fischerova-Hodina_mezi:0:shuff:884,dressed,dress,oblečen,obléci,pf
en:Fischerova-Hodina_mezi:0:shuff:922,cs:Fischerova-Hodina_mezi:0:shuff:890,doing,do,děláte,dělat,impf
en:Fischerova-Hodina_mezi:0:shuff:927,cs:Fischerova-Hodina_mezi:0:shuff:895,starts,start,začne,začít,pf
en:Fischerova-Hodina_mezi:0:shuff:948,cs:Fischerova-Hodina_mezi:0:shuff:914,sing,sing,Zpívejme,zpívat,impf
en:Fischerova-Hodina_mezi:0:shuff:950,cs:Fischerova-Hodina_mezi:0:shuff:916,look,look,hledí,hledět,impf
en:Fischerova-Hodina_mezi:0:shuff:960,cs:Fischerova-Hodina_mezi:0:shuff:925,killed,kill,zabili,zabít,pf
en:Fischerova-Hodina_mezi:0:shuff:965,cs:Fischerova-Hodina_mezi:0:shuff:931,opens,open,otevře,otevřít,pf
en:Fischerova-Hodina_mezi:0:shuff:972,cs:Fischerova-Hodina_mezi:0:shuff:938,kisses,kiss,líbá,líbat,impf
en:Fischerova-Hodina_mezi:0:shuff:983,cs:Fischerova-Hodina_mezi:0:shuff:950,dressed,dress,oblečeni,obléci,pf
en:Fischerova-Hodina_mezi:0:shuff:986,cs:Fischerova-Hodina_mezi:0:shuff:953,sheds,shed,shodí,shodit,pf
en:Fischerova-Hodina_mezi:0:shuff:987,cs:Fischerova-Hodina_mezi:0:shuff:954,sing,sing,Zpívá,zpívat,impf
en:Fischerova-Hodina_mezi:0:shuff:1008,cs:Fischerova-Hodina_mezi:0:shuff:971,talking,talk,hovoří,hovořit,impf
en:Fischerova-Hodina_mezi:0:shuff:1029,cs:Fischerova-Hodina_mezi:0:shuff:994,leaving,leave,odchází,odcházet,impf
en:Fischerova-Hodina_mezi:0:shuff:1032,cs:Fischerova-Hodina_mezi:0:shuff:996,lent,lend,půjčil,půjčit,pf
en:Fischerova-Hodina_mezi:0:shuff:1046,cs:Fischerova-Hodina_mezi:0:shuff:1009,roars,roar,zařve,zařvat,pf
en:Fischerova-Hodina_mezi:0:shuff:1054,cs:Fischerova-Hodina_mezi:0:shuff:1018,understand,understand,nechápu,chápat,impf
en:Fischerova-Hodina_mezi:0:shuff:1057,cs:Fischerova-Hodina_mezi:0:shuff:1021,tell,tell,řeknu,říci,pf
en:Fischerova-Hodina_mezi:0:shuff:1060,cs:Fischerova-Hodina_mezi:0:shuff:1024,enter,enter,vejde,vejít,pf
en:Fischerova-Hodina_mezi:0:shuff:1072,cs:Fischerova-Hodina_mezi:0:shuff:1036,nods,nod,kývne,kývnout,pf
en:Fischerova-Hodina_mezi:0:shuff:1072,cs:Fischerova-Hodina_mezi:0:shuff:1036,wanting,want,chce,chtít,impf
en:Fischerova-Hodina_mezi:0:shuff:1076,cs:Fischerova-Hodina_mezi:0:shuff:1040,changes,change,změní,změnit,pf
en:Fischerova-Hodina_mezi:0:shuff:1089,cs:Fischerova-Hodina_mezi:0:shuff:1052,picks,pick,sebere,sebrat,pf
en:Fischerova-Hodina_mezi:0:shuff:1091,cs:Fischerova-Hodina_mezi:0:shuff:1054,drop,drop,neupadne,upadnout,pf
en:Fischerova-Hodina_mezi:0:shuff:1096,cs:Fischerova-Hodina_mezi:0:shuff:1059,breaks,break,zlomí,zlomit,pf
en:Fischerova-Hodina_mezi:0:shuff:1121,cs:Fischerova-Hodina_mezi:0:shuff:1086,say,say,řekl,říci,pf
en:Fischerova-Hodina_mezi:0:shuff:1125,cs:Fischerova-Hodina_mezi:0:shuff:1090,say,say,řekl,říci,pf
en:Fischerova-Hodina_mezi:0:shuff:1137,cs:Fischerova-Hodina_mezi:0:shuff:1102,drive,drive,hnát,hnát,impf
en:Fischerova-Hodina_mezi:0:shuff:1139,cs:Fischerova-Hodina_mezi:0:shuff:1104,remain,remain,zůstává,zůstávat,impf
en:Fischerova-Hodina_mezi:0:shuff:1140,cs:Fischerova-Hodina_mezi:0:shuff:1105,descends,descend,schází,scházet,impf
en:Fischerova-Hodina_mezi:0:shuff:1156,cs:Fischerova-Hodina_mezi:0:shuff:1122,pours,pour,Sype,sypat,impf
en:Fischerova-Hodina_mezi:0:shuff:1161,cs:Fischerova-Hodina_mezi:0:shuff:1127,saw,see,neviděl,vidět,impf
en:Fischerova-Hodina_mezi:0:shuff:1175,cs:Fischerova-Hodina_mezi:0:shuff:1140,Bear,bear,Vydrž,vydržet,pf
en:Fischerova-Hodina_mezi:0:shuff:1179,cs:Fischerova-Hodina_mezi:0:shuff:1144,release,release,pustí,pustit,pf
en:Fischerova-Hodina_mezi:0:shuff:1180,cs:Fischerova-Hodina_mezi:0:shuff:1145,screams,scream,Křičí,křičet,impf
en:Fischerova-Hodina_mezi:0:shuff:1184,cs:Fischerova-Hodina_mezi:0:shuff:1149,removes,remove,sejme,sejmout,pf
en:Fischerova-Hodina_mezi:0:shuff:1185,cs:Fischerova-Hodina_mezi:0:shuff:1150,wearing,wear,má,mít,impf
en:Fischerova-Hodina_mezi:0:shuff:1202,cs:Fischerova-Hodina_mezi:0:shuff:1167,tell,tell,poznám,poznat,pf
en:Fischerova-Hodina_mezi:0:shuff:1203,cs:Fischerova-Hodina_mezi:0:shuff:1168,turns,turn,otočí,otočit,pf
en:Fischerova-Hodina_mezi:0:shuff:1214,cs:Fischerova-Hodina_mezi:0:shuff:1179,drags,drag,vleče,vléci,impf
en:Fischerova-Hodina_mezi:0:shuff:1215,cs:Fischerova-Hodina_mezi:0:shuff:1180,bored,bore,Nudíte,nudit,impf
en:Fischerova-Hodina_mezi:0:shuff:1219,cs:Fischerova-Hodina_mezi:0:shuff:1184,reveal,reveal,objeví,objevit,pf
en:Fischerova-Hodina_mezi:0:shuff:1220,cs:Fischerova-Hodina_mezi:0:shuff:1185,behaves,behave,chová,chovat,impf
en:Fischerova-Hodina_mezi:0:shuff:1221,cs:Fischerova-Hodina_mezi:0:shuff:1186,shouts,shout,vykřikne,vykřiknout,pf
en:Fischerova-Hodina_mezi:0:shuff:1229,cs:Fischerova-Hodina_mezi:0:shuff:1195,defending,defend,obhajuju,obhajovat,impf
en:Fischerova-Hodina_mezi:0:shuff:1237,cs:Fischerova-Hodina_mezi:0:shuff:1203,think,think,domníváte,domnívat,impf
en:Fischerova-Hodina_mezi:0:shuff:1237,cs:Fischerova-Hodina_mezi:0:shuff:1203,defend,defend,hájit,hájit,impf
en:Fischerova-Hodina_mezi:0:shuff:1244,cs:Fischerova-Hodina_mezi:0:shuff:1209,attack,attack,napadl,napadnout,pf
en:Fischerova-Hodina_mezi:0:shuff:1249,cs:Fischerova-Hodina_mezi:0:shuff:1214,attacked,attack,napadl,napadnout,pf
en:Fischerova-Hodina_mezi:0:shuff:1252,cs:Fischerova-Hodina_mezi:0:shuff:1217,attacked,attack,napadl,napadnout,pf
en:Fischerova-Hodina_mezi:0:shuff:1253,cs:Fischerova-Hodina_mezi:0:shuff:1218,interrupts,interrupt,přeruší,přerušit,pf
en:Fischerova-Hodina_mezi:0:shuff:1254,cs:Fischerova-Hodina_mezi:0:shuff:1219,disappear,disappear,zmizí,zmizet,pf
en:Fischerova-Hodina_mezi:0:shuff:1255,cs:Fischerova-Hodina_mezi:0:shuff:1220,loosens,loosen,uvolní,uvolnit,pf
en:Fischerova-Hodina_mezi:0:shuff:1268,cs:Fischerova-Hodina_mezi:0:shuff:1226,intend,intend,chcete,chtít,impf
en:Fischerova-Hodina_mezi:0:shuff:1270,cs:Fischerova-Hodina_mezi:0:shuff:1228,intend,intend,Chci,chtít,impf
en:Fischerova-Hodina_mezi:0:shuff:1271,cs:Fischerova-Hodina_mezi:0:shuff:1229,accepts,accept,nepřijímá,přijímat,impf
en:Fischerova-Hodina_mezi:0:shuff:1275,cs:Fischerova-Hodina_mezi:0:shuff:1233,discussing,discuss,diskutujeme,diskutovat,impf
en:Fischerova-Hodina_mezi:0:shuff:1282,cs:Fischerova-Hodina_mezi:0:shuff:1241,hands,hand,podá,podat,pf
en:Fischerova-Hodina_mezi:0:shuff:1283,cs:Fischerova-Hodina_mezi:0:shuff:1242,transformed,transform,změní,změnit,pf
en:Fischerova-Hodina_mezi:0:shuff:1308,cs:Fischerova-Hodina_mezi:0:shuff:1266,dragging,drag,vlečou,vléci,impf
en:Fischerova-Hodina_mezi:0:shuff:1325,cs:Fischerova-Hodina_mezi:0:shuff:1281,provoke,provoke,dráždit,dráždit,impf
en:Fischerova-Hodina_mezi:0:shuff:1333,cs:Fischerova-Hodina_mezi:0:shuff:1288,Swear,swear,Přísahej,přísahat,impf
en:Fischerova-Hodina_mezi:0:shuff:1336,cs:Fischerova-Hodina_mezi:0:shuff:1291,support,support,Podpoří,podpořit,pf
en:Fischerova-Hodina_mezi:0:shuff:1339,cs:Fischerova-Hodina_mezi:0:shuff:1294,stabbed,stab,bodl,bodnout,pf
en:Fischerova-Hodina_mezi:0:shuff:1347,cs:Fischerova-Hodina_mezi:0:shuff:1302,locates,locate,najde,najít,pf
en:Fischerova-Hodina_mezi:0:shuff:1355,cs:Fischerova-Hodina_mezi:0:shuff:1309,pushes,push,odstrčí,odstrčit,pf
en:Fischerova-Hodina_mezi:0:shuff:1355,cs:Fischerova-Hodina_mezi:0:shuff:1309,sits,sit,posadí,posadit,pf
en:Fischerova-Hodina_mezi:0:shuff:1360,cs:Fischerova-Hodina_mezi:0:shuff:1313,want,want,chci,chtít,impf
en:Fischerova-Hodina_mezi:0:shuff:1365,cs:Fischerova-Hodina_mezi:0:shuff:1318,rises,rise,vstane,vstát,pf
en:Fischerova-Hodina_mezi:0:shuff:1375,cs:Fischerova-Hodina_mezi:0:shuff:1328,break,break,propukne,propuknout,pf
en:Fischerova-Hodina_mezi:0:shuff:1376,cs:Fischerova-Hodina_mezi:0:shuff:1329,shouting,shout,křičí,křičet,impf
en:Fischerova-Hodina_mezi:0:shuff:1376,cs:Fischerova-Hodina_mezi:0:shuff:1329,creating,create,vytvářejí,vytvářet,impf
en:Fischerova-Hodina_mezi:0:shuff:1378,cs:Fischerova-Hodina_mezi:0:shuff:1332,leave,leave,opustili,opustit,pf
en:Fischerova-Hodina_mezi:0:shuff:1384,cs:Fischerova-Hodina_mezi:0:shuff:1336,avoid,avoid,vyhýbá,vyhýbat,impf
en:Fischerova-Hodina_mezi:0:shuff:1385,cs:Fischerova-Hodina_mezi:0:shuff:1337,turns,turn,otočí,otočit,pf
en:Fischerova-Hodina_mezi:0:shuff:1385,cs:Fischerova-Hodina_mezi:0:shuff:1337,raises,raise,zvedne,zvednout,pf
en:Fischerova-Hodina_mezi:0:shuff:1389,cs:Fischerova-Hodina_mezi:0:shuff:1341,hear,hear,slyšet,slyšet,impf
en:Fischerova-Hodina_mezi:0:shuff:1390,cs:Fischerova-Hodina_mezi:0:shuff:1342,starts,start,začne,začít,pf
en:Fischerova-Hodina_mezi:0:shuff:1390,cs:Fischerova-Hodina_mezi:0:shuff:1342,perform,perform,hrát,hrát,impf
en:Fischerova-Hodina_mezi:0:shuff:1391,cs:Fischerova-Hodina_mezi:0:shuff:1343,joined,join,přidá,přidat,pf
en:Fischerova-Hodina_mezi:0:shuff:1395,cs:Fischerova-Hodina_mezi:0:shuff:1347,make,make,vystavím,vystavit,pf
en:Fischerova-Hodina_mezi:0:shuff:1408,cs:Fischerova-Hodina_mezi:0:shuff:1359,turns,turn,otočí,otočit,pf
en:Fischerova-Hodina_mezi:0:shuff:1408,cs:Fischerova-Hodina_mezi:0:shuff:1359,starts,start,začne,začít,pf
en:Fischerova-Hodina_mezi:0:shuff:1408,cs:Fischerova-Hodina_mezi:0:shuff:1359,lecture,lecture,přednášet,přednášet,impf
en:Fischerova-Hodina_mezi:0:shuff:1409,cs:Fischerova-Hodina_mezi:0:shuff:1360,supposed,suppose,věřme,věřit,impf
en:Fischerova-Hodina_mezi:0:shuff:1409,cs:Fischerova-Hodina_mezi:0:shuff:1360,believe,believe,věřme,věřit,impf
en:Fischerova-Hodina_mezi:0:shuff:1411,cs:Fischerova-Hodina_mezi:0:shuff:1362,tell,tell,poznám,poznat,pf
en:Fischerova-Hodina_mezi:0:shuff:1412,cs:Fischerova-Hodina_mezi:0:shuff:1363,hugs,hug,Obejme,obejmout,pf
en:Fischerova-Hodina_mezi:0:shuff:1414,cs:Fischerova-Hodina_mezi:0:shuff:1365,jumps,jump,vyskočí,vyskočit,pf
en:Fischerova-Hodina_mezi:0:shuff:1430,cs:Fischerova-Hodina_mezi:0:shuff:1378,exist,exist,Existovala,existovat,impf
en:Fischerova-Hodina_mezi:0:shuff:1436,cs:Fischerova-Hodina_mezi:0:shuff:1384,hear,hear,Slyšeli,slyšet,impf
en:Fischerova-Hodina_mezi:0:shuff:1437,cs:Fischerova-Hodina_mezi:0:shuff:1385,hear,hear,Slyšeli,slyšet,impf
en:Fischerova-Hodina_mezi:0:shuff:1441,cs:Fischerova-Hodina_mezi:0:shuff:1389,pushes,push,odstrčí,odstrčit,pf
en:Fischerova-Hodina_mezi:0:shuff:1444,cs:Fischerova-Hodina_mezi:0:shuff:1392,stops,stop,přestane,přestat,pf
en:Fischerova-Hodina_mezi:0:shuff:1444,cs:Fischerova-Hodina_mezi:0:shuff:1392,crying,cry,plakat,plakat,impf
en:Fischerova-Hodina_mezi:0:shuff:1447,cs:Fischerova-Hodina_mezi:0:shuff:1394,come,come,přicházela,přicházet,impf
en:Fischerova-Hodina_mezi:0:shuff:1447,cs:Fischerova-Hodina_mezi:0:shuff:1394,come,come,přichází,přicházet,impf
en:Fischerova-Hodina_mezi:0:shuff:1451,cs:Fischerova-Hodina_mezi:0:shuff:1397,enter,enter,vchází,vcházet,impf
en:Fischerova-Hodina_mezi:0:shuff:1458,cs:Fischerova-Hodina_mezi:0:shuff:1405,remains,remain,zůstane,zůstat,pf
en:Fischerova-Hodina_mezi:0:shuff:1459,cs:Fischerova-Hodina_mezi:0:shuff:1406,stretches,stretch,protáhne,protáhnout,pf
en:Fischerova-Hodina_mezi:0:shuff:1465,cs:Fischerova-Hodina_mezi:0:shuff:1411,repeated,repeat,opakuje,opakovat,impf
en:Fischerova-Hodina_mezi:0:shuff:1469,cs:Fischerova-Hodina_mezi:0:shuff:1415,reveals,reveal,objeví,objevit,pf
en:Fischerova-Hodina_mezi:0:shuff:1469,cs:Fischerova-Hodina_mezi:0:shuff:1415,sitting,sit,sedí,sedět,impf
en:Fischerova-Hodina_mezi:0:shuff:1475,cs:Fischerova-Hodina_mezi:0:shuff:1421,keeps,keep,Drží,držet,impf
en:Fischerova-Hodina_mezi:0:shuff:1476,cs:Fischerova-Hodina_mezi:0:shuff:1422,seen,see,vidět,vidět,impf
en:Fischerova-Hodina_mezi:0:shuff:1477,cs:Fischerova-Hodina_mezi:0:shuff:1423,tell,tell,říkám,říkat,impf
en:Fischerova-Hodina_mezi:0:shuff:1485,cs:Fischerova-Hodina_mezi:0:shuff:1431,turned,turn,Obrátil,obrátit,pf
en:Fischerova-Hodina_mezi:0:shuff:1487,cs:Fischerova-Hodina_mezi:0:shuff:1433,turned,turn,obrátila,obrátit,pf
en:Fischerova-Hodina_mezi:0:shuff:1497,cs:Fischerova-Hodina_mezi:0:shuff:1442,speak,speak,mluvil,mluvit,impf
en:Fischerova-Hodina_mezi:0:shuff:1505,cs:Fischerova-Hodina_mezi:0:shuff:1450,sits,sit,usadí,usadit,pf
en:Fischerova-Hodina_mezi:0:shuff:1549,cs:Fischerova-Hodina_mezi:0:shuff:1491,appeared,appear,objevil,objevit,pf
en:Fischerova-Hodina_mezi:0:shuff:1550,cs:Fischerova-Hodina_mezi:0:shuff:1492,kisses,kiss,Políbí,políbit,pf
en:Fischerova-Hodina_mezi:0:shuff:1554,cs:Fischerova-Hodina_mezi:0:shuff:1496,commence,commence,Začněme,začít,pf
en:Fischerova-Hodina_mezi:0:shuff:1559,cs:Fischerova-Hodina_mezi:0:shuff:1501,beg,beg,Prosím,prosit,impf
en:Fischerova-Hodina_mezi:0:shuff:1565,cs:Fischerova-Hodina_mezi:0:shuff:1507,sit,sit,usedli,usednout,pf
en:Fischerova-Hodina_mezi:0:shuff:1575,cs:Fischerova-Hodina_mezi:0:shuff:1516,welcome,welcome,Přivítal,přivítat,pf
en:Fischerova-Hodina_mezi:0:shuff:1577,cs:Fischerova-Hodina_mezi:0:shuff:1518,Give,give,Podej,podat,pf
en:Fischerova-Hodina_mezi:0:shuff:1584,cs:Fischerova-Hodina_mezi:0:shuff:1525,want,want,Chcete,chtít,impf
en:Fischerova-Hodina_mezi:0:shuff:1594,cs:Fischerova-Hodina_mezi:0:shuff:1535,flower,flower,Kvetu,kvést,impf
en:Fischerova-Hodina_mezi:0:shuff:1599,cs:Fischerova-Hodina_mezi:0:shuff:1540,starts,start,začne,začít,pf
en:Fischerova-Hodina_mezi:0:shuff:1612,cs:Fischerova-Hodina_mezi:0:shuff:1555,Show,show,Ukaž,ukázat,pf
en:Fischerova-Hodina_mezi:0:shuff:1619,cs:Fischerova-Hodina_mezi:0:shuff:1562,leaves,leave,odchází,odcházet,impf
en:Fischerova-Hodina_mezi:0:shuff:1620,cs:Fischerova-Hodina_mezi:0:shuff:1563,sits,sit,sedne,sednout,pf
en:Fischerova-Hodina_mezi:0:shuff:1629,cs:Fischerova-Hodina_mezi:0:shuff:1572,hit,hit,trefil,trefit,pf
en:Fischerova-Hodina_mezi:0:shuff:1645,cs:Fischerova-Hodina_mezi:0:shuff:1589,suspects,suspect,tuší,tušit,impf
en:Fischerova-Hodina_mezi:0:shuff:1649,cs:Fischerova-Hodina_mezi:0:shuff:1593,tell,tell,řeknu,říci,pf
en:Fischerova-Hodina_mezi:0:shuff:1651,cs:Fischerova-Hodina_mezi:0:shuff:1595,draws,draw,přitáhne,přitáhnout,pf
en:Fischerova-Hodina_mezi:0:shuff:1667,cs:Fischerova-Hodina_mezi:0:shuff:1610,overstep,overstep,překročíte,překročit,pf
en:Fischerova-Hodina_mezi:0:shuff:1675,cs:Fischerova-Hodina_mezi:0:shuff:1617,seeing,see,nezahlédla,zahlédnout,pf
en:Fischerova-Hodina_mezi:0:shuff:1696,cs:Fischerova-Hodina_mezi:0:shuff:1635,observe,observe,pozoruje,pozorovat,impf
en:Fischerova-Hodina_mezi:0:shuff:1697,cs:Fischerova-Hodina_mezi:0:shuff:1636,bumping,bump,vrazí,vrazit,pf
en:Fischerova-Hodina_mezi:0:shuff:1698,cs:Fischerova-Hodina_mezi:0:shuff:1637,overcomes,overcome,přemůže,přemoci,pf
en:Fischerova-Hodina_mezi:0:shuff:1701,cs:Fischerova-Hodina_mezi:0:shuff:1640,joined,join,přidá,přidat,pf
en:Fischerova-Hodina_mezi:0:shuff:1706,cs:Fischerova-Hodina_mezi:0:shuff:1646,hurts,hurt,Bolí,bolet,impf
en:Fischerova-Hodina_mezi:0:shuff:1707,cs:Fischerova-Hodina_mezi:0:shuff:1647,hurts,hurt,Bolí,bolet,impf
en:Fischerova-Hodina_mezi:0:shuff:1709,cs:Fischerova-Hodina_mezi:0:shuff:1649,hurt,hurt,Bolí,bolet,impf
en:Fischerova-Hodina_mezi:0:shuff:1710,cs:Fischerova-Hodina_mezi:0:shuff:1650,hurt,hurt,Bolí,bolet,impf
en:Fischerova-Hodina_mezi:0:shuff:1717,cs:Fischerova-Hodina_mezi:0:shuff:1657,searching,search,hledá,hledat,impf
en:Fischerova-Hodina_mezi:0:shuff:1722,cs:Fischerova-Hodina_mezi:0:shuff:1661,hugs,hug,obejme,obejmout,pf
en:Fischerova-Hodina_mezi:0:shuff:1723,cs:Fischerova-Hodina_mezi:0:shuff:1662,allowing,allow,nechá,nechat,pf
en:Fischerova-Hodina_mezi:0:shuff:1723,cs:Fischerova-Hodina_mezi:0:shuff:1662,lets,let,nechá,nechat,pf
en:Fischerova-Hodina_mezi:0:shuff:1723,cs:Fischerova-Hodina_mezi:0:shuff:1662,held,hold,držet,držet,impf
en:Fischerova-Hodina_mezi:0:shuff:1726,cs:Fischerova-Hodina_mezi:0:shuff:1665,Come,come,Pojďte,jít,impf
en:Fischerova-Hodina_mezi:0:shuff:1734,cs:Fischerova-Hodina_mezi:0:shuff:1671,thought,think,vzpomněl,vzpomenout,pf
en:Fischerova-Hodina_mezi:0:shuff:1734,cs:Fischerova-Hodina_mezi:0:shuff:1671,remember,remember,vzpomněl,vzpomenout,pf
en:Fischerova-Hodina_mezi:0:shuff:1737,cs:Fischerova-Hodina_mezi:0:shuff:1673,catches,catch,chytí,chytit,pf
en:Fischerova-Hodina_mezi:0:shuff:1738,cs:Fischerova-Hodina_mezi:0:shuff:1674,laughing,laugh,zasměje,zasmát,pf
en:Fischerova-Hodina_mezi:0:shuff:1746,cs:Fischerova-Hodina_mezi:0:shuff:1683,resemble,resemble,podobala,podobat,impf
en:Fischerova-Hodina_mezi:0:shuff:1746,cs:Fischerova-Hodina_mezi:0:shuff:1683,reach,reach,dojel,dojet,pf
en:Fischerova-Hodina_mezi:0:shuff:1747,cs:Fischerova-Hodina_mezi:0:shuff:1684,proclaimed,proclaim,prohlásila,prohlásit,pf
en:Fischerova-Hodina_mezi:0:shuff:1749,cs:Fischerova-Hodina_mezi:0:shuff:1686,starts,start,začne,začít,pf
en:Fischerova-Hodina_mezi:0:shuff:1766,cs:Fischerova-Hodina_mezi:0:shuff:1703,going,go,Jde,jít,impf
en:Fischerova-Hodina_mezi:0:shuff:1779,cs:Fischerova-Hodina_mezi:0:shuff:1715,passes,pass,Přejede,přejet,pf
en:Fischerova-Hodina_mezi:0:shuff:1787,cs:Fischerova-Hodina_mezi:0:shuff:1724,see,see,Vidíš,vidět,impf
en:Fischerova-Hodina_mezi:0:shuff:1787,cs:Fischerova-Hodina_mezi:0:shuff:1724,see,see,Vidíš,vidět,impf
en:Fischerova-Hodina_mezi:0:shuff:1796,cs:Fischerova-Hodina_mezi:0:shuff:1733,leave,leave,odchází,odcházet,impf
en:Fischerova-Hodina_mezi:0:shuff:1810,cs:Fischerova-Hodina_mezi:0:shuff:1746,asks,ask,zeptá,zeptat,pf
en:Fischerova-Hodina_mezi:0:shuff:1833,cs:Fischerova-Hodina_mezi:0:shuff:1759,discover,discover,zjistit,zjistit,pf
en:Fischerova-Hodina_mezi:0:shuff:1843,cs:Fischerova-Hodina_mezi:0:shuff:1768,get,get,Nedostaneš,dostat,pf
en:Fischerova-Hodina_mezi:0:shuff:1844,cs:Fischerova-Hodina_mezi:0:shuff:1769,get,get,nedostane,dostat,pf
en:Fischerova-Hodina_mezi:0:shuff:1847,cs:Fischerova-Hodina_mezi:0:shuff:1772,come,come,nastane,nastat,pf
en:Fischerova-Hodina_mezi:0:shuff:1860,cs:Fischerova-Hodina_mezi:0:shuff:1784,stand,stand,trváte,trvat,impf
en:Fischerova-Hodina_mezi:0:shuff:1865,cs:Fischerova-Hodina_mezi:0:shuff:1790,Come,come,Pojď,jít,impf
en:Fischerova-Hodina_mezi:0:shuff:1883,cs:Fischerova-Hodina_mezi:0:shuff:1807,look,look,dívá,dívat,impf
en:Fischerova-Hodina_mezi:0:shuff:1883,cs:Fischerova-Hodina_mezi:0:shuff:1807,looks,look,dívá,dívat,impf
en:Fischerova-Hodina_mezi:0:shuff:1884,cs:Fischerova-Hodina_mezi:0:shuff:1808,lecture,lecture,přednáší,přednášet,impf
en:Fischerova-Hodina_mezi:0:shuff:1898,cs:Fischerova-Hodina_mezi:0:shuff:1822,ringing,ring,zvoní,zvonit,impf
en:Fischerova-Hodina_mezi:0:shuff:1899,cs:Fischerova-Hodina_mezi:0:shuff:1823,enters,enter,Vchází,vcházet,impf
en:Fischerova-Hodina_mezi:0:shuff:1904,cs:Fischerova-Hodina_mezi:0:shuff:1828,sits,sit,Usedne,usednout,pf
en:Fischerova-Hodina_mezi:0:shuff:1904,cs:Fischerova-Hodina_mezi:0:shuff:1828,opens,open,otevře,otevřít,pf
en:Fischerova-Hodina_mezi:0:shuff:1904,cs:Fischerova-Hodina_mezi:0:shuff:1828,waits,wait,čeká,čekat,impf
en:Fischerova-Hodina_mezi:0:shuff:1906,cs:Fischerova-Hodina_mezi:0:shuff:1830,leaving,leave,odchází,odcházet,impf
en:Fischerova-Hodina_mezi:0:shuff:1906,cs:Fischerova-Hodina_mezi:0:shuff:1830,falls,fall,padne,padnout,pf
en:Fischerova-Hodina_mezi:0:shuff:1906,cs:Fischerova-Hodina_mezi:0:shuff:1830,grasps,grasp,chytí,chytit,pf
en:Fischerova-Hodina_mezi:0:shuff:1918,cs:Fischerova-Hodina_mezi:0:shuff:1841,mingle,mingle,mísí,mísit,impf
en:Fischerova-Hodina_mezi:0:shuff:1923,cs:Fischerova-Hodina_mezi:0:shuff:1845,grow,grow,narůst,narůst,pf
en:Fischerova-Hodina_mezi:0:shuff:1929,cs:Fischerova-Hodina_mezi:0:shuff:1852,dreamed,dream,zdálo,zdát,impf
en:Fischerova-Hodina_mezi:0:shuff:1930,cs:Fischerova-Hodina_mezi:0:shuff:1853,hanging,hang,Visel,viset,impf
en:Fischerova-Hodina_mezi:0:shuff:1933,cs:Fischerova-Hodina_mezi:0:shuff:1856,agree,agree,souhlasíte,souhlasit,impf
en:Fischerova-Hodina_mezi:0:shuff:1936,cs:Fischerova-Hodina_mezi:0:shuff:1859,agree,agree,nesouhlasím,souhlasit,impf
en:Fischerova-Hodina_mezi:0:shuff:1940,cs:Fischerova-Hodina_mezi:0:shuff:1863,goes,go,Odchází,odcházet,impf
en:Fischerova-Hodina_mezi:0:shuff:1940,cs:Fischerova-Hodina_mezi:0:shuff:1863,leave,leave,Odchází,odcházet,impf
en:Fischerova-Hodina_mezi:0:shuff:1944,cs:Fischerova-Hodina_mezi:0:shuff:1868,trail,trail,táhnou,táhnout,impf
en:Fischerova-Hodina_mezi:0:shuff:1945,cs:Fischerova-Hodina_mezi:0:shuff:1869,hunts,hunt,loví,lovit,impf
en:Fischerova-Hodina_mezi:0:shuff:1961,cs:Fischerova-Hodina_mezi:0:shuff:1884,turns,turn,odvrátí,odvrátit,pf
en:Fischerova-Hodina_mezi:0:shuff:1983,cs:Fischerova-Hodina_mezi:0:shuff:1906,waiting,wait,čekáš,čekat,impf
en:Fischerova-Hodina_mezi:0:shuff:1984,cs:Fischerova-Hodina_mezi:0:shuff:1907,Defend,defend,braň,bránit,impf
en:Fischerova-Hodina_mezi:0:shuff:1991,cs:Fischerova-Hodina_mezi:0:shuff:1915,Come,come,jděte,jít,impf
en:Fischerova-Hodina_mezi:0:shuff:2016,cs:Fischerova-Hodina_mezi:0:shuff:1940,look,look,Podívej,podívat,pf
en:Fischerova-Hodina_mezi:0:shuff:2016,cs:Fischerova-Hodina_mezi:0:shuff:1940,dragging,drag,táhne,táhnout,impf
en:Fischerova-Hodina_mezi:0:shuff:2041,cs:Fischerova-Hodina_mezi:0:shuff:1967,paying,pay,zaplatí,zaplatit,pf
en:Fischerova-Hodina_mezi:0:shuff:2048,cs:Fischerova-Hodina_mezi:0:shuff:1974,create,create,tvoř,tvořit,impf
en:Fischerova-Hodina_mezi:0:shuff:2052,cs:Fischerova-Hodina_mezi:0:shuff:1977,shouts,shout,vykřikne,vykřiknout,pf
en:Fischerova-Hodina_mezi:0:shuff:2055,cs:Fischerova-Hodina_mezi:0:shuff:1980,cracking,crack,Praskají,praskat,impf
en:Fischerova-Hodina_mezi:0:shuff:2056,cs:Fischerova-Hodina_mezi:0:shuff:1981,pouring,pour,Lejou,lít,impf
en:Fischerova-Hodina_mezi:0:shuff:2059,cs:Fischerova-Hodina_mezi:0:shuff:1984,Leaving,leave,Nechá,nechat,pf
en:Fischerova-Hodina_mezi:0:shuff:2063,cs:Fischerova-Hodina_mezi:0:shuff:1988,brought,bring,přivádí,přivádět,impf
en:Fischerova-Hodina_mezi:0:shuff:2066,cs:Fischerova-Hodina_mezi:0:shuff:1991,await,await,Čekám,čekat,impf
en:Fischerova-Hodina_mezi:0:shuff:2067,cs:Fischerova-Hodina_mezi:0:shuff:1992,wish,wish,přeji,přát,impf
en:Fischerova-Hodina_mezi:0:shuff:2069,cs:Fischerova-Hodina_mezi:0:shuff:1994,need,need,potřebuju,potřebovat,impf
en:Fischerova-Hodina_mezi:0:shuff:2083,cs:Fischerova-Hodina_mezi:0:shuff:2006,stabbed,stab,Bodnul,bodnout,pf
en:Fischerova-Hodina_mezi:0:shuff:2089,cs:Fischerova-Hodina_mezi:0:shuff:2012,expect,expect,čekáš,čekat,impf
en:Fischerova-Hodina_mezi:0:shuff:2093,cs:Fischerova-Hodina_mezi:0:shuff:2016,do,do,Dělej,dělat,impf
en:Fischerova-Hodina_mezi:0:shuff:2093,cs:Fischerova-Hodina_mezi:0:shuff:2016,do,do,dělej,dělat,impf
en:Fischerova-Hodina_mezi:0:shuff:2134,cs:Fischerova-Hodina_mezi:0:shuff:2056,Let,let,Nechte,nechat,pf
en:Fischerova-Hodina_mezi:0:shuff:2134,cs:Fischerova-Hodina_mezi:0:shuff:2056,pass,pass,projít,projít,pf
en:Fischerova-Hodina_mezi:0:shuff:2140,cs:Fischerova-Hodina_mezi:0:shuff:2062,kill,kill,zabiju,zabít,pf
en:Fischerova-Hodina_mezi:0:shuff:2156,cs:Fischerova-Hodina_mezi:0:shuff:2076,do,do,dělat,dělat,impf
en:Fischerova-Hodina_mezi:0:shuff:2156,cs:Fischerova-Hodina_mezi:0:shuff:2076,make,make,dělat,dělat,impf
en:Fischerova-Hodina_mezi:0:shuff:2159,cs:Fischerova-Hodina_mezi:0:shuff:2079,created,create,stvořil,stvořit,pf
en:Fischerova-Hodina_mezi:0:shuff:2163,cs:Fischerova-Hodina_mezi:0:shuff:2083,thought,think,Myslel,myslet,impf
en:Fischerova-Hodina_mezi:0:shuff:2164,cs:Fischerova-Hodina_mezi:0:shuff:2084,serve,serve,sloužit,sloužit,impf
en:Fischerova-Hodina_mezi:0:shuff:2168,cs:Fischerova-Hodina_mezi:0:shuff:2088,needs,need,potřebuje,potřebovat,impf
en:Fischerova-Hodina_mezi:0:shuff:2171,cs:Fischerova-Hodina_mezi:0:shuff:2091,hanged,hang,nevisel,viset,impf
en:Fischerova-Hodina_mezi:0:shuff:2175,cs:Fischerova-Hodina_mezi:0:shuff:2095,witnessed,witness,viděla,vidět,impf
en:Fischerova-Hodina_mezi:0:shuff:2183,cs:Fischerova-Hodina_mezi:0:shuff:2103,reveals,reveal,objeví,objevit,pf
en:Fischerova-Hodina_mezi:0:shuff:2187,cs:Fischerova-Hodina_mezi:0:shuff:2107,Go,go,Jděte,jít,impf
en:Fischerova-Hodina_mezi:0:shuff:2189,cs:Fischerova-Hodina_mezi:0:shuff:2109,do,do,dělat,dělat,impf
en:Fischerova-Hodina_mezi:0:shuff:2191,cs:Fischerova-Hodina_mezi:0:shuff:2111,descending,descend,klesá,klesat,impf
en:Fischerova-Hodina_mezi:0:shuff:2194,cs:Fischerova-Hodina_mezi:0:shuff:2114,taken,take,vzal,vzít,pf
en:Fischerova-Hodina_mezi:0:shuff:2194,cs:Fischerova-Hodina_mezi:0:shuff:2114,taken,take,míří,mířit,impf
en:Fischerova-Hodina_mezi:0:shuff:2197,cs:Fischerova-Hodina_mezi:0:shuff:2117,shaking,shake,chvěje,chvět,impf
en:Fischerova-Hodina_mezi:0:shuff:2201,cs:Fischerova-Hodina_mezi:0:shuff:2121,preserved,preserve,chránit,chránit,impf
en:Fischerova-Hodina_mezi:0:shuff:2205,cs:Fischerova-Hodina_mezi:0:shuff:2125,says,say,řekne,říci,pf
en:Fischerova-Hodina_mezi:0:shuff:2216,cs:Fischerova-Hodina_mezi:0:shuff:2135,Inform,inform,Oznamte,oznámit,pf
en:Fischerova-Hodina_mezi:0:shuff:2219,cs:Fischerova-Hodina_mezi:0:shuff:2138,goes,go,Odejde,odejít,pf
en:Fischerova-Hodina_mezi:0:shuff:2220,cs:Fischerova-Hodina_mezi:0:shuff:2139,leaves,leave,odejde,odejít,pf
en:Fischerova-Hodina_mezi:0:shuff:2224,cs:Fischerova-Hodina_mezi:0:shuff:2143,replies,reply,neodpoví,odpovědět,pf
en:Fischerova-Hodina_mezi:0:shuff:2225,cs:Fischerova-Hodina_mezi:0:shuff:2144,leaves,leave,odchází,odcházet,impf
en:Fischerova-Hodina_mezi:0:shuff:2227,cs:Fischerova-Hodina_mezi:0:shuff:2146,writes,write,píše,psát,impf
en:Fischerova-Hodina_mezi:0:shuff:2231,cs:Fischerova-Hodina_mezi:0:shuff:2149,do,do,dělat,dělat,impf
en:Fischerova-Hodina_mezi:0:shuff:2238,cs:Fischerova-Hodina_mezi:0:shuff:2156,filled,fill,naplní,naplnit,pf
en:Fischerova-Hodina_mezi:0:shuff:2241,cs:Fischerova-Hodina_mezi:0:shuff:2158,sits,sit,sedne,sednout,pf
en:Fischerova-Hodina_mezi:0:shuff:2242,cs:Fischerova-Hodina_mezi:0:shuff:2159,whisper,whisper,šeptá,šeptat,impf
en:Fischerova-Hodina_mezi:0:shuff:2264,cs:Fischerova-Hodina_mezi:0:shuff:2179,heard,hear,slyšeli,slyšet,impf
en:Fischerova-Hodina_mezi:0:shuff:2279,cs:Fischerova-Hodina_mezi:0:shuff:2195,opens,open,otevře,otevřít,pf
en:Fischerova-Hodina_mezi:0:shuff:2286,cs:Fischerova-Hodina_mezi:0:shuff:2202,carries,carry,nese,nést,impf
en:Fischerova-Hodina_mezi:0:shuff:2289,cs:Fischerova-Hodina_mezi:0:shuff:2204,sits,sit,usedne,usednout,pf
en:Fischerova-Hodina_mezi:0:shuff:2299,cs:Fischerova-Hodina_mezi:0:shuff:2214,think,think,Myslíte,myslet,impf
en:Fischerova-Hodina_mezi:0:shuff:2304,cs:Fischerova-Hodina_mezi:0:shuff:2219,demand,demand,žádám,žádat,impf
en:Fischerova-Hodina_mezi:0:shuff:2306,cs:Fischerova-Hodina_mezi:0:shuff:2222,nods,nod,kývne,kývnout,pf
en:Fischerova-Hodina_mezi:0:shuff:2309,cs:Fischerova-Hodina_mezi:0:shuff:2225,adopts,adopt,zaujme,zaujmout,pf
en:Fischerova-Hodina_mezi:0:shuff:2309,cs:Fischerova-Hodina_mezi:0:shuff:2225,starts,start,začne,začít,pf
en:Fischerova-Hodina_mezi:0:shuff:2310,cs:Fischerova-Hodina_mezi:0:shuff:2226,appeared,appear,objevil,objevit,pf
en:Fischerova-Hodina_mezi:0:shuff:2322,cs:Fischerova-Hodina_mezi:0:shuff:2238,refuse,refuse,Odmítám,odmítat,impf
en:Fischerova-Hodina_mezi:0:shuff:2322,cs:Fischerova-Hodina_mezi:0:shuff:2238,treat,treat,jednat,jednat,impf
en:Fischerova-Hodina_mezi:0:shuff:2323,cs:Fischerova-Hodina_mezi:0:shuff:2239,acknowledge,acknowledge,Neuznávám,uznávat,impf
en:Fischerova-Hodina_mezi:0:shuff:2323,cs:Fischerova-Hodina_mezi:0:shuff:2239,acknowledge,acknowledge,neuznává,uznávat,impf
en:Fischerova-Hodina_mezi:0:shuff:2332,cs:Fischerova-Hodina_mezi:0:shuff:2248,think,think,Myslíte,myslet,impf
en:Fischerova-Hodina_mezi:0:shuff:2346,cs:Fischerova-Hodina_mezi:0:shuff:2262,go,go,odejít,odejít,pf
en:Fischerova-Hodina_mezi:0:shuff:2354,cs:Fischerova-Hodina_mezi:0:shuff:2270,sing,sing,zpívat,zpívat,impf
en:Fischerova-Hodina_mezi:0:shuff:2354,cs:Fischerova-Hodina_mezi:0:shuff:2270,sing,sing,zpívat,zpívat,impf
en:Fischerova-Hodina_mezi:0:shuff:2354,cs:Fischerova-Hodina_mezi:0:shuff:2270,fear,fear,neboj,bát,impf
en:Fischerova-Hodina_mezi:0:shuff:2354,cs:Fischerova-Hodina_mezi:0:shuff:2270,sing,sing,zpívej,zpívat,impf
en:Fischerova-Hodina_mezi:0:shuff:2354,cs:Fischerova-Hodina_mezi:0:shuff:2270,sing,sing,zpívej,zpívat,impf
en:Fischerova-Hodina_mezi:0:shuff:2354,cs:Fischerova-Hodina_mezi:0:shuff:2270,sing,sing,zpívej,zpívat,impf
en:Fischerova-Hodina_mezi:0:shuff:2354,cs:Fischerova-Hodina_mezi:0:shuff:2270,sing,sing,zpívej,zpívat,impf
en:Fischerova-Hodina_mezi:0:shuff:2355,cs:Fischerova-Hodina_mezi:0:shuff:2271,take,take,brát,brát,impf
en:Fischerova-Hodina_mezi:0:shuff:2356,cs:Fischerova-Hodina_mezi:0:shuff:2272,places,place,položí,položit,pf
en:Fischerova-Hodina_mezi:0:shuff:2370,cs:Fischerova-Hodina_mezi:0:shuff:2285,turns,turn,otočí,otočit,pf
en:Fischerova-Hodina_mezi:0:shuff:2373,cs:Fischerova-Hodina_mezi:0:shuff:2289,revealed,reveal,Objeví,objevit,pf
en:Fischerova-Hodina_mezi:0:shuff:2381,cs:Fischerova-Hodina_mezi:0:shuff:2297,extinguished,extinguish,zhasne,zhasnout,pf
en:Fischerova-Hodina_mezi:0:shuff:2382,cs:Fischerova-Hodina_mezi:0:shuff:2298,heard,hear,slyšet,slyšet,impf
en:Fischerova-Hodina_mezi:0:shuff:2388,cs:Fischerova-Hodina_mezi:0:shuff:2301,sitting,sit,sedí,sedět,impf
en:Fischerova-Hodina_mezi:0:shuff:2389,cs:Fischerova-Hodina_mezi:0:shuff:2302,bows,bow,skloní,sklonit,pf
en:Fischerova-Hodina_mezi:0:shuff:2411,cs:Fischerova-Hodina_mezi:0:shuff:2321,banish,banish,vyženete,vyhnat,pf
en:Fischerova-Hodina_mezi:0:shuff:2411,cs:Fischerova-Hodina_mezi:0:shuff:2321,destroy,destroy,zničíte,zničit,pf
en:Fischerova-Hodina_mezi:0:shuff:2416,cs:Fischerova-Hodina_mezi:0:shuff:2326,enters,enter,vchází,vcházet,impf
en:Fischerova-Hodina_mezi:0:shuff:2423,cs:Fischerova-Hodina_mezi:0:shuff:2332,calling,call,Voláte,volat,impf
en:Fischerova-Hodina_mezi:0:shuff:2463,cs:Fischerova-Hodina_mezi:0:shuff:2360,Listen,listen,Poslouchejte,poslouchat,impf
en:Fischerova-Hodina_mezi:0:shuff:2484,cs:Fischerova-Hodina_mezi:0:shuff:2380,look,look,dívají,dívat,impf
en:Fischerova-Hodina_mezi:0:shuff:2494,cs:Fischerova-Hodina_mezi:0:shuff:2391,try,try,Zkouším,zkoušet,impf
en:Fischerova-Hodina_mezi:0:shuff:2494,cs:Fischerova-Hodina_mezi:0:shuff:2391,see,see,Zkouším,zkoušet,impf
en:Fischerova-Hodina_mezi:0:shuff:2494,cs:Fischerova-Hodina_mezi:0:shuff:2391,hold,hold,vydržím,vydržet,pf
en:Fischerova-Hodina_mezi:0:shuff:2495,cs:Fischerova-Hodina_mezi:0:shuff:2392,sit,sit,Sedím,sedět,impf
en:Fischerova-Hodina_mezi:0:shuff:2495,cs:Fischerova-Hodina_mezi:0:shuff:2392,stifle,stifle,dusím,dusit,impf
en:Fischerova-Hodina_mezi:0:shuff:2499,cs:Fischerova-Hodina_mezi:0:shuff:2395,peruses,peruse,prohlédne,prohlédnout,pf
en:Fischerova-Hodina_mezi:0:shuff:2500,cs:Fischerova-Hodina_mezi:0:shuff:2396,kisses,kiss,políbí,políbit,pf
en:Fischerova-Hodina_mezi:0:shuff:2504,cs:Fischerova-Hodina_mezi:0:shuff:2400,falling,fall,Padá,padat,impf
en:Fischerova-Hodina_mezi:0:shuff:2506,cs:Fischerova-Hodina_mezi:0:shuff:2402,raise,raise,Zvednou,zvednout,pf
en:Fischerova-Hodina_mezi:0:shuff:2515,cs:Fischerova-Hodina_mezi:0:shuff:2411,did,do,vzal,vzít,pf
en:Fischerova-Hodina_mezi:0:shuff:2551,cs:Fischerova-Hodina_mezi:0:shuff:2446,gives,give,vydá,vydat,pf
en:Fischerova-Hodina_mezi:0:shuff:2555,cs:Fischerova-Hodina_mezi:0:shuff:2450,call,call,zavolám,zavolat,pf
en:Fischerova-Hodina_mezi:0:shuff:2571,cs:Fischerova-Hodina_mezi:0:shuff:2466,rings,ring,zní,znít,impf
en:Fischerova-Hodina_mezi:0:shuff:2575,cs:Fischerova-Hodina_mezi:0:shuff:2470,shining,shine,svítí,svítit,impf
en:Fischerova-Hodina_mezi:0:shuff:2578,cs:Fischerova-Hodina_mezi:0:shuff:2473,shields,shield,chrání,chránit,impf
en:Fischerova-Hodina_mezi:0:shuff:2583,cs:Fischerova-Hodina_mezi:0:shuff:2478,get,get,dostat,dostat,pf
en:Fischerova-Hodina_mezi:0:shuff:2590,cs:Fischerova-Hodina_mezi:0:shuff:2486,starts,start,začíná,začínat,impf
en:Fischerova-Hodina_mezi:0:shuff:2592,cs:Fischerova-Hodina_mezi:0:shuff:2488,dressed,dress,oblečena,obléci,pf
en:Fischerova-Hodina_mezi:0:shuff:2592,cs:Fischerova-Hodina_mezi:0:shuff:2488,dressed,dress,oblečena,obléci,pf
en:Fischerova-Hodina_mezi:0:shuff:2605,cs:Fischerova-Hodina_mezi:0:shuff:2502,Count,count,počítej,počítat,impf
en:Fischerova-Hodina_mezi:0:shuff:2610,cs:Fischerova-Hodina_mezi:0:shuff:2508,singing,sing,zpíval,zpívat,impf
en:Fischerova-Hodina_mezi:0:shuff:2617,cs:Fischerova-Hodina_mezi:0:shuff:2516,Let,let,Nech,nechat,pf
en:Fischerova-Hodina_mezi:0:shuff:2623,cs:Fischerova-Hodina_mezi:0:shuff:2523,demand,demand,Žádám,žádat,impf
en:Fischerova-Hodina_mezi:0:shuff:2629,cs:Fischerova-Hodina_mezi:0:shuff:2529,breaks,break,nechá,nechat,pf
en:Fischerova-Hodina_mezi:0:shuff:2635,cs:Fischerova-Hodina_mezi:0:shuff:2535,leave,leave,odcházejí,odcházet,impf
en:Fischerova-Hodina_mezi:0:shuff:2644,cs:Fischerova-Hodina_mezi:0:shuff:2544,switch,switch,zhasnout,zhasnout,pf
en:Fischerova-Hodina_mezi:0:shuff:2648,cs:Fischerova-Hodina_mezi:0:shuff:2548,disappear,disappear,zmizí,zmizet,pf
en:Fischerova-Hodina_mezi:0:shuff:2649,cs:Fischerova-Hodina_mezi:0:shuff:2549,whistles,whistle,píská,pískat,impf
en:Fischerova-Hodina_mezi:0:shuff:2665,cs:Fischerova-Hodina_mezi:0:shuff:2565,sits,sit,sedne,sednout,pf
en:Fischerova-Hodina_mezi:0:shuff:2665,cs:Fischerova-Hodina_mezi:0:shuff:2565,gets,get,přinést,přinést,pf
en:Fischerova-Hodina_mezi:0:shuff:2665,cs:Fischerova-Hodina_mezi:0:shuff:2565,bring,bring,přinést,přinést,pf
en:Fischerova-Hodina_mezi:0:shuff:2665,cs:Fischerova-Hodina_mezi:0:shuff:2565,listens,listen,poslouchá,poslouchat,impf
en:Fischerova-Hodina_mezi:0:shuff:2672,cs:Fischerova-Hodina_mezi:0:shuff:2569,let,let,nechme,nechat,pf
en:Fischerova-Hodina_mezi:0:shuff:2672,cs:Fischerova-Hodina_mezi:0:shuff:2569,drop,drop,nechme,nechat,pf
en:Fischerova-Hodina_mezi:0:shuff:2687,cs:Fischerova-Hodina_mezi:0:shuff:2583,heard,hear,neslyšeli,slyšet,impf
en:Fischerova-Hodina_mezi:0:shuff:2700,cs:Fischerova-Hodina_mezi:0:shuff:2595,say,say,říct,říci,pf
en:Fischerova-Hodina_mezi:0:shuff:2701,cs:Fischerova-Hodina_mezi:0:shuff:2596,smiling,smile,usměje,usmát,pf
en:Fischerova-Hodina_mezi:0:shuff:2702,cs:Fischerova-Hodina_mezi:0:shuff:2597,carrying,carry,nese,nést,impf
en:Fischerova-Hodina_mezi:0:shuff:2720,cs:Fischerova-Hodina_mezi:0:shuff:2615,lying,lie,ležíte,ležet,impf
en:Fischerova-Hodina_mezi:0:shuff:2728,cs:Fischerova-Hodina_mezi:0:shuff:2623,transcribed,transcribe,opsat,opsat,pf
en:Fischerova-Hodina_mezi:0:shuff:2737,cs:Fischerova-Hodina_mezi:0:shuff:2632,smiles,smile,usměje,usmát,pf
en:Fischerova-Hodina_mezi:0:shuff:2737,cs:Fischerova-Hodina_mezi:0:shuff:2632,dismisses,dismiss,odbyde,odbýt,pf
en:Fischerova-Hodina_mezi:0:shuff:2747,cs:Fischerova-Hodina_mezi:0:shuff:2643,allowed,allow,nesmí,smět,impf
en:Fischerova-Hodina_mezi:0:shuff:2751,cs:Fischerova-Hodina_mezi:0:shuff:2647,hits,hit,udeří,udeřit,pf
en:Fischerova-Hodina_mezi:0:shuff:2752,cs:Fischerova-Hodina_mezi:0:shuff:2648,turns,turn,otočí,otočit,pf
en:Fischerova-Hodina_mezi:0:shuff:2753,cs:Fischerova-Hodina_mezi:0:shuff:2649,transformed,transform,změní,změnit,pf
en:Fischerova-Hodina_mezi:0:shuff:2761,cs:Fischerova-Hodina_mezi:0:shuff:2657,refuse,refuse,Odmítám,odmítat,impf
en:Fischerova-Hodina_mezi:0:shuff:2761,cs:Fischerova-Hodina_mezi:0:shuff:2657,regards,regard,pokládá,pokládat,impf
en:Fischerova-Hodina_mezi:0:shuff:2770,cs:Fischerova-Hodina_mezi:0:shuff:2666,beg,beg,Prosím,prosit,impf
en:Fischerova-Hodina_mezi:0:shuff:2773,cs:Fischerova-Hodina_mezi:0:shuff:2669,murdered,murder,zavražděn,zavraždit,pf
en:Fischerova-Hodina_mezi:0:shuff:2791,cs:Fischerova-Hodina_mezi:0:shuff:2687,declare,declare,prohlašuji,prohlašovat,impf
en:Fischerova-Hodina_mezi:0:shuff:2792,cs:Fischerova-Hodina_mezi:0:shuff:2688,jumps,jump,vyskočí,vyskočit,pf
en:Fischerova-Hodina_mezi:0:shuff:2793,cs:Fischerova-Hodina_mezi:0:shuff:2689,falls,fall,upadne,upadnout,pf
en:Fischerova-Hodina_mezi:0:shuff:2820,cs:Fischerova-Hodina_mezi:0:shuff:2715,ended,end,skončila,skončit,pf
en:Fischerova-Hodina_mezi:0:shuff:2823,cs:Fischerova-Hodina_mezi:0:shuff:2718,defend,defend,hájit,hájit,impf
en:Fischerova-Hodina_mezi:0:shuff:2829,cs:Fischerova-Hodina_mezi:0:shuff:2724,see,see,vidíme,vidět,impf
en:Fischerova-Hodina_mezi:0:shuff:2830,cs:Fischerova-Hodina_mezi:0:shuff:2725,smiles,smile,usměje,usmát,pf
en:Fischerova-Hodina_mezi:0:shuff:2830,cs:Fischerova-Hodina_mezi:0:shuff:2725,makes,make,udělá,udělat,pf
en:Fischerova-Hodina_mezi:0:shuff:2831,cs:Fischerova-Hodina_mezi:0:shuff:2726,behaves,behave,chová,chovat,impf
en:Fischerova-Hodina_mezi:0:shuff:2849,cs:Fischerova-Hodina_mezi:0:shuff:2744,got,get,dostal,dostat,pf
en:Fischerova-Hodina_mezi:0:shuff:2854,cs:Fischerova-Hodina_mezi:0:shuff:2749,strikes,strike,udeří,udeřit,pf
en:Fischerova-Hodina_mezi:0:shuff:2855,cs:Fischerova-Hodina_mezi:0:shuff:2750,releases,release,pustí,pustit,pf
en:Fischerova-Hodina_mezi:0:shuff:2858,cs:Fischerova-Hodina_mezi:0:shuff:2753,speaks,speak,promluví,promluvit,pf
en:Fischerova-Hodina_mezi:0:shuff:2858,cs:Fischerova-Hodina_mezi:0:shuff:2753,changed,change,změnil,změnit,pf
en:Fischerova-Hodina_mezi:0:shuff:2878,cs:Fischerova-Hodina_mezi:0:shuff:2773,hands,hand,podá,podat,pf
en:Fischerova-Hodina_mezi:0:shuff:2878,cs:Fischerova-Hodina_mezi:0:shuff:2773,sits,sit,sednout,sednout,pf
en:Fischerova-Hodina_mezi:0:shuff:2891,cs:Fischerova-Hodina_mezi:0:shuff:2787,starts,start,začne,začít,pf
en:Fischerova-Hodina_mezi:0:shuff:2892,cs:Fischerova-Hodina_mezi:0:shuff:2788,withdraws,withdraw,stáhne,stáhnout,pf
en:Fischerova-Hodina_mezi:0:shuff:2894,cs:Fischerova-Hodina_mezi:0:shuff:2790,appreciate,appreciate,Chápete,chápat,impf
en:Fischerova-Hodina_mezi:0:shuff:2898,cs:Fischerova-Hodina_mezi:0:shuff:2794,see,see,nevidíte,vidět,impf
en:Fischerova-Hodina_mezi:0:shuff:2908,cs:Fischerova-Hodina_mezi:0:shuff:2804,punishes,punish,Trestá,trestat,impf
en:Fischerova-Hodina_mezi:0:shuff:2918,cs:Fischerova-Hodina_mezi:0:shuff:2811,Forgive,forgive,Promiňte,prominout,pf
en:Fischerova-Hodina_mezi:0:shuff:2918,cs:Fischerova-Hodina_mezi:0:shuff:2811,speaking,speak,říct,říci,pf
en:Fischerova-Hodina_mezi:0:shuff:2920,cs:Fischerova-Hodina_mezi:0:shuff:2813,turns,turn,obrátí,obrátit,pf
en:Fischerova-Hodina_mezi:0:shuff:2920,cs:Fischerova-Hodina_mezi:0:shuff:2813,shouts,shout,vykřikne,vykřiknout,pf
en:Fischerova-Hodina_mezi:0:shuff:2922,cs:Fischerova-Hodina_mezi:0:shuff:2815,lend,lend,půjčí,půjčit,pf
en:Fischerova-Hodina_mezi:0:shuff:2931,cs:Fischerova-Hodina_mezi:0:shuff:2823,laughs,laugh,zasměje,zasmát,pf
en:Fischerova-Hodina_mezi:0:shuff:2940,cs:Fischerova-Hodina_mezi:0:shuff:2832,Swear,swear,Přísahej,přísahat,impf
en:Fischerova-Hodina_mezi:0:shuff:2959,cs:Fischerova-Hodina_mezi:0:shuff:2850,spelt,spell,píše,psát,impf
en:Fischerova-Hodina_mezi:0:shuff:2972,cs:Fischerova-Hodina_mezi:0:shuff:2864,see,see,vidíte,vidět,impf
en:Fischerova-Hodina_mezi:0:shuff:2977,cs:Fischerova-Hodina_mezi:0:shuff:2869,suffer,suffer,trp,trpět,impf
en:Fischerova-Hodina_mezi:0:shuff:2979,cs:Fischerova-Hodina_mezi:0:shuff:2871,count,count,Počítám,počítat,impf
en:Fischerova-Hodina_mezi:0:shuff:2990,cs:Fischerova-Hodina_mezi:0:shuff:2881,do,do,jde,jít,impf
en:Fischerova-Hodina_mezi:0:shuff:3019,cs:Fischerova-Hodina_mezi:0:shuff:2906,falls,fall,padne,padnout,pf
en:Fischerova-Hodina_mezi:0:shuff:3029,cs:Fischerova-Hodina_mezi:0:shuff:2917,indicating,indicate,ukáže,ukázat,pf
en:Fischerova-Hodina_mezi:0:shuff:3033,cs:Fischerova-Hodina_mezi:0:shuff:2921,take,take,zaujmou,zaujmout,pf
en:Fischerova-Hodina_mezi:0:shuff:3040,cs:Fischerova-Hodina_mezi:0:shuff:2927,bow,bow,skloní,sklonit,pf
en:Fischerova-Hodina_mezi:0:shuff:3040,cs:Fischerova-Hodina_mezi:0:shuff:2927,sit,sit,sednou,sednout,pf
en:Fischerova-Hodina_mezi:0:shuff:3047,cs:Fischerova-Hodina_mezi:0:shuff:2934,locking,lock,Zamykám,zamykat,impf
en:Fischerova-Hodina_mezi:0:shuff:3062,cs:Fischerova-Hodina_mezi:0:shuff:2950,fall,fall,padá,padat,impf
en:Fischerova-Hodina_mezi:0:shuff:3063,cs:Fischerova-Hodina_mezi:0:shuff:2951,catch,catch,zachytí,zachytit,pf
en:Fischerova-Hodina_mezi:0:shuff:3065,cs:Fischerova-Hodina_mezi:0:shuff:2953,excuse,excuse,Omluvte,omluvit,pf
en:Fischerova-Hodina_mezi:0:shuff:3066,cs:Fischerova-Hodina_mezi:0:shuff:2954,exhausted,exhaust,unavilo,unavit,pf
en:Fischerova-Hodina_mezi:0:shuff:3067,cs:Fischerova-Hodina_mezi:0:shuff:2955,expect,expect,Čekám,čekat,impf
en:Fischerova-Hodina_mezi:0:shuff:3071,cs:Fischerova-Hodina_mezi:0:shuff:2958,expect,expect,Čekám,čekat,impf
en:Fischerova-Hodina_mezi:0:shuff:3073,cs:Fischerova-Hodina_mezi:0:shuff:2960,closes,close,zavře,zavřít,pf
en:Fischerova-Hodina_mezi:0:shuff:3075,cs:Fischerova-Hodina_mezi:0:shuff:2962,stops,stop,ustane,ustat,pf
en:Fischerova-Hodina_mezi:0:shuff:3081,cs:Fischerova-Hodina_mezi:0:shuff:2969,speak,speak,Mluvil,mluvit,impf
en:Fischerova-Hodina_mezi:0:shuff:3098,cs:Fischerova-Hodina_mezi:0:shuff:2985,Taking,take,Vezme,vzít,pf
en:Fischerova-Hodina_mezi:0:shuff:3098,cs:Fischerova-Hodina_mezi:0:shuff:2985,removes,remove,sundá,sundat,pf
en:Fischerova-Hodina_mezi:0:shuff:3109,cs:Fischerova-Hodina_mezi:0:shuff:2994,make,make,učinit,učinit,pf
en:Fischerova-Hodina_mezi:0:shuff:3118,cs:Fischerova-Hodina_mezi:0:shuff:3004,tell,tell,mluvit,mluvit,impf
en:Fischerova-Hodina_mezi:0:shuff:3121,cs:Fischerova-Hodina_mezi:0:shuff:3007,hiding,hide,skrývá,skrývat,impf
en:Fischerova-Hodina_mezi:0:shuff:3123,cs:Fischerova-Hodina_mezi:0:shuff:3009,discharged,discharge,Propustil,propustit,pf
en:Fischerova-Hodina_mezi:0:shuff:3125,cs:Fischerova-Hodina_mezi:0:shuff:3011,bury,bury,pohřbít,pohřbít,pf
en:Fischerova-Hodina_mezi:0:shuff:3127,cs:Fischerova-Hodina_mezi:0:shuff:3013,bury,bury,Nepohřbíme,pohřbít,pf
en:Fischerova-Hodina_mezi:0:shuff:3129,cs:Fischerova-Hodina_mezi:0:shuff:3015,write,write,nenapíše,napsat,pf
en:Fischerova-Hodina_mezi:0:shuff:3150,cs:Fischerova-Hodina_mezi:0:shuff:3036,falls,fall,spadne,spadnout,pf
en:Fischerova-Hodina_mezi:0:shuff:3154,cs:Fischerova-Hodina_mezi:0:shuff:3041,see,see,Viděl,vidět,impf
en:Fischerova-Hodina_mezi:0:shuff:3162,cs:Fischerova-Hodina_mezi:0:shuff:3049,seen,see,neviděl,vidět,impf
en:Fischerova-Hodina_mezi:0:shuff:3189,cs:Fischerova-Hodina_mezi:0:shuff:3078,starts,start,začne,začít,pf
en:Fischerova-Hodina_mezi:0:shuff:3191,cs:Fischerova-Hodina_mezi:0:shuff:3080,killed,kill,zabil,zabít,pf
en:Fischerova-Hodina_mezi:0:shuff:3192,cs:Fischerova-Hodina_mezi:0:shuff:3081,died,die,umřel,umřít,pf
en:Fischerova-Hodina_mezi:0:shuff:3193,cs:Fischerova-Hodina_mezi:0:shuff:3082,hear,hear,Slyšíš,slyšet,impf
en:Fischerova-Hodina_mezi:0:shuff:3197,cs:Fischerova-Hodina_mezi:0:shuff:3086,ruined,ruin,zkazil,zkazit,pf
en:Fischerova-Hodina_mezi:0:shuff:3223,cs:Fischerova-Hodina_mezi:0:shuff:3111,keep,keep,hlídalas,hlídat,impf
en:Fischerova-Hodina_mezi:0:shuff:3230,cs:Fischerova-Hodina_mezi:0:shuff:3118,Run,run,Běž,běžet,impf
en:Fischerova-Hodina_mezi:0:shuff:3230,cs:Fischerova-Hodina_mezi:0:shuff:3118,Run,run,běž,běžet,impf
en:Fischerova-Hodina_mezi:0:shuff:3231,cs:Fischerova-Hodina_mezi:0:shuff:3119,says,say,řekne,říci,pf
en:Fischerova-Hodina_mezi:0:shuff:3244,cs:Fischerova-Hodina_mezi:0:shuff:3132,leans,lean,Nakloní,naklonit,pf
en:Fischerova-Hodina_mezi:0:shuff:3249,cs:Fischerova-Hodina_mezi:0:shuff:3137,lose,lose,neztrácejte,ztrácet,impf
en:Fischerova-Hodina_mezi:0:shuff:3257,cs:Fischerova-Hodina_mezi:0:shuff:3145,told,tell,Řekli,říci,pf
en:Fischerova-Hodina_mezi:0:shuff:3269,cs:Fischerova-Hodina_mezi:0:shuff:3158,Tell,tell,říct,říci,pf
en:Fischerova-Hodina_mezi:0:shuff:3274,cs:Fischerova-Hodina_mezi:0:shuff:3163,whispers,whisper,šeptá,šeptat,impf
en:Fischerova-Hodina_mezi:0:shuff:3278,cs:Fischerova-Hodina_mezi:0:shuff:3166,Listen,listen,poslyš,slyšet,impf
en:Fischerova-Hodina_mezi:0:shuff:3309,cs:Fischerova-Hodina_mezi:0:shuff:3187,take,take,veme,vzít,pf
en:Fischerova-Hodina_mezi:0:shuff:3327,cs:Fischerova-Hodina_mezi:0:shuff:3204,plunged,plunge,ponoří,ponořit,pf
en:Fischerova-Hodina_mezi:0:shuff:3327,cs:Fischerova-Hodina_mezi:0:shuff:3204,see,see,vidíme,vidět,impf
en:Fischerova-Hodina_mezi:0:shuff:3349,cs:Fischerova-Hodina_mezi:0:shuff:3225,runs,run,Utíká,utíkat,impf
en:Fischerova-Hodina_mezi:0:shuff:3370,cs:Fischerova-Hodina_mezi:0:shuff:3244,take,take,zaujmou,zaujmout,pf
en:Fischerova-Hodina_mezi:0:shuff:3371,cs:Fischerova-Hodina_mezi:0:shuff:3245,rises,rise,povstane,povstat,pf
en:Fischerova-Hodina_mezi:0:shuff:3373,cs:Fischerova-Hodina_mezi:0:shuff:3246,Hear,hear,Slyšte,slyšet,impf
en:Fischerova-Hodina_mezi:0:shuff:3379,cs:Fischerova-Hodina_mezi:0:shuff:3253,starts,start,začne,začít,pf
en:Fischerova-Hodina_mezi:0:shuff:3383,cs:Fischerova-Hodina_mezi:0:shuff:3255,looks,look,dívá,dívat,impf
en:Fischerova-Hodina_mezi:0:shuff:3395,cs:Fischerova-Hodina_mezi:0:shuff:3267,start,start,začne,začít,pf
en:Fischerova-Hodina_mezi:0:shuff:3396,cs:Fischerova-Hodina_mezi:0:shuff:3268,functions,function,Funguje,fungovat,impf
en:Fischerova-Hodina_mezi:0:shuff:3398,cs:Fischerova-Hodina_mezi:0:shuff:3270,declare,declare,prohlašuji,prohlašovat,impf
en:Fischerova-Hodina_mezi:0:shuff:3405,cs:Fischerova-Hodina_mezi:0:shuff:3277,Come,come,Pojďte,jít,impf
en:Fischerova-Hodina_mezi:0:shuff:3411,cs:Fischerova-Hodina_mezi:0:shuff:3281,defeated,defeat,poražen,porazit,pf
en:Fischerova-Hodina_mezi:0:shuff:3411,cs:Fischerova-Hodina_mezi:0:shuff:3281,leaves,leave,odchází,odcházet,impf
en:Fischerova-Hodina_mezi:0:shuff:3412,cs:Fischerova-Hodina_mezi:0:shuff:3282,lays,lay,položí,položit,pf
en:Fischerova-Hodina_mezi:0:shuff:3413,cs:Fischerova-Hodina_mezi:0:shuff:3283,bows,bow,skloní,sklonit,pf
en:Fischerova-Hodina_mezi:0:shuff:3414,cs:Fischerova-Hodina_mezi:0:shuff:3284,goes,go,odejde,odejít,pf
en:Fischerova-Hodina_mezi:0:shuff:3415,cs:Fischerova-Hodina_mezi:0:shuff:3285,drops,drop,padne,padnout,pf
en:Fischerova-Hodina_mezi:0:shuff:3415,cs:Fischerova-Hodina_mezi:0:shuff:3285,starts,start,začne,začít,pf
en:Fischerova-Hodina_mezi:0:shuff:3416,cs:Fischerova-Hodina_mezi:0:shuff:3286,sit,sit,sednou,sednout,pf
en:Fischerova-Hodina_mezi:0:shuff:3419,cs:Fischerova-Hodina_mezi:0:shuff:3290,answer,answer,Zodpovězte,zodpovědět,pf
en:Fischerova-Hodina_mezi:0:shuff:3442,cs:Fischerova-Hodina_mezi:0:shuff:3313,came,come,Nepřišla,přijít,pf
en:Fischerova-Hodina_mezi:0:shuff:3442,cs:Fischerova-Hodina_mezi:0:shuff:3313,see,see,Nepřišla,přijít,pf
en:Fischerova-Hodina_mezi:0:shuff:3447,cs:Fischerova-Hodina_mezi:0:shuff:3318,want,want,Chci,chtít,impf
en:Fischerova-Hodina_mezi:0:shuff:3447,cs:Fischerova-Hodina_mezi:0:shuff:3318,see,see,vidět,vidět,impf
en:Fischerova-Hodina_mezi:0:shuff:3448,cs:Fischerova-Hodina_mezi:0:shuff:3319,want,want,Chci,chtít,impf
en:Fischerova-Hodina_mezi:0:shuff:3448,cs:Fischerova-Hodina_mezi:0:shuff:3319,see,see,vidět,vidět,impf
en:Fischerova-Hodina_mezi:0:shuff:3448,cs:Fischerova-Hodina_mezi:0:shuff:3319,sleeps,sleep,nespí,spát,impf
en:Fischerova-Hodina_mezi:0:shuff:3453,cs:Fischerova-Hodina_mezi:0:shuff:3324,murdered,murder,zavražděn,zavraždit,pf
en:Fischerova-Hodina_mezi:0:shuff:3458,cs:Fischerova-Hodina_mezi:0:shuff:3329,sits,sit,Sedí,sedět,impf
en:Fischerova-Hodina_mezi:0:shuff:3459,cs:Fischerova-Hodina_mezi:0:shuff:3330,look,look,hledí,hledět,impf
en:Fischerova-Hodina_mezi:0:shuff:3460,cs:Fischerova-Hodina_mezi:0:shuff:3331,asking,ask,Ptám,ptát,impf
en:Fischerova-Hodina_mezi:0:shuff:3461,cs:Fischerova-Hodina_mezi:0:shuff:3332,do,do,uděláte,udělat,pf
en:Fischerova-Hodina_mezi:0:shuff:3466,cs:Fischerova-Hodina_mezi:0:shuff:3337,Speak,speak,mluvte,mluvit,impf
en:Fischerova-Hodina_mezi:0:shuff:3477,cs:Fischerova-Hodina_mezi:0:shuff:3346,stabs,stab,bodne,bodnout,pf
en:Fischerova-Hodina_mezi:0:shuff:3478,cs:Fischerova-Hodina_mezi:0:shuff:3347,falls,fall,padne,padnout,pf
en:Fischerova-Hodina_mezi:0:shuff:3492,cs:Fischerova-Hodina_mezi:0:shuff:3361,need,need,Musím,muset,impf
en:Fischerova-Hodina_mezi:0:shuff:3511,cs:Fischerova-Hodina_mezi:0:shuff:3378,waiting,wait,čekají,čekat,impf
en:Fischerova-Hodina_mezi:0:shuff:3516,cs:Fischerova-Hodina_mezi:0:shuff:3383,chosen,choose,zvolil,zvolit,pf
en:Fischerova-Hodina_mezi:0:shuff:3520,cs:Fischerova-Hodina_mezi:0:shuff:3387,jump,jump,vyskočí,vyskočit,pf
en:Fischerova-Hodina_mezi:0:shuff:3543,cs:Fischerova-Hodina_mezi:0:shuff:3408,imbibes,imbibe,pije,pít,impf
en:Fischerova-Hodina_mezi:0:shuff:3554,cs:Fischerova-Hodina_mezi:0:shuff:3420,claimed,claim,vyžádaly,vyžádat,pf
en:Fischerova-Hodina_mezi:0:shuff:3558,cs:Fischerova-Hodina_mezi:0:shuff:3424,violated,violate,porušil,porušit,pf
en:Fischerova-Hodina_mezi:0:shuff:3573,cs:Fischerova-Hodina_mezi:0:shuff:3439,doing,do,děláš,dělat,impf
en:Fischerova-Hodina_mezi:0:shuff:3584,cs:Fischerova-Hodina_mezi:0:shuff:3451,write,write,nenapíše,napsat,pf
en:Fischerova-Hodina_mezi:0:shuff:3585,cs:Fischerova-Hodina_mezi:0:shuff:3452,write,write,nenapíše,napsat,pf
en:Fischerova-Hodina_mezi:0:shuff:3586,cs:Fischerova-Hodina_mezi:0:shuff:3453,call,call,říkám,říkat,impf
en:Fischerova-Hodina_mezi:0:shuff:3589,cs:Fischerova-Hodina_mezi:0:shuff:3456,allowed,allow,nesmím,smět,impf
en:Fischerova-Hodina_mezi:0:shuff:3589,cs:Fischerova-Hodina_mezi:0:shuff:3456,accept,accept,přijmout,přijmout,pf
en:Fischerova-Hodina_mezi:0:shuff:3591,cs:Fischerova-Hodina_mezi:0:shuff:3458,paces,pace,Přechází,přecházet,impf
en:Fischerova-Hodina_mezi:0:shuff:3612,cs:Fischerova-Hodina_mezi:0:shuff:3481,wish,wish,Přeje,přát,impf
en:Fischerova-Hodina_mezi:0:shuff:3616,cs:Fischerova-Hodina_mezi:0:shuff:3485,defend,defend,hájit,hájit,impf
en:Fischerova-Hodina_mezi:0:shuff:3619,cs:Fischerova-Hodina_mezi:0:shuff:3488,jumps,jump,vyskočí,vyskočit,pf
en:Fischerova-Hodina_mezi:0:shuff:3624,cs:Fischerova-Hodina_mezi:0:shuff:3493,encountered,encounter,potkávám,potkávat,impf
en:Fischerova-Hodina_mezi:0:shuff:3629,cs:Fischerova-Hodina_mezi:0:shuff:3497,intend,intend,Chcete,chtít,impf
en:Fischerova-Hodina_mezi:0:shuff:3629,cs:Fischerova-Hodina_mezi:0:shuff:3497,base,base,založit,založit,pf
en:Fischerova-Hodina_mezi:0:shuff:3636,cs:Fischerova-Hodina_mezi:0:shuff:3503,closed,close,uzavřen,uzavřít,pf
en:Fischerova-Hodina_mezi:0:shuff:3636,cs:Fischerova-Hodina_mezi:0:shuff:3503,filed,file,uložen,uložit,pf
en:Fischerova-Hodina_mezi:0:shuff:3637,cs:Fischerova-Hodina_mezi:0:shuff:3504,protest,protest,protestuji,protestovat,impf
en:Fischerova-Hodina_mezi:0:shuff:3645,cs:Fischerova-Hodina_mezi:0:shuff:3512,Run,run,Utečte,utéci,pf
en:Fischerova-Hodina_mezi:0:shuff:3664,cs:Fischerova-Hodina_mezi:0:shuff:3530,swear,swear,přísahám,přísahat,impf
en:Fischerova-Hodina_mezi:0:shuff:3675,cs:Fischerova-Hodina_mezi:0:shuff:3541,Try,try,Zkuste,zkusit,pf
en:Fischerova-Hodina_mezi:0:shuff:3675,cs:Fischerova-Hodina_mezi:0:shuff:3541,looking,look,hledat,hledat,impf
en:Fischerova-Hodina_mezi:0:shuff:3680,cs:Fischerova-Hodina_mezi:0:shuff:3547,yearn,yearn,Toužil,toužit,impf
en:Fischerova-Hodina_mezi:0:shuff:3680,cs:Fischerova-Hodina_mezi:0:shuff:3547,born,bear,zrodil,zrodit,pf
en:Fischerova-Hodina_mezi:0:shuff:3685,cs:Fischerova-Hodina_mezi:0:shuff:3552,yearns,yearn,touží,toužit,impf
en:Fischerova-Hodina_mezi:0:shuff:3690,cs:Fischerova-Hodina_mezi:0:shuff:3557,singing,sing,zazpívat,zazpívat,pf
en:Fischerova-Hodina_mezi:0:shuff:3699,cs:Fischerova-Hodina_mezi:0:shuff:3566,observes,observe,pozoruje,pozorovat,impf
en:Fischerova-Hodina_mezi:0:shuff:3705,cs:Fischerova-Hodina_mezi:0:shuff:3571,dare,dare,troufám,troufat,impf
en:Fischerova-Hodina_mezi:0:shuff:3712,cs:Fischerova-Hodina_mezi:0:shuff:3576,Imagine,imagine,Představte,představit,pf
en:Fischerova-Hodina_mezi:0:shuff:3714,cs:Fischerova-Hodina_mezi:0:shuff:3578,Flying,fly,Letí,letět,impf
en:Fischerova-Hodina_mezi:0:shuff:3723,cs:Fischerova-Hodina_mezi:0:shuff:3586,rises,rise,stoupá,stoupat,impf
en:Fischerova-Hodina_mezi:0:shuff:3733,cs:Fischerova-Hodina_mezi:0:shuff:3592,torturing,torture,mučí,mučit,impf
en:Fischerova-Hodina_mezi:0:shuff:3742,cs:Fischerova-Hodina_mezi:0:shuff:3599,keeps,keep,drží,držet,impf
en:Fischerova-Hodina_mezi:0:shuff:3742,cs:Fischerova-Hodina_mezi:0:shuff:3599,keeps,keep,chovají,chovat,impf
en:Fischerova-Hodina_mezi:0:shuff:3742,cs:Fischerova-Hodina_mezi:0:shuff:3599,behave,behave,chovají,chovat,impf
en:Fischerova-Hodina_mezi:0:shuff:3743,cs:Fischerova-Hodina_mezi:0:shuff:3600,notice,notice,nevnímá,vnímat,impf
en:Fischerova-Hodina_mezi:0:shuff:3748,cs:Fischerova-Hodina_mezi:0:shuff:3605,runs,run,utíká,utíkat,impf
en:Fischerova-Hodina_mezi:0:shuff:3748,cs:Fischerova-Hodina_mezi:0:shuff:3605,photograph,photograph,fotografují,fotografovat,impf
en:Fischerova-Hodina_mezi:0:shuff:3756,cs:Fischerova-Hodina_mezi:0:shuff:3613,sits,sit,sedí,sedět,impf
en:Fischerova-Hodina_mezi:0:shuff:3758,cs:Fischerova-Hodina_mezi:0:shuff:3615,kill,kill,zabil,zabít,pf
en:Fischerova-Hodina_mezi:0:shuff:3762,cs:Fischerova-Hodina_mezi:0:shuff:3619,robbed,rob,vykradl,vykrást,pf
en:Fischerova-Hodina_mezi:0:shuff:3766,cs:Fischerova-Hodina_mezi:0:shuff:3623,Answer,answer,Odpovídej,odpovídat,impf
en:Fischerova-Hodina_mezi:0:shuff:3780,cs:Fischerova-Hodina_mezi:0:shuff:3638,ensues,ensue,nastane,nastat,pf
en:Fischerova-Hodina_mezi:0:shuff:3790,cs:Fischerova-Hodina_mezi:0:shuff:3648,dressed,dress,oblečen,obléci,pf
en:Fischerova-Hodina_mezi:0:shuff:3798,cs:Fischerova-Hodina_mezi:0:shuff:3657,put,put,řekl,říci,pf
en:Fischerova-Hodina_mezi:0:shuff:3814,cs:Fischerova-Hodina_mezi:0:shuff:3673,Help,help,Pomozte,pomoci,pf
en:Fischerova-Hodina_mezi:0:shuff:3823,cs:Fischerova-Hodina_mezi:0:shuff:3682,deserves,deserve,Zasloužil,zasloužit,pf
en:Fischerova-Hodina_mezi:0:shuff:3841,cs:Fischerova-Hodina_mezi:0:shuff:3701,joined,join,přidá,přidat,pf
en:Fischerova-Hodina_mezi:0:shuff:3841,cs:Fischerova-Hodina_mezi:0:shuff:3701,dragging,drag,vlečou,vléci,impf
en:Fischerova-Hodina_mezi:0:shuff:3841,cs:Fischerova-Hodina_mezi:0:shuff:3701,pulling,pull,vlečou,vléci,impf
en:Fischerova-Hodina_mezi:0:shuff:3841,cs:Fischerova-Hodina_mezi:0:shuff:3701,dragging,drag,vláčejí,vláčet,impf
en:Fischerova-Hodina_mezi:0:shuff:3841,cs:Fischerova-Hodina_mezi:0:shuff:3701,kicking,kick,kopou,kopat,impf
en:Fischerova-Hodina_mezi:0:shuff:3856,cs:Fischerova-Hodina_mezi:0:shuff:3714,sits,sit,sedí,sedět,impf
en:Fischerova-Hodina_mezi:0:shuff:3857,cs:Fischerova-Hodina_mezi:0:shuff:3715,grabs,grab,popadne,popadnout,pf
en:Fischerova-Hodina_mezi:0:shuff:3859,cs:Fischerova-Hodina_mezi:0:shuff:3717,sits,sit,sedne,sednout,pf
en:Fischerova-Hodina_mezi:0:shuff:3861,cs:Fischerova-Hodina_mezi:0:shuff:3719,sleep,sleep,usnem,usnout,pf
en:Fischerova-Hodina_mezi:0:shuff:3872,cs:Fischerova-Hodina_mezi:0:shuff:3732,want,want,chcem,chtít,impf
en:Fischerova-Hodina_mezi:0:shuff:3882,cs:Fischerova-Hodina_mezi:0:shuff:3741,depends,depend,Záleží,záležet,impf
en:Fischerova-Hodina_mezi:0:shuff:3888,cs:Fischerova-Hodina_mezi:0:shuff:3746,searches,search,hledá,hledat,impf
en:Fischerova-Hodina_mezi:0:shuff:3890,cs:Fischerova-Hodina_mezi:0:shuff:3748,covers,cover,zakryje,zakrýt,pf
en:Fischerova-Hodina_mezi:0:shuff:3893,cs:Fischerova-Hodina_mezi:0:shuff:3751,exist,exist,Neexistovala,existovat,impf
en:Fischerova-Hodina_mezi:0:shuff:3894,cs:Fischerova-Hodina_mezi:0:shuff:3752,look,look,Nehledejte,hledat,impf
en:Fischerova-Hodina_mezi:0:shuff:3900,cs:Fischerova-Hodina_mezi:0:shuff:3758,look,look,nehledejte,hledat,impf
en:Fischerova-Hodina_mezi:0:shuff:3901,cs:Fischerova-Hodina_mezi:0:shuff:3759,begged,beg,prosil,prosit,impf
en:Fischerova-Hodina_mezi:0:shuff:3908,cs:Fischerova-Hodina_mezi:0:shuff:3767,offering,offer,Nabízím,nabízet,impf
en:Fischerova-Hodina_mezi:0:shuff:3909,cs:Fischerova-Hodina_mezi:0:shuff:3768,want,want,chcete,chtít,impf
en:Fischerova-Hodina_mezi:0:shuff:3916,cs:Fischerova-Hodina_mezi:0:shuff:3774,Do,do,Dělejte,dělat,impf
en:Fischerova-Hodina_mezi:0:shuff:3916,cs:Fischerova-Hodina_mezi:0:shuff:3774,like,like,chcete,chtít,impf
en:Fischerova-Hodina_mezi:0:shuff:3920,cs:Fischerova-Hodina_mezi:0:shuff:3778,see,see,viděl,vidět,impf
en:Fischerova-Hodina_mezi:0:shuff:3930,cs:Fischerova-Hodina_mezi:0:shuff:3788,Leave,leave,Nech,nechat,pf
en:Fischerova-Hodina_mezi:0:shuff:3931,cs:Fischerova-Hodina_mezi:0:shuff:3789,tell,tell,poví,povědět,pf
en:Fischerova-Hodina_mezi:0:shuff:3934,cs:Fischerova-Hodina_mezi:0:shuff:3791,speaks,speak,mluví,mluvit,impf
en:Fischerova-Hodina_mezi:0:shuff:3942,cs:Fischerova-Hodina_mezi:0:shuff:3800,meant,mean,Mínil,mínit,impf
en:Fischerova-Hodina_mezi:0:shuff:3951,cs:Fischerova-Hodina_mezi:0:shuff:3810,forces,force,nutí,nutit,impf
en:Fischerova-Hodina_mezi:0:shuff:3951,cs:Fischerova-Hodina_mezi:0:shuff:3810,say,say,říkat,říkat,impf
en:Fischerova-Hodina_mezi:0:shuff:3954,cs:Fischerova-Hodina_mezi:0:shuff:3815,jumps,jump,vyskočí,vyskočit,pf
en:Fischerova-Hodina_mezi:0:shuff:3956,cs:Fischerova-Hodina_mezi:0:shuff:3817,conducted,conduct,vedena,vést,impf
en:Fischerova-Hodina_mezi:0:shuff:3957,cs:Fischerova-Hodina_mezi:0:shuff:3818,accompanied,accompany,provází,provázet,impf
en:Fischerova-Hodina_mezi:0:shuff:3962,cs:Fischerova-Hodina_mezi:0:shuff:3823,listen,listen,poslouchal,poslouchat,impf
en:Fischerova-Hodina_mezi:0:shuff:3966,cs:Fischerova-Hodina_mezi:0:shuff:3828,lost,lose,ztracen,ztratit,pf
en:Fischerova-Hodina_mezi:0:shuff:3975,cs:Fischerova-Hodina_mezi:0:shuff:3839,asking,ask,tážu,tázat,impf
en:Fischerova-Hodina_mezi:0:shuff:3980,cs:Fischerova-Hodina_mezi:0:shuff:3844,Answer,answer,Odpovězte,odpovědět,pf
en:Fischerova-Hodina_mezi:0:shuff:3992,cs:Fischerova-Hodina_mezi:0:shuff:3857,goes,go,jde,jít,impf
en:Fischerova-Hodina_mezi:0:shuff:3994,cs:Fischerova-Hodina_mezi:0:shuff:3859,catches,catch,zachytí,zachytit,pf
en:Fischerova-Hodina_mezi:0:shuff:4003,cs:Fischerova-Hodina_mezi:0:shuff:3868,smile,smile,usměje,usmát,pf
en:Fischerova-Hodina_mezi:0:shuff:4013,cs:Fischerova-Hodina_mezi:0:shuff:3877,hands,hand,podá,podat,pf
en:Fischerova-Hodina_mezi:0:shuff:4028,cs:Fischerova-Hodina_mezi:0:shuff:3892,starts,start,začne,začít,pf
en:Fischerova-Hodina_mezi:0:shuff:4028,cs:Fischerova-Hodina_mezi:0:shuff:3892,play,play,hrát,hrát,impf
en:Fischerova-Hodina_mezi:0:shuff:4029,cs:Fischerova-Hodina_mezi:0:shuff:3893,tries,try,pokouší,pokoušet,impf
en:Fischerova-Hodina_mezi:0:shuff:4029,cs:Fischerova-Hodina_mezi:0:shuff:3893,catch,catch,chytit,chytit,pf
en:Fischerova-Hodina_mezi:0:shuff:4035,cs:Fischerova-Hodina_mezi:0:shuff:3899,addressing,address,neoslovil,oslovit,pf
en:Fischerova-Hodina_mezi:0:shuff:4040,cs:Fischerova-Hodina_mezi:0:shuff:3904,rises,rise,vstane,vstát,pf
en:Fischerova-Hodina_mezi:0:shuff:4041,cs:Fischerova-Hodina_mezi:0:shuff:3905,speaks,speak,Mluví,mluvit,impf
en:Fischerova-Hodina_mezi:0:shuff:4055,cs:Fischerova-Hodina_mezi:0:shuff:3920,protect,protect,chráním,chránit,impf
en:Fischerova-Hodina_mezi:0:shuff:4066,cs:Fischerova-Hodina_mezi:0:shuff:3930,provoke,provoke,nedrážděte,dráždit,impf
en:Fischerova-Hodina_mezi:0:shuff:4071,cs:Fischerova-Hodina_mezi:0:shuff:3935,saw,see,neviděla,vidět,impf
en:Fischerova-Hodina_mezi:0:shuff:4087,cs:Fischerova-Hodina_mezi:0:shuff:3952,consider,consider,Považujete,považovat,impf
en:Fischerova-Hodina_mezi:0:shuff:4097,cs:Fischerova-Hodina_mezi:0:shuff:3963,starts,start,začne,začít,pf
en:Fischerova-Hodina_mezi:0:shuff:4097,cs:Fischerova-Hodina_mezi:0:shuff:3963,sing,sing,zpívat,zpívat,impf
en:Fischerova-Hodina_mezi:0:shuff:4098,cs:Fischerova-Hodina_mezi:0:shuff:3964,tries,try,zkouší,zkoušet,impf
en:Fischerova-Hodina_mezi:0:shuff:4098,cs:Fischerova-Hodina_mezi:0:shuff:3964,accompany,accompany,doprovázet,doprovázet,impf
en:Fischerova-Hodina_mezi:0:shuff:4101,cs:Fischerova-Hodina_mezi:0:shuff:3968,singing,sing,zpívá,zpívat,impf
en:Fischerova-Hodina_mezi:0:shuff:4122,cs:Fischerova-Hodina_mezi:0:shuff:3992,seen,see,Vidím,vidět,impf
en:Fischerova-Hodina_mezi:0:shuff:4134,cs:Fischerova-Hodina_mezi:0:shuff:4005,saw,see,viděla,vidět,impf
en:Fischerova-Hodina_mezi:0:shuff:4134,cs:Fischerova-Hodina_mezi:0:shuff:4005,saw,see,viděla,vidět,impf
en:Fischerova-Hodina_mezi:0:shuff:4134,cs:Fischerova-Hodina_mezi:0:shuff:4005,saw,see,viděla,vidět,impf
en:Fischerova-Hodina_mezi:0:shuff:4134,cs:Fischerova-Hodina_mezi:0:shuff:4005,saw,see,viděla,vidět,impf
en:Fischerova-Hodina_mezi:0:shuff:4147,cs:Fischerova-Hodina_mezi:0:shuff:4014,wins,win,vyhrává,vyhrávat,impf
en:Fischerova-Hodina_mezi:0:shuff:4148,cs:Fischerova-Hodina_mezi:0:shuff:4015,say,say,řekneš,říci,pf
en:Fischerova-Hodina_mezi:0:shuff:4148,cs:Fischerova-Hodina_mezi:0:shuff:4015,goes,go,jede,jet,impf
en:Fischerova-Hodina_mezi:0:shuff:4160,cs:Fischerova-Hodina_mezi:0:shuff:4026,bows,bow,skloní,sklonit,pf
en:Fischerova-Hodina_mezi:0:shuff:4160,cs:Fischerova-Hodina_mezi:0:shuff:4026,kisses,kiss,políbí,políbit,pf
en:Fischerova-Hodina_mezi:0:shuff:4161,cs:Fischerova-Hodina_mezi:0:shuff:4027,turns,turn,otočí,otočit,pf
en:Fischerova-Hodina_mezi:0:shuff:4162,cs:Fischerova-Hodina_mezi:0:shuff:4028,takes,take,vezme,vzít,pf
en:Fischerova-Hodina_mezi:0:shuff:4183,cs:Fischerova-Hodina_mezi:0:shuff:4049,leans,lean,nakloní,naklonit,pf
en:Fischerova-Hodina_mezi:0:shuff:4185,cs:Fischerova-Hodina_mezi:0:shuff:4051,replies,reply,odpoví,odpovědět,pf
en:Fischerova-Hodina_mezi:0:shuff:4187,cs:Fischerova-Hodina_mezi:0:shuff:4054,goes,go,odejde,odejít,pf
en:Fischerova-Hodina_mezi:0:shuff:4188,cs:Fischerova-Hodina_mezi:0:shuff:4055,turns,turn,obrátí,obrátit,pf
en:Fischerova-Hodina_mezi:0:shuff:4203,cs:Fischerova-Hodina_mezi:0:shuff:4070,stand,stand,Trváte,trvat,impf
en:Fischerova-Hodina_mezi:0:shuff:4208,cs:Fischerova-Hodina_mezi:0:shuff:4075,expressing,express,Vyjadřoval,vyjadřovat,impf
en:Fischerova-Hodina_mezi:0:shuff:4220,cs:Fischerova-Hodina_mezi:0:shuff:4086,stabbed,stab,bodl,bodnout,pf
en:Fischerova-Hodina_mezi:0:shuff:4222,cs:Fischerova-Hodina_mezi:0:shuff:4088,saw,see,neviděl,vidět,impf
en:Fischerova-Hodina_mezi:0:shuff:4224,cs:Fischerova-Hodina_mezi:0:shuff:4090,saw,see,Neviděl,vidět,impf
en:Fischerova-Hodina_mezi:0:shuff:4226,cs:Fischerova-Hodina_mezi:0:shuff:4092,saw,see,neviděl,vidět,impf
en:Fischerova-Hodina_mezi:0:shuff:4228,cs:Fischerova-Hodina_mezi:0:shuff:4094,attack,attack,napadl,napadnout,pf
en:Fischerova-Hodina_mezi:0:shuff:4230,cs:Fischerova-Hodina_mezi:0:shuff:4096,dressed,dress,oblečeny,obléci,pf
en:Fischerova-Hodina_mezi:0:shuff:4230,cs:Fischerova-Hodina_mezi:0:shuff:4096,dressed,dress,oblečeny,obléci,pf
en:Fischerova-Hodina_mezi:0:shuff:4233,cs:Fischerova-Hodina_mezi:0:shuff:4099,looks,look,pohlédne,pohlédnout,pf
en:Fischerova-Hodina_mezi:0:shuff:4254,cs:Fischerova-Hodina_mezi:0:shuff:4119,spread,spread,rozšířit,rozšířit,pf
en:Fischerova-Hodina_mezi:0:shuff:4257,cs:Fischerova-Hodina_mezi:0:shuff:4122,exposed,expose,vystavil,vystavit,pf
en:Fischerova-Hodina_mezi:0:shuff:4258,cs:Fischerova-Hodina_mezi:0:shuff:4123,wish,wish,žádám,žádat,impf
en:Fischerova-Hodina_mezi:0:shuff:4261,cs:Fischerova-Hodina_mezi:0:shuff:4126,tell,tell,říci,říci,pf
en:Fischerova-Hodina_mezi:0:shuff:4265,cs:Fischerova-Hodina_mezi:0:shuff:4131,do,do,dělat,dělat,impf
en:Fischerova-Hodina_mezi:0:shuff:4269,cs:Fischerova-Hodina_mezi:0:shuff:4135,run,run,utečem,utéci,pf
en:Fischerova-Hodina_mezi:0:shuff:4272,cs:Fischerova-Hodina_mezi:0:shuff:4138,releases,release,pustí,pustit,pf
en:Fischerova-Hodina_mezi:0:shuff:4275,cs:Fischerova-Hodina_mezi:0:shuff:4142,preach,preach,kázat,kázat,impf
en:Fischerova-Hodina_mezi:0:shuff:4277,cs:Fischerova-Hodina_mezi:0:shuff:4144,Say,say,Řekni,říci,pf
en:Fischerova-Hodina_mezi:0:shuff:4283,cs:Fischerova-Hodina_mezi:0:shuff:4150,lend,lend,půjčí,půjčit,pf
en:Fischerova-Hodina_mezi:0:shuff:4286,cs:Fischerova-Hodina_mezi:0:shuff:4153,appears,appear,objeví,objevit,pf
en:Fischerova-Hodina_mezi:0:shuff:4287,cs:Fischerova-Hodina_mezi:0:shuff:4154,dressed,dress,oblečen,obléci,pf
en:Fischerova-Hodina_mezi:0:shuff:4288,cs:Fischerova-Hodina_mezi:0:shuff:4155,tries,try,Snaží,snažit,impf
en:Fischerova-Hodina_mezi:0:shuff:4288,cs:Fischerova-Hodina_mezi:0:shuff:4155,pass,pass,projít,projít,pf
en:Fischerova-Hodina_mezi:0:shuff:4289,cs:Fischerova-Hodina_mezi:0:shuff:4156,sits,sit,posadí,posadit,pf
