en:Fitzgerald-Diamant:0:shuff:2,cs:Fitzgerald-Diamant:0:shuff:2,watched,watch,díval,dívat,impf
en:Fitzgerald-Diamant:0:shuff:2,cs:Fitzgerald-Diamant:0:shuff:2,remained,remain,zůstal,zůstat,pf
en:Fitzgerald-Diamant:0:shuff:3,cs:Fitzgerald-Diamant:0:shuff:3,lift,lift,pozvedli,pozvednout,pf
en:Fitzgerald-Diamant:0:shuff:6,cs:Fitzgerald-Diamant:0:shuff:6,allowed,allow,nesměla,smět,impf
en:Fitzgerald-Diamant:0:shuff:7,cs:Fitzgerald-Diamant:0:shuff:7,came,come,Přišla,přijít,pf
en:Fitzgerald-Diamant:0:shuff:7,cs:Fitzgerald-Diamant:0:shuff:7,hoping,hope,doufala,doufat,impf
en:Fitzgerald-Diamant:0:shuff:8,cs:Fitzgerald-Diamant:0:shuff:8,taught,teach,naučili,naučit,pf
en:Fitzgerald-Diamant:0:shuff:9,cs:Fitzgerald-Diamant:0:shuff:9,go,go,jít,jít,impf
en:Fitzgerald-Diamant:0:shuff:9,cs:Fitzgerald-Diamant:0:shuff:9,said,say,řekla,říci,pf
en:Fitzgerald-Diamant:0:shuff:10,cs:Fitzgerald-Diamant:0:shuff:10,set,set,umístí,umístit,pf
en:Fitzgerald-Diamant:0:shuff:11,cs:Fitzgerald-Diamant:0:shuff:11,lifted,lift,pozvedne,pozvednout,pf
en:Fitzgerald-Diamant:0:shuff:11,cs:Fitzgerald-Diamant:0:shuff:11,choose,choose,zvolí,zvolit,pf
en:Fitzgerald-Diamant:0:shuff:12,cs:Fitzgerald-Diamant:0:shuff:12,compel,compel,přimět,přimět,pf
en:Fitzgerald-Diamant:0:shuff:14,cs:Fitzgerald-Diamant:0:shuff:14,hold,hold,vydržet,vydržet,pf
en:Fitzgerald-Diamant:0:shuff:15,cs:Fitzgerald-Diamant:0:shuff:15,cried,cry,křikl,křiknout,pf
en:Fitzgerald-Diamant:0:shuff:15,cs:Fitzgerald-Diamant:0:shuff:15,pulling,pull,táhl,táhnout,impf
en:Fitzgerald-Diamant:0:shuff:15,cs:Fitzgerald-Diamant:0:shuff:15,Come,come,jít,jít,impf
en:Fitzgerald-Diamant:0:shuff:15,cs:Fitzgerald-Diamant:0:shuff:15,go,go,jít,jít,impf
en:Fitzgerald-Diamant:0:shuff:16,cs:Fitzgerald-Diamant:0:shuff:16,kill,kill,zabijí,zabít,pf
en:Fitzgerald-Diamant:0:shuff:16,cs:Fitzgerald-Diamant:0:shuff:16,find,find,najdou,najít,pf
en:Fitzgerald-Diamant:0:shuff:17,cs:Fitzgerald-Diamant:0:shuff:17,consented,consent,Souhlasila,souhlasit,impf
en:Fitzgerald-Diamant:0:shuff:18,cs:Fitzgerald-Diamant:0:shuff:18,gathered,gather,shromáždilo,shromáždit,pf
en:Fitzgerald-Diamant:0:shuff:25,cs:Fitzgerald-Diamant:0:shuff:25,think,think,Myslím,myslet,impf
en:Fitzgerald-Diamant:0:shuff:27,cs:Fitzgerald-Diamant:0:shuff:27,said,say,řekl,říci,pf
en:Fitzgerald-Diamant:0:shuff:29,cs:Fitzgerald-Diamant:0:shuff:29,slid,slide,klouzali,klouzat,impf
en:Fitzgerald-Diamant:0:shuff:30,cs:Fitzgerald-Diamant:0:shuff:30,joined,join,přidali,přidat,pf
en:Fitzgerald-Diamant:0:shuff:31,cs:Fitzgerald-Diamant:0:shuff:31,hang,hang,Pověsíme,pověsit,pf
en:Fitzgerald-Diamant:0:shuff:33,cs:Fitzgerald-Diamant:0:shuff:33,sat,sit,seděl,sedět,impf
en:Fitzgerald-Diamant:0:shuff:34,cs:Fitzgerald-Diamant:0:shuff:34,see,see,Vidíte,vidět,impf
en:Fitzgerald-Diamant:0:shuff:34,cs:Fitzgerald-Diamant:0:shuff:34,remarked,remark,poznamenal,poznamenat,pf
en:Fitzgerald-Diamant:0:shuff:35,cs:Fitzgerald-Diamant:0:shuff:35,bear,bear,nemám,mít,impf
en:Fitzgerald-Diamant:0:shuff:36,cs:Fitzgerald-Diamant:0:shuff:36,spent,spend,strávil,strávit,pf
en:Fitzgerald-Diamant:0:shuff:42,cs:Fitzgerald-Diamant:0:shuff:46,Think,think,pomysli,pomyslet,pf
en:Fitzgerald-Diamant:0:shuff:43,cs:Fitzgerald-Diamant:0:shuff:47,muttered,mutter,zamumlal,zamumlat,pf
en:Fitzgerald-Diamant:0:shuff:43,cs:Fitzgerald-Diamant:0:shuff:47,summoning,summon,přivolával,přivolávat,impf
en:Fitzgerald-Diamant:0:shuff:47,cs:Fitzgerald-Diamant:0:shuff:51,Thank,thank,Děkuji,děkovat,impf
en:Fitzgerald-Diamant:0:shuff:48,cs:Fitzgerald-Diamant:0:shuff:52,lay,lie,ležel,ležet,impf
en:Fitzgerald-Diamant:0:shuff:48,cs:Fitzgerald-Diamant:0:shuff:52,amused,amuse,pobavilo,pobavit,pf
en:Fitzgerald-Diamant:0:shuff:49,cs:Fitzgerald-Diamant:0:shuff:53,arrived,arrive,přijel,přijet,pf
en:Fitzgerald-Diamant:0:shuff:49,cs:Fitzgerald-Diamant:0:shuff:53,folded,fold,složila,složit,pf
en:Fitzgerald-Diamant:0:shuff:50,cs:Fitzgerald-Diamant:0:shuff:54,sitting,sit,seděl,sedět,impf
en:Fitzgerald-Diamant:0:shuff:51,cs:Fitzgerald-Diamant:0:shuff:55,lifted,lift,pozvedl,pozvednout,pf
en:Fitzgerald-Diamant:0:shuff:51,cs:Fitzgerald-Diamant:0:shuff:55,raised,raise,pozvedl,pozvednout,pf
en:Fitzgerald-Diamant:0:shuff:51,cs:Fitzgerald-Diamant:0:shuff:55,lifted,lift,zvedl,zvednout,pf
en:Fitzgerald-Diamant:0:shuff:51,cs:Fitzgerald-Diamant:0:shuff:55,raised,raise,zvedl,zvednout,pf
en:Fitzgerald-Diamant:0:shuff:52,cs:Fitzgerald-Diamant:0:shuff:56,began,begin,začala,začít,pf
en:Fitzgerald-Diamant:0:shuff:52,cs:Fitzgerald-Diamant:0:shuff:56,speak,speak,hovořit,hovořit,impf
en:Fitzgerald-Diamant:0:shuff:53,cs:Fitzgerald-Diamant:0:shuff:57,cried,cry,zvolal,zvolat,pf
en:Fitzgerald-Diamant:0:shuff:55,cs:Fitzgerald-Diamant:0:shuff:59,began,begin,začala,začít,pf
en:Fitzgerald-Diamant:0:shuff:55,cs:Fitzgerald-Diamant:0:shuff:59,weep,weep,plakat,plakat,impf
en:Fitzgerald-Diamant:0:shuff:58,cs:Fitzgerald-Diamant:0:shuff:62,understand,understand,pochopit,pochopit,pf
en:Fitzgerald-Diamant:0:shuff:60,cs:Fitzgerald-Diamant:0:shuff:64,mean,mean,Znamená,znamenat,impf
en:Fitzgerald-Diamant:0:shuff:60,cs:Fitzgerald-Diamant:0:shuff:64,told,tell,řekly,říci,pf
en:Fitzgerald-Diamant:0:shuff:62,cs:Fitzgerald-Diamant:0:shuff:66,continued,continue,pokračoval,pokračovat,impf
en:Fitzgerald-Diamant:0:shuff:63,cs:Fitzgerald-Diamant:0:shuff:67,cried,cry,křičel,křičet,impf
en:Fitzgerald-Diamant:0:shuff:65,cs:Fitzgerald-Diamant:0:shuff:69,think,think,nemáte,mít,impf
en:Fitzgerald-Diamant:0:shuff:65,cs:Fitzgerald-Diamant:0:shuff:69,say,say,říkáte,říkat,impf
en:Fitzgerald-Diamant:0:shuff:65,cs:Fitzgerald-Diamant:0:shuff:69,think,think,měl,mít,impf
en:Fitzgerald-Diamant:0:shuff:70,cs:Fitzgerald-Diamant:0:shuff:75,clutched,clutch,sevřela,sevřít,pf
en:Fitzgerald-Diamant:0:shuff:71,cs:Fitzgerald-Diamant:0:shuff:76,cried,cry,vykřikla,vykřiknout,pf
en:Fitzgerald-Diamant:0:shuff:71,cs:Fitzgerald-Diamant:0:shuff:76,going,go,jdou,jít,impf
en:Fitzgerald-Diamant:0:shuff:72,cs:Fitzgerald-Diamant:0:shuff:77,do,do,udělat,udělat,pf
en:Fitzgerald-Diamant:0:shuff:73,cs:Fitzgerald-Diamant:0:shuff:78,continued,continue,pokračoval,pokračovat,impf
en:Fitzgerald-Diamant:0:shuff:73,cs:Fitzgerald-Diamant:0:shuff:78,revealing,reveal,odhalil,odhalit,pf
en:Fitzgerald-Diamant:0:shuff:73,cs:Fitzgerald-Diamant:0:shuff:78,continued,continue,zůstalo,zůstat,pf
en:Fitzgerald-Diamant:0:shuff:73,cs:Fitzgerald-Diamant:0:shuff:78,remained,remain,zůstalo,zůstat,pf
en:Fitzgerald-Diamant:0:shuff:74,cs:Fitzgerald-Diamant:0:shuff:79,consumed,consume,strávilo,strávit,pf
en:Fitzgerald-Diamant:0:shuff:75,cs:Fitzgerald-Diamant:0:shuff:80,avoided,avoid,vyhnuli,vyhnout,pf
en:Fitzgerald-Diamant:0:shuff:75,cs:Fitzgerald-Diamant:0:shuff:80,entered,enter,vstoupili,vstoupit,pf
en:Fitzgerald-Diamant:0:shuff:75,cs:Fitzgerald-Diamant:0:shuff:80,gone,go,vedla,vést,impf
en:Fitzgerald-Diamant:0:shuff:75,cs:Fitzgerald-Diamant:0:shuff:80,led,lead,vedla,vést,impf
en:Fitzgerald-Diamant:0:shuff:77,cs:Fitzgerald-Diamant:0:shuff:82,left,leave,opustili,opustit,pf
en:Fitzgerald-Diamant:0:shuff:78,cs:Fitzgerald-Diamant:0:shuff:83,descending,descend,sestupoval,sestupovat,impf
en:Fitzgerald-Diamant:0:shuff:78,cs:Fitzgerald-Diamant:0:shuff:83,followed,follow,následován,následovat,impf
en:Fitzgerald-Diamant:0:shuff:78,cs:Fitzgerald-Diamant:0:shuff:83,flashed,flash,zářilo,zářit,impf
en:Fitzgerald-Diamant:0:shuff:79,cs:Fitzgerald-Diamant:0:shuff:84,coagulated,coagulate,srazil,srazit,pf
en:Fitzgerald-Diamant:0:shuff:79,cs:Fitzgerald-Diamant:0:shuff:84,driving,drive,řídil,řídit,impf
en:Fitzgerald-Diamant:0:shuff:80,cs:Fitzgerald-Diamant:0:shuff:85,turned,turn,otočilo,otočit,pf
en:Fitzgerald-Diamant:0:shuff:81,cs:Fitzgerald-Diamant:0:shuff:86,saw,see,uviděl,uvidět,pf
en:Fitzgerald-Diamant:0:shuff:81,cs:Fitzgerald-Diamant:0:shuff:86,seen,see,uviděl,uvidět,pf
en:Fitzgerald-Diamant:0:shuff:81,cs:Fitzgerald-Diamant:0:shuff:86,saw,see,viděl,vidět,impf
en:Fitzgerald-Diamant:0:shuff:81,cs:Fitzgerald-Diamant:0:shuff:86,seen,see,viděl,vidět,impf
en:Fitzgerald-Diamant:0:shuff:83,cs:Fitzgerald-Diamant:0:shuff:88,listening,listen,neposloucháš,poslouchat,impf
en:Fitzgerald-Diamant:0:shuff:85,cs:Fitzgerald-Diamant:0:shuff:90,fallen,fall,usnul,usnout,pf
en:Fitzgerald-Diamant:0:shuff:88,cs:Fitzgerald-Diamant:0:shuff:93,awoke,awake,probudil,probudit,pf
en:Fitzgerald-Diamant:0:shuff:89,cs:Fitzgerald-Diamant:0:shuff:94,slid,slide,posunuly,posunout,pf
en:Fitzgerald-Diamant:0:shuff:91,cs:Fitzgerald-Diamant:0:shuff:96,sent,send,Poslal,poslat,pf
en:Fitzgerald-Diamant:0:shuff:91,cs:Fitzgerald-Diamant:0:shuff:96,realized,realize,neuvědomili,uvědomit,pf
en:Fitzgerald-Diamant:0:shuff:91,cs:Fitzgerald-Diamant:0:shuff:96,abolished,abolish,zrušeno,zrušit,pf
en:Fitzgerald-Diamant:0:shuff:92,cs:Fitzgerald-Diamant:0:shuff:97,read,read,přečetl,přečíst,pf
en:Fitzgerald-Diamant:0:shuff:92,cs:Fitzgerald-Diamant:0:shuff:97,composed,compose,složil,složit,pf
en:Fitzgerald-Diamant:0:shuff:92,cs:Fitzgerald-Diamant:0:shuff:97,announced,announce,oznamovalo,oznamovat,impf
en:Fitzgerald-Diamant:0:shuff:92,cs:Fitzgerald-Diamant:0:shuff:97,defeated,defeat,porazil,porazit,pf
en:Fitzgerald-Diamant:0:shuff:93,cs:Fitzgerald-Diamant:0:shuff:98,believed,believe,věřili,věřit,impf
en:Fitzgerald-Diamant:0:shuff:94,cs:Fitzgerald-Diamant:0:shuff:99,passed,pass,Odhlasovali,odhlasovat,pf
en:Fitzgerald-Diamant:0:shuff:95,cs:Fitzgerald-Diamant:0:shuff:100,see,see,viděli,vidět,impf
en:Fitzgerald-Diamant:0:shuff:98,cs:Fitzgerald-Diamant:0:shuff:103,saw,see,uviděl,uvidět,pf
en:Fitzgerald-Diamant:0:shuff:98,cs:Fitzgerald-Diamant:0:shuff:103,consisted,consist,sestává,sestávat,impf
en:Fitzgerald-Diamant:0:shuff:99,cs:Fitzgerald-Diamant:0:shuff:104,want,want,nechci,chtít,impf
en:Fitzgerald-Diamant:0:shuff:100,cs:Fitzgerald-Diamant:0:shuff:105,protested,protest,protestovala,protestovat,impf
en:Fitzgerald-Diamant:0:shuff:102,cs:Fitzgerald-Diamant:0:shuff:107,saying,say,říkat,říkat,impf
en:Fitzgerald-Diamant:0:shuff:102,cs:Fitzgerald-Diamant:0:shuff:107,kissed,kiss,líbala,líbat,impf
en:Fitzgerald-Diamant:0:shuff:103,cs:Fitzgerald-Diamant:0:shuff:108,said,say,neřekl,říci,pf
en:Fitzgerald-Diamant:0:shuff:106,cs:Fitzgerald-Diamant:0:shuff:111,lie,lie,ležet,ležet,impf
en:Fitzgerald-Diamant:0:shuff:106,cs:Fitzgerald-Diamant:0:shuff:111,laid,lay,ležet,ležet,impf
en:Fitzgerald-Diamant:0:shuff:106,cs:Fitzgerald-Diamant:0:shuff:111,observe,observe,pozorovat,pozorovat,impf
en:Fitzgerald-Diamant:0:shuff:106,cs:Fitzgerald-Diamant:0:shuff:111,laid,lay,dát,dát,pf
en:Fitzgerald-Diamant:0:shuff:108,cs:Fitzgerald-Diamant:0:shuff:113,attained,attain,dosáhli,dosáhnout,pf
en:Fitzgerald-Diamant:0:shuff:109,cs:Fitzgerald-Diamant:0:shuff:114,decided,decide,Rozhodli,rozhodnout,pf
en:Fitzgerald-Diamant:0:shuff:109,cs:Fitzgerald-Diamant:0:shuff:114,seen,see,viděl,vidět,impf
en:Fitzgerald-Diamant:0:shuff:109,cs:Fitzgerald-Diamant:0:shuff:114,depart,depart,odejdou,odejít,pf
en:Fitzgerald-Diamant:0:shuff:111,cs:Fitzgerald-Diamant:0:shuff:116,pounded,pound,tloukl,tlouci,impf
en:Fitzgerald-Diamant:0:shuff:111,cs:Fitzgerald-Diamant:0:shuff:116,considered,consider,považoval,považovat,impf
en:Fitzgerald-Diamant:0:shuff:113,cs:Fitzgerald-Diamant:0:shuff:118,sees,see,uvidět,uvidět,pf
en:Fitzgerald-Diamant:0:shuff:113,cs:Fitzgerald-Diamant:0:shuff:118,dismounted,dismount,vystoupili,vystoupit,pf
en:Fitzgerald-Diamant:0:shuff:113,cs:Fitzgerald-Diamant:0:shuff:118,sees,see,nerozuměl,rozumět,impf
en:Fitzgerald-Diamant:0:shuff:113,cs:Fitzgerald-Diamant:0:shuff:118,understand,understand,nerozuměl,rozumět,impf
en:Fitzgerald-Diamant:0:shuff:113,cs:Fitzgerald-Diamant:0:shuff:118,seemed,seem,zdál,zdát,impf
en:Fitzgerald-Diamant:0:shuff:114,cs:Fitzgerald-Diamant:0:shuff:119,said,say,řekl,říci,pf
en:Fitzgerald-Diamant:0:shuff:119,cs:Fitzgerald-Diamant:0:shuff:124,understood,understand,rozumět,rozumět,impf
en:Fitzgerald-Diamant:0:shuff:120,cs:Fitzgerald-Diamant:0:shuff:125,listened,listen,poslouchal,poslouchat,impf
en:Fitzgerald-Diamant:0:shuff:124,cs:Fitzgerald-Diamant:0:shuff:129,called,call,navštívil,navštívit,pf
en:Fitzgerald-Diamant:0:shuff:124,cs:Fitzgerald-Diamant:0:shuff:129,announcing,announce,oznámil,oznámit,pf
en:Fitzgerald-Diamant:0:shuff:126,cs:Fitzgerald-Diamant:0:shuff:131,changed,change,změnila,změnit,pf
en:Fitzgerald-Diamant:0:shuff:128,cs:Fitzgerald-Diamant:0:shuff:133,think,think,myslím,myslet,impf
en:Fitzgerald-Diamant:0:shuff:128,cs:Fitzgerald-Diamant:0:shuff:133,said,say,řekl,říci,pf
en:Fitzgerald-Diamant:0:shuff:131,cs:Fitzgerald-Diamant:0:shuff:136,felt,feel,cítil,cítit,impf
en:Fitzgerald-Diamant:0:shuff:131,cs:Fitzgerald-Diamant:0:shuff:136,lifted,lift,zvedá,zvedat,impf
en:Fitzgerald-Diamant:0:shuff:131,cs:Fitzgerald-Diamant:0:shuff:136,see,see,vidět,vidět,impf
en:Fitzgerald-Diamant:0:shuff:131,cs:Fitzgerald-Diamant:0:shuff:136,left,leave,opustili,opustit,pf
en:Fitzgerald-Diamant:0:shuff:133,cs:Fitzgerald-Diamant:0:shuff:138,begged,beg,žádal,žádat,impf
en:Fitzgerald-Diamant:0:shuff:133,cs:Fitzgerald-Diamant:0:shuff:138,tell,tell,řeknu,říci,pf
en:Fitzgerald-Diamant:0:shuff:133,cs:Fitzgerald-Diamant:0:shuff:138,came,come,přišel,přijít,pf
en:Fitzgerald-Diamant:0:shuff:134,cs:Fitzgerald-Diamant:0:shuff:139,heard,hear,slyšel,slyšet,impf
en:Fitzgerald-Diamant:0:shuff:134,cs:Fitzgerald-Diamant:0:shuff:139,shoot,shoot,vypálila,vypálit,pf
en:Fitzgerald-Diamant:0:shuff:135,cs:Fitzgerald-Diamant:0:shuff:140,hear,hear,Neslyším,slyšet,impf
en:Fitzgerald-Diamant:0:shuff:135,cs:Fitzgerald-Diamant:0:shuff:140,cried,cry,volala,volat,impf
en:Fitzgerald-Diamant:0:shuff:136,cs:Fitzgerald-Diamant:0:shuff:141,talk,talk,mluvit,mluvit,impf
en:Fitzgerald-Diamant:0:shuff:137,cs:Fitzgerald-Diamant:0:shuff:142,whispered,whisper,zašeptala,zašeptat,pf
en:Fitzgerald-Diamant:0:shuff:138,cs:Fitzgerald-Diamant:0:shuff:143,hear,hear,Slyšel,slyšet,impf
en:Fitzgerald-Diamant:0:shuff:139,cs:Fitzgerald-Diamant:0:shuff:144,heard,hear,Slyšel,slyšet,impf
en:Fitzgerald-Diamant:0:shuff:140,cs:Fitzgerald-Diamant:0:shuff:145,interrupted,interrupt,přerušila,přerušit,pf
en:Fitzgerald-Diamant:0:shuff:143,cs:Fitzgerald-Diamant:0:shuff:148,woke,wake,vzbudilo,vzbudit,pf
en:Fitzgerald-Diamant:0:shuff:145,cs:Fitzgerald-Diamant:0:shuff:150,saw,see,zahlédla,zahlédnout,pf
en:Fitzgerald-Diamant:0:shuff:146,cs:Fitzgerald-Diamant:0:shuff:151,fired,fire,vystřelila,vystřelit,pf
en:Fitzgerald-Diamant:0:shuff:146,cs:Fitzgerald-Diamant:0:shuff:151,roused,rouse,vzbudilo,vzbudit,pf
en:Fitzgerald-Diamant:0:shuff:147,cs:Fitzgerald-Diamant:0:shuff:152,blush,blush,stydím,stydět,impf
en:Fitzgerald-Diamant:0:shuff:147,cs:Fitzgerald-Diamant:0:shuff:152,tell,tell,povědět,povědět,pf
en:Fitzgerald-Diamant:0:shuff:147,cs:Fitzgerald-Diamant:0:shuff:152,answered,answer,odpověděl,odpovědět,pf
en:Fitzgerald-Diamant:0:shuff:148,cs:Fitzgerald-Diamant:0:shuff:153,found,find,Zjistili,zjistit,pf
en:Fitzgerald-Diamant:0:shuff:148,cs:Fitzgerald-Diamant:0:shuff:153,playing,play,hrát,hrát,impf
en:Fitzgerald-Diamant:0:shuff:148,cs:Fitzgerald-Diamant:0:shuff:153,playing,play,číst,číst,impf
en:Fitzgerald-Diamant:0:shuff:148,cs:Fitzgerald-Diamant:0:shuff:153,read,read,číst,číst,impf
en:Fitzgerald-Diamant:0:shuff:148,cs:Fitzgerald-Diamant:0:shuff:153,write,write,psát,psát,impf
en:Fitzgerald-Diamant:0:shuff:149,cs:Fitzgerald-Diamant:0:shuff:154,began,begin,začínal,začínat,impf
en:Fitzgerald-Diamant:0:shuff:149,cs:Fitzgerald-Diamant:0:shuff:154,regret,regret,litovat,litovat,impf
en:Fitzgerald-Diamant:0:shuff:150,cs:Fitzgerald-Diamant:0:shuff:155,decided,decide,Rozhodli,rozhodnout,pf
en:Fitzgerald-Diamant:0:shuff:150,cs:Fitzgerald-Diamant:0:shuff:155,elope,elope,utečou,utéci,pf
en:Fitzgerald-Diamant:0:shuff:151,cs:Fitzgerald-Diamant:0:shuff:156,pressed,press,stiskl,stisknout,pf
en:Fitzgerald-Diamant:0:shuff:151,cs:Fitzgerald-Diamant:0:shuff:156,sitting,sit,seděl,sedět,impf
en:Fitzgerald-Diamant:0:shuff:151,cs:Fitzgerald-Diamant:0:shuff:156,filled,fill,naplňovala,naplňovat,impf
en:Fitzgerald-Diamant:0:shuff:153,cs:Fitzgerald-Diamant:0:shuff:159,opened,open,otevřely,otevřít,pf
en:Fitzgerald-Diamant:0:shuff:154,cs:Fitzgerald-Diamant:0:shuff:160,got,get,dopadlo,dopadnout,pf
en:Fitzgerald-Diamant:0:shuff:154,cs:Fitzgerald-Diamant:0:shuff:160,got,get,přišel,přijít,pf
en:Fitzgerald-Diamant:0:shuff:156,cs:Fitzgerald-Diamant:0:shuff:162,sat,sit,posadil,posadit,pf
en:Fitzgerald-Diamant:0:shuff:157,cs:Fitzgerald-Diamant:0:shuff:163,heard,hear,zaslechl,zaslechnout,pf
en:Fitzgerald-Diamant:0:shuff:157,cs:Fitzgerald-Diamant:0:shuff:163,died,die,zemřel,zemřít,pf
en:Fitzgerald-Diamant:0:shuff:158,cs:Fitzgerald-Diamant:0:shuff:164,told,tell,oznámilo,oznámit,pf
en:Fitzgerald-Diamant:0:shuff:158,cs:Fitzgerald-Diamant:0:shuff:164,died,die,zemřely,zemřít,pf
en:Fitzgerald-Diamant:0:shuff:159,cs:Fitzgerald-Diamant:0:shuff:165,understand,understand,pochopit,pochopit,pf
en:Fitzgerald-Diamant:0:shuff:159,cs:Fitzgerald-Diamant:0:shuff:165,inviting,invite,zvali,zvát,impf
en:Fitzgerald-Diamant:0:shuff:161,cs:Fitzgerald-Diamant:0:shuff:167,invited,invite,nepozvala,pozvat,pf
en:Fitzgerald-Diamant:0:shuff:164,cs:Fitzgerald-Diamant:0:shuff:170,give,give,dávala,dávat,impf
en:Fitzgerald-Diamant:0:shuff:167,cs:Fitzgerald-Diamant:0:shuff:173,circling,circle,kroužilo,kroužit,impf
en:Fitzgerald-Diamant:0:shuff:169,cs:Fitzgerald-Diamant:0:shuff:175,talked,talk,mluvil,mluvit,impf
en:Fitzgerald-Diamant:0:shuff:169,cs:Fitzgerald-Diamant:0:shuff:175,lifted,lift,pozvedl,pozvednout,pf
en:Fitzgerald-Diamant:0:shuff:170,cs:Fitzgerald-Diamant:0:shuff:176,stared,stare,zíral,zírat,impf
en:Fitzgerald-Diamant:0:shuff:170,cs:Fitzgerald-Diamant:0:shuff:176,seemed,seem,zdálo,zdát,impf
en:Fitzgerald-Diamant:0:shuff:171,cs:Fitzgerald-Diamant:0:shuff:177,decided,decide,rozhodl,rozhodnout,pf
en:Fitzgerald-Diamant:0:shuff:171,cs:Fitzgerald-Diamant:0:shuff:177,present,present,věnuje,věnovat,impf
en:Fitzgerald-Diamant:0:shuff:171,cs:Fitzgerald-Diamant:0:shuff:177,go,go,odejde,odejít,pf
en:Fitzgerald-Diamant:0:shuff:172,cs:Fitzgerald-Diamant:0:shuff:178,selected,select,Vybral,vybrat,pf
en:Fitzgerald-Diamant:0:shuff:172,cs:Fitzgerald-Diamant:0:shuff:178,worshipped,worship,zbožňovali,zbožňovat,impf
en:Fitzgerald-Diamant:0:shuff:172,cs:Fitzgerald-Diamant:0:shuff:178,bought,buy,koupil,koupit,pf
en:Fitzgerald-Diamant:0:shuff:172,cs:Fitzgerald-Diamant:0:shuff:178,intended,intend,hodlal,hodlat,impf
en:Fitzgerald-Diamant:0:shuff:172,cs:Fitzgerald-Diamant:0:shuff:178,take,take,zabrat,zabrat,pf
en:Fitzgerald-Diamant:0:shuff:172,cs:Fitzgerald-Diamant:0:shuff:178,start,start,začít,začít,pf
en:Fitzgerald-Diamant:0:shuff:174,cs:Fitzgerald-Diamant:0:shuff:180,said,say,Řekl,říci,pf
en:Fitzgerald-Diamant:0:shuff:174,cs:Fitzgerald-Diamant:0:shuff:180,kissed,kiss,líbala,líbat,impf
en:Fitzgerald-Diamant:0:shuff:176,cs:Fitzgerald-Diamant:0:shuff:182,subsided,subside,přestali,přestat,pf
en:Fitzgerald-Diamant:0:shuff:177,cs:Fitzgerald-Diamant:0:shuff:183,displaying,display,ukázal,ukázat,pf
en:Fitzgerald-Diamant:0:shuff:177,cs:Fitzgerald-Diamant:0:shuff:183,peering,peer,zíraly,zírat,impf
en:Fitzgerald-Diamant:0:shuff:178,cs:Fitzgerald-Diamant:0:shuff:184,kissed,kiss,líbal,líbat,impf
en:Fitzgerald-Diamant:0:shuff:179,cs:Fitzgerald-Diamant:0:shuff:185,answered,answer,odpověděla,odpovědět,pf
en:Fitzgerald-Diamant:0:shuff:182,cs:Fitzgerald-Diamant:0:shuff:189,questioned,question,pochybovat,pochybovat,impf
en:Fitzgerald-Diamant:0:shuff:183,cs:Fitzgerald-Diamant:0:shuff:190,repeated,repeat,opakoval,opakovat,impf
en:Fitzgerald-Diamant:0:shuff:184,cs:Fitzgerald-Diamant:0:shuff:191,covered,cover,pokryta,pokrýt,pf
en:Fitzgerald-Diamant:0:shuff:184,cs:Fitzgerald-Diamant:0:shuff:191,resembled,resemble,připomínala,připomínat,impf
en:Fitzgerald-Diamant:0:shuff:184,cs:Fitzgerald-Diamant:0:shuff:191,seemed,seem,zdálo,zdát,impf
en:Fitzgerald-Diamant:0:shuff:185,cs:Fitzgerald-Diamant:0:shuff:192,cried,cry,vykřikl,vykřiknout,pf
en:Fitzgerald-Diamant:0:shuff:186,cs:Fitzgerald-Diamant:0:shuff:193,laughed,laugh,zasmál,zasmát,pf
en:Fitzgerald-Diamant:0:shuff:187,cs:Fitzgerald-Diamant:0:shuff:194,use,use,používáme,používat,impf
en:Fitzgerald-Diamant:0:shuff:188,cs:Fitzgerald-Diamant:0:shuff:195,gliding,glide,klouzali,klouzat,impf
en:Fitzgerald-Diamant:0:shuff:191,cs:Fitzgerald-Diamant:0:shuff:198,agreed,agree,souhlasil,souhlasit,impf
en:Fitzgerald-Diamant:0:shuff:191,cs:Fitzgerald-Diamant:0:shuff:198,please,please,chcete,chtít,impf
en:Fitzgerald-Diamant:0:shuff:192,cs:Fitzgerald-Diamant:0:shuff:199,ordering,order,objednávat,objednávat,impf
en:Fitzgerald-Diamant:0:shuff:193,cs:Fitzgerald-Diamant:0:shuff:200,call,call,upozornil,upozornit,pf
en:Fitzgerald-Diamant:0:shuff:193,cs:Fitzgerald-Diamant:0:shuff:200,say,say,říct,říci,pf
en:Fitzgerald-Diamant:0:shuff:194,cs:Fitzgerald-Diamant:0:shuff:201,Let,let,Dovolte,dovolit,pf
en:Fitzgerald-Diamant:0:shuff:194,cs:Fitzgerald-Diamant:0:shuff:201,cried,cry,zvolal,zvolat,pf
en:Fitzgerald-Diamant:0:shuff:198,cs:Fitzgerald-Diamant:0:shuff:205,speak,speak,říct,říci,pf
en:Fitzgerald-Diamant:0:shuff:199,cs:Fitzgerald-Diamant:0:shuff:206,remembered,remember,pamatoval,pamatovat,impf
en:Fitzgerald-Diamant:0:shuff:200,cs:Fitzgerald-Diamant:0:shuff:207,drinking,drink,pil,pít,impf
en:Fitzgerald-Diamant:0:shuff:208,cs:Fitzgerald-Diamant:0:shuff:215,said,say,řekl,říci,pf
en:Fitzgerald-Diamant:0:shuff:208,cs:Fitzgerald-Diamant:0:shuff:215,looking,look,podíval,podívat,pf
en:Fitzgerald-Diamant:0:shuff:209,cs:Fitzgerald-Diamant:0:shuff:216,tell,tell,řeknu,říci,pf
en:Fitzgerald-Diamant:0:shuff:209,cs:Fitzgerald-Diamant:0:shuff:216,saw,see,neviděl,vidět,impf
en:Fitzgerald-Diamant:0:shuff:210,cs:Fitzgerald-Diamant:0:shuff:217,see,see,vidět,vidět,impf
en:Fitzgerald-Diamant:0:shuff:211,cs:Fitzgerald-Diamant:0:shuff:218,wake,wake,vzbudit,vzbudit,pf
en:Fitzgerald-Diamant:0:shuff:211,cs:Fitzgerald-Diamant:0:shuff:218,said,say,řekla,říci,pf
en:Fitzgerald-Diamant:0:shuff:211,cs:Fitzgerald-Diamant:0:shuff:218,hurried,hurry,pospíchali,pospíchat,impf
en:Fitzgerald-Diamant:0:shuff:217,cs:Fitzgerald-Diamant:0:shuff:225,raised,raise,pozvedla,pozvednout,pf
en:Fitzgerald-Diamant:0:shuff:218,cs:Fitzgerald-Diamant:0:shuff:226,said,say,řekl,říci,pf
en:Fitzgerald-Diamant:0:shuff:219,cs:Fitzgerald-Diamant:0:shuff:227,tried,try,pokoušel,pokoušet,impf
en:Fitzgerald-Diamant:0:shuff:219,cs:Fitzgerald-Diamant:0:shuff:227,changed,change,vyměnili,vyměnit,pf
en:Fitzgerald-Diamant:0:shuff:220,cs:Fitzgerald-Diamant:0:shuff:228,thought,think,soudil,soudit,impf
en:Fitzgerald-Diamant:0:shuff:221,cs:Fitzgerald-Diamant:0:shuff:229,set,set,nastavil,nastavit,pf
en:Fitzgerald-Diamant:0:shuff:224,cs:Fitzgerald-Diamant:0:shuff:232,thought,think,Myslela,myslet,impf
en:Fitzgerald-Diamant:0:shuff:226,cs:Fitzgerald-Diamant:0:shuff:234,answered,answer,odpověděl,odpovědět,pf
en:Fitzgerald-Diamant:0:shuff:227,cs:Fitzgerald-Diamant:0:shuff:235,do,do,nedělají,dělat,impf
en:Fitzgerald-Diamant:0:shuff:228,cs:Fitzgerald-Diamant:0:shuff:236,walked,walk,kráčeli,kráčet,impf
en:Fitzgerald-Diamant:0:shuff:231,cs:Fitzgerald-Diamant:0:shuff:239,answered,answer,odpověděl,odpovědět,pf
en:Fitzgerald-Diamant:0:shuff:232,cs:Fitzgerald-Diamant:0:shuff:240,enjoying,enjoy,vychutnával,vychutnávat,impf
en:Fitzgerald-Diamant:0:shuff:232,cs:Fitzgerald-Diamant:0:shuff:240,desire,desire,toužil,toužit,impf
en:Fitzgerald-Diamant:0:shuff:235,cs:Fitzgerald-Diamant:0:shuff:244,shivering,shiver,třásl,třást,impf
en:Fitzgerald-Diamant:0:shuff:235,cs:Fitzgerald-Diamant:0:shuff:244,returned,return,vrátil,vrátit,pf
en:Fitzgerald-Diamant:0:shuff:235,cs:Fitzgerald-Diamant:0:shuff:244,dressed,dress,oblékl,obléknout,pf
en:Fitzgerald-Diamant:0:shuff:236,cs:Fitzgerald-Diamant:0:shuff:245,mounted,mount,vystoupil,vystoupit,pf
en:Fitzgerald-Diamant:0:shuff:236,cs:Fitzgerald-Diamant:0:shuff:245,led,lead,vedla,vést,impf
en:Fitzgerald-Diamant:0:shuff:237,cs:Fitzgerald-Diamant:0:shuff:246,lighted,light,svítily,svítit,impf
en:Fitzgerald-Diamant:0:shuff:238,cs:Fitzgerald-Diamant:0:shuff:247,listening,listen,naslouchala,naslouchat,impf
en:Fitzgerald-Diamant:0:shuff:238,cs:Fitzgerald-Diamant:0:shuff:247,entered,enter,vstoupil,vstoupit,pf
en:Fitzgerald-Diamant:0:shuff:238,cs:Fitzgerald-Diamant:0:shuff:247,turned,turn,obrátila,obrátit,pf
en:Fitzgerald-Diamant:0:shuff:239,cs:Fitzgerald-Diamant:0:shuff:248,doing,do,děláte,dělat,impf
en:Fitzgerald-Diamant:0:shuff:241,cs:Fitzgerald-Diamant:0:shuff:250,reading,read,číst,číst,impf
en:Fitzgerald-Diamant:0:shuff:241,cs:Fitzgerald-Diamant:0:shuff:250,playing,play,číst,číst,impf
en:Fitzgerald-Diamant:0:shuff:241,cs:Fitzgerald-Diamant:0:shuff:250,playing,play,hrát,hrát,impf
en:Fitzgerald-Diamant:0:shuff:242,cs:Fitzgerald-Diamant:0:shuff:251,read,read,číst,číst,impf
en:Fitzgerald-Diamant:0:shuff:243,cs:Fitzgerald-Diamant:0:shuff:252,play,play,hrát,hrát,impf
en:Fitzgerald-Diamant:0:shuff:244,cs:Fitzgerald-Diamant:0:shuff:253,find,find,nenajdu,najít,pf
en:Fitzgerald-Diamant:0:shuff:245,cs:Fitzgerald-Diamant:0:shuff:254,went,go,odešel,odejít,pf
en:Fitzgerald-Diamant:0:shuff:246,cs:Fitzgerald-Diamant:0:shuff:255,said,say,řekla,říci,pf
en:Fitzgerald-Diamant:0:shuff:247,cs:Fitzgerald-Diamant:0:shuff:256,spoiled,spoil,zkazil,zkazit,pf
en:Fitzgerald-Diamant:0:shuff:248,cs:Fitzgerald-Diamant:0:shuff:257,meet,meet,sejít,sejít,pf
en:Fitzgerald-Diamant:0:shuff:250,cs:Fitzgerald-Diamant:0:shuff:259,choose,choose,vybrat,vybrat,pf
en:Fitzgerald-Diamant:0:shuff:252,cs:Fitzgerald-Diamant:0:shuff:261,met,meet,sešel,sejít,pf
en:Fitzgerald-Diamant:0:shuff:252,cs:Fitzgerald-Diamant:0:shuff:261,descended,descend,sešel,sejít,pf
en:Fitzgerald-Diamant:0:shuff:252,cs:Fitzgerald-Diamant:0:shuff:261,descended,descend,sestoupili,sestoupit,pf
en:Fitzgerald-Diamant:0:shuff:254,cs:Fitzgerald-Diamant:0:shuff:263,pay,pay,neplatí,platit,impf
en:Fitzgerald-Diamant:0:shuff:255,cs:Fitzgerald-Diamant:0:shuff:264,pays,pay,platí,platit,impf
en:Fitzgerald-Diamant:0:shuff:255,cs:Fitzgerald-Diamant:0:shuff:264,pay,pay,platí,platit,impf
en:Fitzgerald-Diamant:0:shuff:255,cs:Fitzgerald-Diamant:0:shuff:264,pays,pay,neplatí,platit,impf
en:Fitzgerald-Diamant:0:shuff:255,cs:Fitzgerald-Diamant:0:shuff:264,pay,pay,neplatí,platit,impf
en:Fitzgerald-Diamant:0:shuff:256,cs:Fitzgerald-Diamant:0:shuff:265,said,say,řekl,říci,pf
en:Fitzgerald-Diamant:0:shuff:262,cs:Fitzgerald-Diamant:0:shuff:271,offered,offer,nabídl,nabídnout,pf
en:Fitzgerald-Diamant:0:shuff:266,cs:Fitzgerald-Diamant:0:shuff:275,interrupted,interrupt,přerušily,přerušit,pf
en:Fitzgerald-Diamant:0:shuff:267,cs:Fitzgerald-Diamant:0:shuff:276,see,see,nechápeš,chápat,impf
en:Fitzgerald-Diamant:0:shuff:271,cs:Fitzgerald-Diamant:0:shuff:280,evaded,evade,unikal,unikat,impf
en:Fitzgerald-Diamant:0:shuff:271,cs:Fitzgerald-Diamant:0:shuff:280,married,marry,oženil,oženit,pf
en:Fitzgerald-Diamant:0:shuff:271,cs:Fitzgerald-Diamant:0:shuff:280,compelled,compel,donutila,donutit,pf
en:Fitzgerald-Diamant:0:shuff:271,cs:Fitzgerald-Diamant:0:shuff:280,murder,murder,zavraždit,zavraždit,pf
en:Fitzgerald-Diamant:0:shuff:271,cs:Fitzgerald-Diamant:0:shuff:280,endangered,endanger,ohrozil,ohrozit,pf
en:Fitzgerald-Diamant:0:shuff:273,cs:Fitzgerald-Diamant:0:shuff:282,made,make,nedělali,dělat,impf
en:Fitzgerald-Diamant:0:shuff:274,cs:Fitzgerald-Diamant:0:shuff:283,hated,hate,nenáviděl,nenávidět,impf
en:Fitzgerald-Diamant:0:shuff:277,cs:Fitzgerald-Diamant:0:shuff:287,replied,reply,odpověděl,odpovědět,pf
en:Fitzgerald-Diamant:0:shuff:278,cs:Fitzgerald-Diamant:0:shuff:288,managed,manage,Podařilo,podařit,pf
en:Fitzgerald-Diamant:0:shuff:278,cs:Fitzgerald-Diamant:0:shuff:288,add,add,připojit,připojit,pf
en:Fitzgerald-Diamant:0:shuff:278,cs:Fitzgerald-Diamant:0:shuff:288,seemed,seem,zdálo,zdát,impf
en:Fitzgerald-Diamant:0:shuff:279,cs:Fitzgerald-Diamant:0:shuff:289,fell,fall,Usnul,usnout,pf
en:Fitzgerald-Diamant:0:shuff:280,cs:Fitzgerald-Diamant:0:shuff:290,awoke,awake,probudil,probudit,pf
en:Fitzgerald-Diamant:0:shuff:280,cs:Fitzgerald-Diamant:0:shuff:290,passed,pass,uplynulo,uplynout,pf
en:Fitzgerald-Diamant:0:shuff:282,cs:Fitzgerald-Diamant:0:shuff:292,cried,cry,zvolala,zvolat,pf
en:Fitzgerald-Diamant:0:shuff:284,cs:Fitzgerald-Diamant:0:shuff:294,moving,move,nehnul,hnout,pf
en:Fitzgerald-Diamant:0:shuff:284,cs:Fitzgerald-Diamant:0:shuff:294,tread,tread,nešlápl,šlápnout,pf
en:Fitzgerald-Diamant:0:shuff:285,cs:Fitzgerald-Diamant:0:shuff:295,said,say,řekla,říci,pf
en:Fitzgerald-Diamant:0:shuff:288,cs:Fitzgerald-Diamant:0:shuff:299,compared,compare,srovnat,srovnat,pf
en:Fitzgerald-Diamant:0:shuff:289,cs:Fitzgerald-Diamant:0:shuff:300,mean,mean,znamenají,znamenat,impf
en:Fitzgerald-Diamant:0:shuff:290,cs:Fitzgerald-Diamant:0:shuff:301,keeping,keep,drží,držet,impf
en:Fitzgerald-Diamant:0:shuff:290,cs:Fitzgerald-Diamant:0:shuff:301,depend,depend,spoléhat,spoléhat,impf
en:Fitzgerald-Diamant:0:shuff:290,cs:Fitzgerald-Diamant:0:shuff:301,considered,consider,považovali,považovat,impf
en:Fitzgerald-Diamant:0:shuff:291,cs:Fitzgerald-Diamant:0:shuff:302,pressed,press,stiskl,stisknout,pf
en:Fitzgerald-Diamant:0:shuff:291,cs:Fitzgerald-Diamant:0:shuff:302,began,begin,začal,začít,pf
en:Fitzgerald-Diamant:0:shuff:291,cs:Fitzgerald-Diamant:0:shuff:302,fall,fall,padat,padat,impf
en:Fitzgerald-Diamant:0:shuff:291,cs:Fitzgerald-Diamant:0:shuff:302,discovered,discover,objevil,objevit,pf
en:Fitzgerald-Diamant:0:shuff:293,cs:Fitzgerald-Diamant:0:shuff:304,Sitting,sit,posadil,posadit,pf
en:Fitzgerald-Diamant:0:shuff:293,cs:Fitzgerald-Diamant:0:shuff:304,consider,consider,zvážil,zvážit,pf
en:Fitzgerald-Diamant:0:shuff:293,cs:Fitzgerald-Diamant:0:shuff:304,caught,catch,upoutal,upoutat,pf
en:Fitzgerald-Diamant:0:shuff:294,cs:Fitzgerald-Diamant:0:shuff:305,lost,lose,ztratil,ztratit,pf
en:Fitzgerald-Diamant:0:shuff:294,cs:Fitzgerald-Diamant:0:shuff:305,gained,gain,získal,získat,pf
en:Fitzgerald-Diamant:0:shuff:295,cs:Fitzgerald-Diamant:0:shuff:306,refused,refuse,odmítala,odmítat,impf
en:Fitzgerald-Diamant:0:shuff:296,cs:Fitzgerald-Diamant:0:shuff:307,found,find,našel,najít,pf
en:Fitzgerald-Diamant:0:shuff:296,cs:Fitzgerald-Diamant:0:shuff:307,digging,dig,kopali,kopat,impf
en:Fitzgerald-Diamant:0:shuff:297,cs:Fitzgerald-Diamant:0:shuff:308,asked,ask,zeptal,zeptat,pf
en:Fitzgerald-Diamant:0:shuff:298,cs:Fitzgerald-Diamant:0:shuff:309,seemed,seem,Zdálo,zdát,impf
en:Fitzgerald-Diamant:0:shuff:299,cs:Fitzgerald-Diamant:0:shuff:310,going,go,jede,jet,impf
en:Fitzgerald-Diamant:0:shuff:300,cs:Fitzgerald-Diamant:0:shuff:311,coming,come,půjde,jít,impf
en:Fitzgerald-Diamant:0:shuff:301,cs:Fitzgerald-Diamant:0:shuff:312,presented,present,představena,představit,pf
en:Fitzgerald-Diamant:0:shuff:302,cs:Fitzgerald-Diamant:0:shuff:313,joined,join,přidaly,přidat,pf
en:Fitzgerald-Diamant:0:shuff:303,cs:Fitzgerald-Diamant:0:shuff:314,starting,start,vyrazili,vyrazit,pf
en:Fitzgerald-Diamant:0:shuff:304,cs:Fitzgerald-Diamant:0:shuff:315,formed,form,utvořila,utvořit,pf
en:Fitzgerald-Diamant:0:shuff:305,cs:Fitzgerald-Diamant:0:shuff:316,laughed,laugh,zasmál,zasmát,pf
en:Fitzgerald-Diamant:0:shuff:305,cs:Fitzgerald-Diamant:0:shuff:316,decided,decide,rozhodl,rozhodnout,pf
en:Fitzgerald-Diamant:0:shuff:305,cs:Fitzgerald-Diamant:0:shuff:316,nod,nod,přikývne,přikývnout,pf
en:Fitzgerald-Diamant:0:shuff:307,cs:Fitzgerald-Diamant:0:shuff:318,brought,bring,přivezl,přivézt,pf
en:Fitzgerald-Diamant:0:shuff:311,cs:Fitzgerald-Diamant:0:shuff:322,spending,spend,strávili,strávit,pf
en:Fitzgerald-Diamant:0:shuff:311,cs:Fitzgerald-Diamant:0:shuff:322,trying,try,snažili,snažit,impf
en:Fitzgerald-Diamant:0:shuff:311,cs:Fitzgerald-Diamant:0:shuff:322,agree,agree,dohodnout,dohodnout,pf
en:Fitzgerald-Diamant:0:shuff:312,cs:Fitzgerald-Diamant:0:shuff:323,plan,plan,navrhl,navrhnout,pf
en:Fitzgerald-Diamant:0:shuff:313,cs:Fitzgerald-Diamant:0:shuff:324,lost,lose,Ztratil,ztratit,pf
en:Fitzgerald-Diamant:0:shuff:315,cs:Fitzgerald-Diamant:0:shuff:327,vanished,vanish,zmizela,zmizet,pf
en:Fitzgerald-Diamant:0:shuff:315,cs:Fitzgerald-Diamant:0:shuff:327,intend,intend,nezamýšlela,zamýšlet,impf
en:Fitzgerald-Diamant:0:shuff:315,cs:Fitzgerald-Diamant:0:shuff:327,alleviate,alleviate,zmírnit,zmírnit,pf
en:Fitzgerald-Diamant:0:shuff:315,cs:Fitzgerald-Diamant:0:shuff:327,dropped,drop,upustila,upustit,pf
en:Fitzgerald-Diamant:0:shuff:316,cs:Fitzgerald-Diamant:0:shuff:328,let,let,Nedovolí,dovolit,pf
en:Fitzgerald-Diamant:0:shuff:317,cs:Fitzgerald-Diamant:0:shuff:329,thought,think,myslel,myslet,impf
en:Fitzgerald-Diamant:0:shuff:317,cs:Fitzgerald-Diamant:0:shuff:329,poisoned,poison,otrávit,otrávit,pf
en:Fitzgerald-Diamant:0:shuff:318,cs:Fitzgerald-Diamant:0:shuff:330,cried,cry,zvolal,zvolat,pf
en:Fitzgerald-Diamant:0:shuff:319,cs:Fitzgerald-Diamant:0:shuff:331,stay,stay,zůstanu,zůstat,pf
en:Fitzgerald-Diamant:0:shuff:321,cs:Fitzgerald-Diamant:0:shuff:333,guaranteed,guarantee,zaručil,zaručit,pf
en:Fitzgerald-Diamant:0:shuff:321,cs:Fitzgerald-Diamant:0:shuff:333,supply,supply,opatří,opatřit,pf
en:Fitzgerald-Diamant:0:shuff:321,cs:Fitzgerald-Diamant:0:shuff:333,supply,supply,poskytnout,poskytnout,pf
en:Fitzgerald-Diamant:0:shuff:321,cs:Fitzgerald-Diamant:0:shuff:333,offer,offer,poskytnout,poskytnout,pf
en:Fitzgerald-Diamant:0:shuff:321,cs:Fitzgerald-Diamant:0:shuff:333,left,leave,nechal,nechat,pf
en:Fitzgerald-Diamant:0:shuff:322,cs:Fitzgerald-Diamant:0:shuff:334,shown,show,ukázali,ukázat,pf
en:Fitzgerald-Diamant:0:shuff:323,cs:Fitzgerald-Diamant:0:shuff:335,begun,begin,začal,začít,pf
en:Fitzgerald-Diamant:0:shuff:323,cs:Fitzgerald-Diamant:0:shuff:335,made,make,učinil,učinit,pf
en:Fitzgerald-Diamant:0:shuff:323,cs:Fitzgerald-Diamant:0:shuff:335,said,say,neřekl,říci,pf
en:Fitzgerald-Diamant:0:shuff:324,cs:Fitzgerald-Diamant:0:shuff:336,enjoying,enjoy,užívat,užívat,impf
en:Fitzgerald-Diamant:0:shuff:325,cs:Fitzgerald-Diamant:0:shuff:337,Think,think,neměli,mít,impf
en:Fitzgerald-Diamant:0:shuff:329,cs:Fitzgerald-Diamant:0:shuff:341,reached,reach,došel,dojít,pf
en:Fitzgerald-Diamant:0:shuff:329,cs:Fitzgerald-Diamant:0:shuff:341,marked,mark,označoval,označovat,impf
en:Fitzgerald-Diamant:0:shuff:329,cs:Fitzgerald-Diamant:0:shuff:341,found,find,shledali,shledat,pf
en:Fitzgerald-Diamant:0:shuff:330,cs:Fitzgerald-Diamant:0:shuff:342,sat,sit,Usedli,usednout,pf
en:Fitzgerald-Diamant:0:shuff:330,cs:Fitzgerald-Diamant:0:shuff:342,brought,bring,přinesla,přinést,pf
en:Fitzgerald-Diamant:0:shuff:331,cs:Fitzgerald-Diamant:0:shuff:343,said,say,řekla,říci,pf
en:Fitzgerald-Diamant:0:shuff:331,cs:Fitzgerald-Diamant:0:shuff:343,put,put,řekla,říci,pf
en:Fitzgerald-Diamant:0:shuff:333,cs:Fitzgerald-Diamant:0:shuff:345,remained,remain,nezůstal,zůstat,pf
en:Fitzgerald-Diamant:0:shuff:335,cs:Fitzgerald-Diamant:0:shuff:347,gazing,gaze,díval,dívat,impf
en:Fitzgerald-Diamant:0:shuff:335,cs:Fitzgerald-Diamant:0:shuff:347,see,see,díval,dívat,impf
en:Fitzgerald-Diamant:0:shuff:335,cs:Fitzgerald-Diamant:0:shuff:347,sat,sit,seděl,sedět,impf
en:Fitzgerald-Diamant:0:shuff:335,cs:Fitzgerald-Diamant:0:shuff:347,see,see,viděl,vidět,impf
en:Fitzgerald-Diamant:0:shuff:335,cs:Fitzgerald-Diamant:0:shuff:347,gliding,glide,klouzaly,klouzat,impf
en:Fitzgerald-Diamant:0:shuff:337,cs:Fitzgerald-Diamant:0:shuff:349,built,build,postavit,postavit,pf
en:Fitzgerald-Diamant:0:shuff:337,cs:Fitzgerald-Diamant:0:shuff:349,see,see,uviděli,uvidět,pf
en:Fitzgerald-Diamant:0:shuff:337,cs:Fitzgerald-Diamant:0:shuff:349,think,think,pomyslili,pomyslit,pf
en:Fitzgerald-Diamant:0:shuff:338,cs:Fitzgerald-Diamant:0:shuff:350,find,find,najít,najít,pf
en:Fitzgerald-Diamant:0:shuff:340,cs:Fitzgerald-Diamant:0:shuff:352,sank,sink,snížil,snížit,pf
en:Fitzgerald-Diamant:0:shuff:341,cs:Fitzgerald-Diamant:0:shuff:353,breathed,breathe,vydechl,vydechnout,pf
en:Fitzgerald-Diamant:0:shuff:342,cs:Fitzgerald-Diamant:0:shuff:354,darted,dart,vrhli,vrhnout,pf
en:Fitzgerald-Diamant:0:shuff:342,cs:Fitzgerald-Diamant:0:shuff:354,shut,shut,zavřely,zavřít,pf
en:Fitzgerald-Diamant:0:shuff:343,cs:Fitzgerald-Diamant:0:shuff:355,slumped,slump,Klesl,klesnout,pf
en:Fitzgerald-Diamant:0:shuff:349,cs:Fitzgerald-Diamant:0:shuff:360,appeared,appear,objevila,objevit,pf
en:Fitzgerald-Diamant:0:shuff:351,cs:Fitzgerald-Diamant:0:shuff:362,saw,see,spatřil,spatřit,pf
en:Fitzgerald-Diamant:0:shuff:351,cs:Fitzgerald-Diamant:0:shuff:362,disappear,disappear,zmizeli,zmizet,pf
en:Fitzgerald-Diamant:0:shuff:352,cs:Fitzgerald-Diamant:0:shuff:363,surprised,surprise,překvapilo,překvapit,pf
en:Fitzgerald-Diamant:0:shuff:352,cs:Fitzgerald-Diamant:0:shuff:363,see,see,zahlédl,zahlédnout,pf
en:Fitzgerald-Diamant:0:shuff:352,cs:Fitzgerald-Diamant:0:shuff:363,catch,catch,zachytil,zachytit,pf
en:Fitzgerald-Diamant:0:shuff:355,cs:Fitzgerald-Diamant:0:shuff:366,said,say,řekl,říci,pf
en:Fitzgerald-Diamant:0:shuff:358,cs:Fitzgerald-Diamant:0:shuff:369,ends,end,končí,končit,impf
en:Fitzgerald-Diamant:0:shuff:358,cs:Fitzgerald-Diamant:0:shuff:369,says,say,říká,říkat,impf
en:Fitzgerald-Diamant:0:shuff:364,cs:Fitzgerald-Diamant:0:shuff:375,show,show,předvedeme,předvést,pf
en:Fitzgerald-Diamant:0:shuff:366,cs:Fitzgerald-Diamant:0:shuff:377,turned,turn,obrátil,obrátit,pf
en:Fitzgerald-Diamant:0:shuff:368,cs:Fitzgerald-Diamant:0:shuff:379,arrived,arrive,nepřijel,přijet,pf
en:Fitzgerald-Diamant:0:shuff:368,cs:Fitzgerald-Diamant:0:shuff:379,arrived,arrive,nepřijede,přijet,pf
en:Fitzgerald-Diamant:0:shuff:370,cs:Fitzgerald-Diamant:0:shuff:381,passed,pass,uplynuly,uplynout,pf
en:Fitzgerald-Diamant:0:shuff:374,cs:Fitzgerald-Diamant:0:shuff:385,exist,exist,neexistuje,existovat,impf
en:Fitzgerald-Diamant:0:shuff:376,cs:Fitzgerald-Diamant:0:shuff:387,Try,try,Zkuste,zkusit,pf
en:Fitzgerald-Diamant:0:shuff:379,cs:Fitzgerald-Diamant:0:shuff:391,try,try,snažte,snažit,impf
en:Fitzgerald-Diamant:0:shuff:380,cs:Fitzgerald-Diamant:0:shuff:392,offered,offer,Nabídl,nabídnout,pf
en:Fitzgerald-Diamant:0:shuff:380,cs:Fitzgerald-Diamant:0:shuff:392,wish,wish,přejete,přát,impf
en:Fitzgerald-Diamant:0:shuff:380,cs:Fitzgerald-Diamant:0:shuff:392,wish,wish,chtít,chtít,impf
en:Fitzgerald-Diamant:0:shuff:381,cs:Fitzgerald-Diamant:0:shuff:393,offered,offer,Nabídl,nabídnout,pf
en:Fitzgerald-Diamant:0:shuff:381,cs:Fitzgerald-Diamant:0:shuff:393,kidnapped,kidnap,unést,unést,pf
en:Fitzgerald-Diamant:0:shuff:382,cs:Fitzgerald-Diamant:0:shuff:394,enlarge,enlarge,Rozšířím,rozšířit,pf
en:Fitzgerald-Diamant:0:shuff:382,cs:Fitzgerald-Diamant:0:shuff:394,clothe,clothe,oblékat,oblékat,impf
en:Fitzgerald-Diamant:0:shuff:383,cs:Fitzgerald-Diamant:0:shuff:395,operated,operate,operovat,operovat,impf
en:Fitzgerald-Diamant:0:shuff:383,cs:Fitzgerald-Diamant:0:shuff:395,released,release,pustil,pustit,pf
en:Fitzgerald-Diamant:0:shuff:385,cs:Fitzgerald-Diamant:0:shuff:397,trusting,trust,věřil,věřit,impf
en:Fitzgerald-Diamant:0:shuff:385,cs:Fitzgerald-Diamant:0:shuff:397,cried,cry,vykřikl,vykřiknout,pf
en:Fitzgerald-Diamant:0:shuff:389,cs:Fitzgerald-Diamant:0:shuff:401,commenced,commence,začalo,začít,pf
en:Fitzgerald-Diamant:0:shuff:389,cs:Fitzgerald-Diamant:0:shuff:401,commenced,commence,začala,začít,pf
en:Fitzgerald-Diamant:0:shuff:390,cs:Fitzgerald-Diamant:0:shuff:402,offering,offer,nabízí,nabízet,impf
en:Fitzgerald-Diamant:0:shuff:395,cs:Fitzgerald-Diamant:0:shuff:408,spoke,speak,promluvil,promluvit,pf
en:Fitzgerald-Diamant:0:shuff:398,cs:Fitzgerald-Diamant:0:shuff:411,stay,stay,zůstaneme,zůstat,pf
en:Fitzgerald-Diamant:0:shuff:403,cs:Fitzgerald-Diamant:0:shuff:416,died,die,zemřel,zemřít,pf
en:Fitzgerald-Diamant:0:shuff:404,cs:Fitzgerald-Diamant:0:shuff:417,said,say,řekla,říci,pf
en:Fitzgerald-Diamant:0:shuff:406,cs:Fitzgerald-Diamant:0:shuff:419,answered,answer,odpověděla,odpovědět,pf
en:Fitzgerald-Diamant:0:shuff:408,cs:Fitzgerald-Diamant:0:shuff:421,aroused,arouse,vzbudila,vzbudit,pf
en:Fitzgerald-Diamant:0:shuff:413,cs:Fitzgerald-Diamant:0:shuff:426,give,give,Dává,dávat,impf
en:Fitzgerald-Diamant:0:shuff:413,cs:Fitzgerald-Diamant:0:shuff:426,continued,continue,pokračoval,pokračovat,impf
en:Fitzgerald-Diamant:0:shuff:415,cs:Fitzgerald-Diamant:0:shuff:428,work,work,pracovat,pracovat,impf
en:Fitzgerald-Diamant:0:shuff:418,cs:Fitzgerald-Diamant:0:shuff:432,stowed,stow,uložen,uložit,pf
en:Fitzgerald-Diamant:0:shuff:419,cs:Fitzgerald-Diamant:0:shuff:433,spent,spend,strávili,strávit,pf
en:Fitzgerald-Diamant:0:shuff:420,cs:Fitzgerald-Diamant:0:shuff:434,dreaming,dream,snili,snít,impf
en:Fitzgerald-Diamant:0:shuff:421,cs:Fitzgerald-Diamant:0:shuff:435,decided,decide,Rozhodli,rozhodnout,pf
en:Fitzgerald-Diamant:0:shuff:423,cs:Fitzgerald-Diamant:0:shuff:437,went,go,chodili,chodit,impf
en:Fitzgerald-Diamant:0:shuff:423,cs:Fitzgerald-Diamant:0:shuff:437,played,play,hráli,hrát,impf
en:Fitzgerald-Diamant:0:shuff:423,cs:Fitzgerald-Diamant:0:shuff:437,win,win,vítězit,vítězit,impf
en:Fitzgerald-Diamant:0:shuff:423,cs:Fitzgerald-Diamant:0:shuff:437,swam,swim,plavali,plavat,impf
en:Fitzgerald-Diamant:0:shuff:425,cs:Fitzgerald-Diamant:0:shuff:439,disembark,disembark,vystoupila,vystoupit,pf
en:Fitzgerald-Diamant:0:shuff:425,cs:Fitzgerald-Diamant:0:shuff:439,mount,mount,vystoupila,vystoupit,pf
en:Fitzgerald-Diamant:0:shuff:425,cs:Fitzgerald-Diamant:0:shuff:439,appeared,appear,vystoupila,vystoupit,pf
en:Fitzgerald-Diamant:0:shuff:425,cs:Fitzgerald-Diamant:0:shuff:439,mount,mount,nasedly,nasednout,pf
en:Fitzgerald-Diamant:0:shuff:427,cs:Fitzgerald-Diamant:0:shuff:441,observe,observe,Pozorovat,pozorovat,impf
en:Fitzgerald-Diamant:0:shuff:428,cs:Fitzgerald-Diamant:0:shuff:442,Passing,pass,Prošli,projít,pf
en:Fitzgerald-Diamant:0:shuff:428,cs:Fitzgerald-Diamant:0:shuff:442,fallen,fall,spadla,spadnout,pf
en:Fitzgerald-Diamant:0:shuff:429,cs:Fitzgerald-Diamant:0:shuff:443,seemed,seem,zdálo,zdát,impf
en:Fitzgerald-Diamant:0:shuff:429,cs:Fitzgerald-Diamant:0:shuff:443,descending,descend,sestoupit,sestoupit,pf
en:Fitzgerald-Diamant:0:shuff:429,cs:Fitzgerald-Diamant:0:shuff:443,annihilate,annihilate,zničí,zničit,pf
en:Fitzgerald-Diamant:0:shuff:430,cs:Fitzgerald-Diamant:0:shuff:444,bursting,burst,vybuchl,vybuchnout,pf
en:Fitzgerald-Diamant:0:shuff:430,cs:Fitzgerald-Diamant:0:shuff:444,tumbling,tumble,zřítil,zřítit,pf
en:Fitzgerald-Diamant:0:shuff:436,cs:Fitzgerald-Diamant:0:shuff:451,exclaimed,exclaim,zvolal,zvolat,pf
en:Fitzgerald-Diamant:0:shuff:437,cs:Fitzgerald-Diamant:0:shuff:452,regret,regret,lituje,litovat,impf
en:Fitzgerald-Diamant:0:shuff:439,cs:Fitzgerald-Diamant:0:shuff:454,sat,sit,seděl,sedět,impf
en:Fitzgerald-Diamant:0:shuff:440,cs:Fitzgerald-Diamant:0:shuff:455,waiting,wait,čeká,čekat,impf
en:Fitzgerald-Diamant:0:shuff:440,cs:Fitzgerald-Diamant:0:shuff:455,said,say,řekl,říci,pf
en:Fitzgerald-Diamant:0:shuff:440,cs:Fitzgerald-Diamant:0:shuff:455,finished,finish,skončily,skončit,pf
en:Fitzgerald-Diamant:0:shuff:443,cs:Fitzgerald-Diamant:0:shuff:458,whispered,whisper,zašeptal,zašeptat,pf
en:Fitzgerald-Diamant:0:shuff:444,cs:Fitzgerald-Diamant:0:shuff:459,bent,bend,Naklonila,naklonit,pf
en:Fitzgerald-Diamant:0:shuff:444,cs:Fitzgerald-Diamant:0:shuff:459,hesitated,hesitate,zaváhala,zaváhat,pf
en:Fitzgerald-Diamant:0:shuff:445,cs:Fitzgerald-Diamant:0:shuff:460,say,say,Řekl,říci,pf
en:Fitzgerald-Diamant:0:shuff:445,cs:Fitzgerald-Diamant:0:shuff:460,asked,ask,zeptala,zeptat,pf
en:Fitzgerald-Diamant:0:shuff:446,cs:Fitzgerald-Diamant:0:shuff:461,wanted,want,Chtěla,chtít,impf
en:Fitzgerald-Diamant:0:shuff:447,cs:Fitzgerald-Diamant:0:shuff:462,thought,think,Myslila,myslit,impf
en:Fitzgerald-Diamant:0:shuff:448,cs:Fitzgerald-Diamant:0:shuff:463,kissed,kiss,nelíbal,líbat,impf
en:Fitzgerald-Diamant:0:shuff:450,cs:Fitzgerald-Diamant:0:shuff:465,sprang,spring,vyskočila,vyskočit,pf
en:Fitzgerald-Diamant:0:shuff:450,cs:Fitzgerald-Diamant:0:shuff:465,told,tell,řekl,říci,pf
en:Fitzgerald-Diamant:0:shuff:451,cs:Fitzgerald-Diamant:0:shuff:466,get,get,dostat,dostat,pf
en:Fitzgerald-Diamant:0:shuff:451,cs:Fitzgerald-Diamant:0:shuff:466,losing,lose,neztratit,ztratit,pf
en:Fitzgerald-Diamant:0:shuff:452,cs:Fitzgerald-Diamant:0:shuff:467,seized,seize,Uchopil,uchopit,pf
en:Fitzgerald-Diamant:0:shuff:454,cs:Fitzgerald-Diamant:0:shuff:469,found,find,našel,najít,pf
en:Fitzgerald-Diamant:0:shuff:459,cs:Fitzgerald-Diamant:0:shuff:474,distracted,distract,odvedlo,odvést,pf
en:Fitzgerald-Diamant:0:shuff:463,cs:Fitzgerald-Diamant:0:shuff:478,told,tell,pověděl,povědět,pf
en:Fitzgerald-Diamant:0:shuff:464,cs:Fitzgerald-Diamant:0:shuff:479,confine,confine,omezíte,omezit,pf
en:Fitzgerald-Diamant:0:shuff:464,cs:Fitzgerald-Diamant:0:shuff:479,started,start,začali,začít,pf
en:Fitzgerald-Diamant:0:shuff:464,cs:Fitzgerald-Diamant:0:shuff:479,get,get,nedostanete,dostat,pf
en:Fitzgerald-Diamant:0:shuff:467,cs:Fitzgerald-Diamant:0:shuff:482,live,live,bydlet,bydlet,impf
en:Fitzgerald-Diamant:0:shuff:467,cs:Fitzgerald-Diamant:0:shuff:482,heard,hear,slyšel,slyšet,impf
en:Fitzgerald-Diamant:0:shuff:467,cs:Fitzgerald-Diamant:0:shuff:482,going,go,chodit,chodit,impf
en:Fitzgerald-Diamant:0:shuff:467,cs:Fitzgerald-Diamant:0:shuff:482,go,go,chodit,chodit,impf
en:Fitzgerald-Diamant:0:shuff:467,cs:Fitzgerald-Diamant:0:shuff:482,walking,walk,chodit,chodit,impf
en:Fitzgerald-Diamant:0:shuff:468,cs:Fitzgerald-Diamant:0:shuff:483,wants,want,chce,chtít,impf
en:Fitzgerald-Diamant:0:shuff:469,cs:Fitzgerald-Diamant:0:shuff:484,answered,answer,odpověděla,odpovědět,pf
en:Fitzgerald-Diamant:0:shuff:469,cs:Fitzgerald-Diamant:0:shuff:484,shining,shine,zářily,zářit,impf
en:Fitzgerald-Diamant:0:shuff:470,cs:Fitzgerald-Diamant:0:shuff:485,punished,punish,potrestán,potrestat,pf
en:Fitzgerald-Diamant:0:shuff:471,cs:Fitzgerald-Diamant:0:shuff:486,said,say,řekl,říci,pf
en:Fitzgerald-Diamant:0:shuff:472,cs:Fitzgerald-Diamant:0:shuff:487,cried,cry,vykřikla,vykřiknout,pf
en:Fitzgerald-Diamant:0:shuff:473,cs:Fitzgerald-Diamant:0:shuff:488,go,go,Půjdeme,jít,impf
en:Fitzgerald-Diamant:0:shuff:473,cs:Fitzgerald-Diamant:0:shuff:488,watch,watch,dívat,dívat,impf
en:Fitzgerald-Diamant:0:shuff:474,cs:Fitzgerald-Diamant:0:shuff:489,took,take,vzala,vzít,pf
en:Fitzgerald-Diamant:0:shuff:474,cs:Fitzgerald-Diamant:0:shuff:489,found,find,našli,najít,pf
en:Fitzgerald-Diamant:0:shuff:475,cs:Fitzgerald-Diamant:0:shuff:490,pressed,press,zmáčkla,zmáčknout,pf
en:Fitzgerald-Diamant:0:shuff:475,cs:Fitzgerald-Diamant:0:shuff:490,shot,shoot,vystřelil,vystřelit,pf
en:Fitzgerald-Diamant:0:shuff:475,cs:Fitzgerald-Diamant:0:shuff:490,kissed,kiss,políbil,políbit,pf
en:Fitzgerald-Diamant:0:shuff:481,cs:Fitzgerald-Diamant:0:shuff:496,felt,feel,cítil,cítit,impf
en:Fitzgerald-Diamant:0:shuff:481,cs:Fitzgerald-Diamant:0:shuff:496,turned,turn,odvrátili,odvrátit,pf
en:Fitzgerald-Diamant:0:shuff:483,cs:Fitzgerald-Diamant:0:shuff:499,shone,shine,svítil,svítit,impf
en:Fitzgerald-Diamant:0:shuff:483,cs:Fitzgerald-Diamant:0:shuff:499,see,see,viděl,vidět,impf
en:Fitzgerald-Diamant:0:shuff:483,cs:Fitzgerald-Diamant:0:shuff:499,said,say,řekl,říci,pf
en:Fitzgerald-Diamant:0:shuff:483,cs:Fitzgerald-Diamant:0:shuff:499,trying,try,snažil,snažit,impf
en:Fitzgerald-Diamant:0:shuff:483,cs:Fitzgerald-Diamant:0:shuff:499,see,see,zahlédnout,zahlédnout,pf
en:Fitzgerald-Diamant:0:shuff:484,cs:Fitzgerald-Diamant:0:shuff:500,send,send,posílat,posílat,impf
en:Fitzgerald-Diamant:0:shuff:484,cs:Fitzgerald-Diamant:0:shuff:500,saying,say,říká,říkat,impf
en:Fitzgerald-Diamant:0:shuff:484,cs:Fitzgerald-Diamant:0:shuff:500,worn,wear,mít,mít,impf
en:Fitzgerald-Diamant:0:shuff:484,cs:Fitzgerald-Diamant:0:shuff:500,mean,mean,znamená,znamenat,impf
en:Fitzgerald-Diamant:0:shuff:484,cs:Fitzgerald-Diamant:0:shuff:500,worn,wear,nosila,nosit,impf
en:Fitzgerald-Diamant:0:shuff:485,cs:Fitzgerald-Diamant:0:shuff:501,agreed,agree,souhlasil,souhlasit,impf
en:Fitzgerald-Diamant:0:shuff:486,cs:Fitzgerald-Diamant:0:shuff:502,married,marry,brala,brát,impf
en:Fitzgerald-Diamant:0:shuff:487,cs:Fitzgerald-Diamant:0:shuff:503,telling,tell,vyprávět,vyprávět,impf
en:Fitzgerald-Diamant:0:shuff:490,cs:Fitzgerald-Diamant:0:shuff:506,say,say,říká,říkat,impf
en:Fitzgerald-Diamant:0:shuff:491,cs:Fitzgerald-Diamant:0:shuff:507,spoke,speak,promluvila,promluvit,pf
en:Fitzgerald-Diamant:0:shuff:492,cs:Fitzgerald-Diamant:0:shuff:508,said,say,řekla,říci,pf
en:Fitzgerald-Diamant:0:shuff:493,cs:Fitzgerald-Diamant:0:shuff:509,washed,wash,prala,prát,impf
en:Fitzgerald-Diamant:0:shuff:494,cs:Fitzgerald-Diamant:0:shuff:510,flooded,flood,zaplavilo,zaplavit,pf
en:Fitzgerald-Diamant:0:shuff:495,cs:Fitzgerald-Diamant:0:shuff:511,saying,say,řekl,říci,pf
en:Fitzgerald-Diamant:0:shuff:497,cs:Fitzgerald-Diamant:0:shuff:513,take,take,přijmout,přijmout,pf
en:Fitzgerald-Diamant:0:shuff:497,cs:Fitzgerald-Diamant:0:shuff:513,leave,leave,nechat,nechat,pf
en:Fitzgerald-Diamant:0:shuff:499,cs:Fitzgerald-Diamant:0:shuff:515,seen,see,neviděl,vidět,impf
en:Fitzgerald-Diamant:0:shuff:499,cs:Fitzgerald-Diamant:0:shuff:515,turned,turn,obrátili,obrátit,pf
en:Fitzgerald-Diamant:0:shuff:503,cs:Fitzgerald-Diamant:0:shuff:519,warned,warn,varován,varovat,impf
en:Fitzgerald-Diamant:0:shuff:504,cs:Fitzgerald-Diamant:0:shuff:520,Coming,come,Došel,dojít,pf
en:Fitzgerald-Diamant:0:shuff:505,cs:Fitzgerald-Diamant:0:shuff:521,rewarded,reward,odměněna,odměnit,pf
en:Fitzgerald-Diamant:0:shuff:506,cs:Fitzgerald-Diamant:0:shuff:522,saw,see,uviděl,uvidět,pf
en:Fitzgerald-Diamant:0:shuff:509,cs:Fitzgerald-Diamant:0:shuff:525,learned,learn,dozvěděl,dozvědět,pf
en:Fitzgerald-Diamant:0:shuff:509,cs:Fitzgerald-Diamant:0:shuff:525,recovered,recover,nevzpamatovala,vzpamatovat,pf
en:Fitzgerald-Diamant:0:shuff:510,cs:Fitzgerald-Diamant:0:shuff:526,taken,take,podnikl,podniknout,pf
en:Fitzgerald-Diamant:0:shuff:510,cs:Fitzgerald-Diamant:0:shuff:526,seen,see,uviděla,uvidět,pf
en:Fitzgerald-Diamant:0:shuff:510,cs:Fitzgerald-Diamant:0:shuff:526,lost,lose,ztratila,ztratit,pf
en:Fitzgerald-Diamant:0:shuff:512,cs:Fitzgerald-Diamant:0:shuff:528,held,hold,Přidržel,přidržet,pf
en:Fitzgerald-Diamant:0:shuff:512,cs:Fitzgerald-Diamant:0:shuff:528,changed,change,změnil,změnit,pf
en:Fitzgerald-Diamant:0:shuff:515,cs:Fitzgerald-Diamant:0:shuff:531,exclaimed,exclaim,vykřikla,vykřiknout,pf
en:Fitzgerald-Diamant:0:shuff:517,cs:Fitzgerald-Diamant:0:shuff:533,cried,cry,zvolal,zvolat,pf
en:Fitzgerald-Diamant:0:shuff:520,cs:Fitzgerald-Diamant:0:shuff:536,opened,open,Otevřela,otevřít,pf
en:Fitzgerald-Diamant:0:shuff:521,cs:Fitzgerald-Diamant:0:shuff:537,wanted,want,chtěl,chtít,impf
en:Fitzgerald-Diamant:0:shuff:522,cs:Fitzgerald-Diamant:0:shuff:538,thought,think,myslili,myslit,impf
en:Fitzgerald-Diamant:0:shuff:523,cs:Fitzgerald-Diamant:0:shuff:539,make,make,udělat,udělat,pf
en:Fitzgerald-Diamant:0:shuff:524,cs:Fitzgerald-Diamant:0:shuff:540,spoiled,spoil,pokazila,pokazit,pf
en:Fitzgerald-Diamant:0:shuff:524,cs:Fitzgerald-Diamant:0:shuff:540,enjoying,enjoy,bavil,bavit,impf
en:Fitzgerald-Diamant:0:shuff:529,cs:Fitzgerald-Diamant:0:shuff:546,open,open,zahájíme,zahájit,pf
en:Fitzgerald-Diamant:0:shuff:533,cs:Fitzgerald-Diamant:0:shuff:550,took,take,popadla,popadnout,pf
en:Fitzgerald-Diamant:0:shuff:537,cs:Fitzgerald-Diamant:0:shuff:554,Remember,remember,Pamatuj,pamatovat,impf
en:Fitzgerald-Diamant:0:shuff:537,cs:Fitzgerald-Diamant:0:shuff:554,said,say,řekl,říci,pf
en:Fitzgerald-Diamant:0:shuff:539,cs:Fitzgerald-Diamant:0:shuff:556,answered,answer,odpověděl,odpovědět,pf
en:Fitzgerald-Diamant:0:shuff:540,cs:Fitzgerald-Diamant:0:shuff:557,followed,follow,následován,následovat,impf
en:Fitzgerald-Diamant:0:shuff:544,cs:Fitzgerald-Diamant:0:shuff:561,returned,return,vrátil,vrátit,pf
en:Fitzgerald-Diamant:0:shuff:545,cs:Fitzgerald-Diamant:0:shuff:562,visited,visit,Navštívil,navštívit,pf
en:Fitzgerald-Diamant:0:shuff:545,cs:Fitzgerald-Diamant:0:shuff:562,talked,talk,mluvil,mluvit,impf
en:Fitzgerald-Diamant:0:shuff:546,cs:Fitzgerald-Diamant:0:shuff:563,estimated,estimate,odhadoval,odhadovat,impf
en:Fitzgerald-Diamant:0:shuff:548,cs:Fitzgerald-Diamant:0:shuff:565,managed,manage,podařilo,podařit,pf
en:Fitzgerald-Diamant:0:shuff:548,cs:Fitzgerald-Diamant:0:shuff:565,tried,try,zkoušel,zkoušet,impf
en:Fitzgerald-Diamant:0:shuff:548,cs:Fitzgerald-Diamant:0:shuff:565,arrested,arrest,zatkli,zatknout,pf
en:Fitzgerald-Diamant:0:shuff:549,cs:Fitzgerald-Diamant:0:shuff:566,escaped,escape,uprchl,uprchnout,pf
en:Fitzgerald-Diamant:0:shuff:549,cs:Fitzgerald-Diamant:0:shuff:566,sold,sell,prodal,prodat,pf
en:Fitzgerald-Diamant:0:shuff:549,cs:Fitzgerald-Diamant:0:shuff:566,caught,catch,dostal,dostat,pf
en:Fitzgerald-Diamant:0:shuff:549,cs:Fitzgerald-Diamant:0:shuff:566,received,receive,dostal,dostat,pf
en:Fitzgerald-Diamant:0:shuff:550,cs:Fitzgerald-Diamant:0:shuff:567,left,leave,opustil,opustit,pf
en:Fitzgerald-Diamant:0:shuff:551,cs:Fitzgerald-Diamant:0:shuff:568,leaned,lean,naklonil,naklonit,pf
en:Fitzgerald-Diamant:0:shuff:551,cs:Fitzgerald-Diamant:0:shuff:568,dropped,drop,snížil,snížit,pf
en:Fitzgerald-Diamant:0:shuff:555,cs:Fitzgerald-Diamant:0:shuff:572,lay,lie,ležel,ležet,impf
en:Fitzgerald-Diamant:0:shuff:557,cs:Fitzgerald-Diamant:0:shuff:574,expect,expect,Myslíte,myslet,impf
en:Fitzgerald-Diamant:0:shuff:560,cs:Fitzgerald-Diamant:0:shuff:577,like,like,Nechtěla,chtít,impf
en:Fitzgerald-Diamant:0:shuff:560,cs:Fitzgerald-Diamant:0:shuff:577,learn,learn,učit,učit,impf
en:Fitzgerald-Diamant:0:shuff:563,cs:Fitzgerald-Diamant:0:shuff:580,speak,speak,mluvit,mluvit,impf
en:Fitzgerald-Diamant:0:shuff:564,cs:Fitzgerald-Diamant:0:shuff:581,teach,teach,naučit,naučit,pf
en:Fitzgerald-Diamant:0:shuff:565,cs:Fitzgerald-Diamant:0:shuff:582,reading,read,Četl,číst,impf
en:Fitzgerald-Diamant:0:shuff:565,cs:Fitzgerald-Diamant:0:shuff:582,began,begin,začal,začít,pf
en:Fitzgerald-Diamant:0:shuff:570,cs:Fitzgerald-Diamant:0:shuff:587,decided,decide,rozhodl,rozhodnout,pf
en:Fitzgerald-Diamant:0:shuff:573,cs:Fitzgerald-Diamant:0:shuff:590,did,do,udělal,udělat,pf
en:Fitzgerald-Diamant:0:shuff:575,cs:Fitzgerald-Diamant:0:shuff:592,cried,cry,vykřikl,vykřiknout,pf
en:Fitzgerald-Diamant:0:shuff:575,cs:Fitzgerald-Diamant:0:shuff:592,letting,let,nechala,nechat,pf
en:Fitzgerald-Diamant:0:shuff:575,cs:Fitzgerald-Diamant:0:shuff:592,pretending,pretend,předstírala,předstírat,impf
en:Fitzgerald-Diamant:0:shuff:575,cs:Fitzgerald-Diamant:0:shuff:592,talking,talk,mluvila,mluvit,impf
en:Fitzgerald-Diamant:0:shuff:575,cs:Fitzgerald-Diamant:0:shuff:592,get,get,nedostanu,dostat,pf
en:Fitzgerald-Diamant:0:shuff:576,cs:Fitzgerald-Diamant:0:shuff:593,protested,protest,protestovala,protestovat,impf
en:Fitzgerald-Diamant:0:shuff:579,cs:Fitzgerald-Diamant:0:shuff:596,thought,think,myslela,myslet,impf
en:Fitzgerald-Diamant:0:shuff:580,cs:Fitzgerald-Diamant:0:shuff:597,kept,keep,psala,psát,impf
en:Fitzgerald-Diamant:0:shuff:580,cs:Fitzgerald-Diamant:0:shuff:597,writing,write,psala,psát,impf
en:Fitzgerald-Diamant:0:shuff:580,cs:Fitzgerald-Diamant:0:shuff:597,come,come,přijely,přijet,pf
en:Fitzgerald-Diamant:0:shuff:585,cs:Fitzgerald-Diamant:0:shuff:604,drew,draw,přitáhl,přitáhnout,pf
en:Fitzgerald-Diamant:0:shuff:585,cs:Fitzgerald-Diamant:0:shuff:604,sat,sit,usadil,usadit,pf
en:Fitzgerald-Diamant:0:shuff:586,cs:Fitzgerald-Diamant:0:shuff:605,inquired,inquire,zeptal,zeptat,pf
en:Fitzgerald-Diamant:0:shuff:587,cs:Fitzgerald-Diamant:0:shuff:606,found,find,našel,najít,pf
en:Fitzgerald-Diamant:0:shuff:587,cs:Fitzgerald-Diamant:0:shuff:606,looked,look,pohlédl,pohlédnout,pf
en:Fitzgerald-Diamant:0:shuff:589,cs:Fitzgerald-Diamant:0:shuff:608,made,make,vytvářely,vytvářet,impf
en:Fitzgerald-Diamant:0:shuff:589,cs:Fitzgerald-Diamant:0:shuff:608,held,hold,svíral,svírat,impf
en:Fitzgerald-Diamant:0:shuff:590,cs:Fitzgerald-Diamant:0:shuff:609,telling,tell,říkala,říkat,impf
en:Fitzgerald-Diamant:0:shuff:590,cs:Fitzgerald-Diamant:0:shuff:609,exclaimed,exclaim,zvolal,zvolat,pf
en:Fitzgerald-Diamant:0:shuff:591,cs:Fitzgerald-Diamant:0:shuff:610,said,say,řekl,říci,pf
en:Fitzgerald-Diamant:0:shuff:591,cs:Fitzgerald-Diamant:0:shuff:610,got,get,dostali,dostat,pf
en:Fitzgerald-Diamant:0:shuff:592,cs:Fitzgerald-Diamant:0:shuff:611,fell,fall,padl,padnout,pf
en:Fitzgerald-Diamant:0:shuff:593,cs:Fitzgerald-Diamant:0:shuff:612,get,get,dostat,dostat,pf
en:Fitzgerald-Diamant:0:shuff:593,cs:Fitzgerald-Diamant:0:shuff:612,believed,believe,nevěřil,věřit,impf
en:Fitzgerald-Diamant:0:shuff:594,cs:Fitzgerald-Diamant:0:shuff:613,looking,look,podívali,podívat,pf
en:Fitzgerald-Diamant:0:shuff:595,cs:Fitzgerald-Diamant:0:shuff:614,waited,wait,počkal,počkat,pf
en:Fitzgerald-Diamant:0:shuff:596,cs:Fitzgerald-Diamant:0:shuff:615,said,say,pravil,pravit,pf
en:Fitzgerald-Diamant:0:shuff:597,cs:Fitzgerald-Diamant:0:shuff:616,told,tell,Řekl,říci,pf
en:Fitzgerald-Diamant:0:shuff:598,cs:Fitzgerald-Diamant:0:shuff:617,want,want,nechci,chtít,impf
en:Fitzgerald-Diamant:0:shuff:599,cs:Fitzgerald-Diamant:0:shuff:618,seen,see,spatřil,spatřit,pf
en:Fitzgerald-Diamant:0:shuff:600,cs:Fitzgerald-Diamant:0:shuff:619,got,get,přijdete,přijít,pf
en:Fitzgerald-Diamant:0:shuff:600,cs:Fitzgerald-Diamant:0:shuff:619,think,think,uvažovat,uvažovat,impf
en:Fitzgerald-Diamant:0:shuff:600,cs:Fitzgerald-Diamant:0:shuff:619,consider,consider,uvažovat,uvažovat,impf
en:Fitzgerald-Diamant:0:shuff:601,cs:Fitzgerald-Diamant:0:shuff:620,spoke,speak,Řekl,říci,pf
en:Fitzgerald-Diamant:0:shuff:601,cs:Fitzgerald-Diamant:0:shuff:620,turned,turn,zapjal,zapnout,pf
en:Fitzgerald-Diamant:0:shuff:602,cs:Fitzgerald-Diamant:0:shuff:621,see,see,Vidíš,vidět,impf
en:Fitzgerald-Diamant:0:shuff:604,cs:Fitzgerald-Diamant:0:shuff:623,take,take,potřeboval,potřebovat,impf
en:Fitzgerald-Diamant:0:shuff:605,cs:Fitzgerald-Diamant:0:shuff:624,going,go,jedeme,jet,impf
en:Fitzgerald-Diamant:0:shuff:606,cs:Fitzgerald-Diamant:0:shuff:625,inherited,inherit,zdědili,zdědit,pf
en:Fitzgerald-Diamant:0:shuff:606,cs:Fitzgerald-Diamant:0:shuff:625,seemed,seem,zdálo,zdát,impf
en:Fitzgerald-Diamant:0:shuff:609,cs:Fitzgerald-Diamant:0:shuff:628,told,tell,řekl,říci,pf
en:Fitzgerald-Diamant:0:shuff:609,cs:Fitzgerald-Diamant:0:shuff:628,kidnapped,kidnap,unést,unést,pf
en:Fitzgerald-Diamant:0:shuff:610,cs:Fitzgerald-Diamant:0:shuff:629,held,hold,zdrželo,zdržet,pf
en:Fitzgerald-Diamant:0:shuff:612,cs:Fitzgerald-Diamant:0:shuff:631,fixed,fix,zařídil,zařídit,pf
en:Fitzgerald-Diamant:0:shuff:612,cs:Fitzgerald-Diamant:0:shuff:631,set,set,zařídil,zařídit,pf
en:Fitzgerald-Diamant:0:shuff:613,cs:Fitzgerald-Diamant:0:shuff:632,made,make,vyrobit,vyrobit,pf
en:Fitzgerald-Diamant:0:shuff:614,cs:Fitzgerald-Diamant:0:shuff:633,saw,see,spatřil,spatřit,pf
en:Fitzgerald-Diamant:0:shuff:614,cs:Fitzgerald-Diamant:0:shuff:633,reached,reach,sahaly,sahat,impf
en:Fitzgerald-Diamant:0:shuff:617,cs:Fitzgerald-Diamant:0:shuff:636,staying,stay,bydlil,bydlet,impf
en:Fitzgerald-Diamant:0:shuff:618,cs:Fitzgerald-Diamant:0:shuff:637,heard,hear,vyslechl,vyslechnout,pf
en:Fitzgerald-Diamant:0:shuff:622,cs:Fitzgerald-Diamant:0:shuff:642,lifted,lift,pozvedli,pozvednout,pf
en:Fitzgerald-Diamant:0:shuff:623,cs:Fitzgerald-Diamant:0:shuff:643,went,go,pokračovaly,pokračovat,impf
en:Fitzgerald-Diamant:0:shuff:624,cs:Fitzgerald-Diamant:0:shuff:644,made,make,Udělala,udělat,pf
en:Fitzgerald-Diamant:0:shuff:624,cs:Fitzgerald-Diamant:0:shuff:644,do,do,Udělala,udělat,pf
en:Fitzgerald-Diamant:0:shuff:624,cs:Fitzgerald-Diamant:0:shuff:644,do,do,Udělala,udělat,pf
en:Fitzgerald-Diamant:0:shuff:624,cs:Fitzgerald-Diamant:0:shuff:644,said,say,říkaly,říkat,impf
en:Fitzgerald-Diamant:0:shuff:624,cs:Fitzgerald-Diamant:0:shuff:644,said,say,říkaly,říkat,impf
en:Fitzgerald-Diamant:0:shuff:624,cs:Fitzgerald-Diamant:0:shuff:644,said,say,řekl,říci,pf
en:Fitzgerald-Diamant:0:shuff:624,cs:Fitzgerald-Diamant:0:shuff:644,said,say,řekl,říci,pf
en:Fitzgerald-Diamant:0:shuff:625,cs:Fitzgerald-Diamant:0:shuff:645,hope,hope,Doufám,doufat,impf
en:Fitzgerald-Diamant:0:shuff:626,cs:Fitzgerald-Diamant:0:shuff:646,added,add,dodaly,dodat,pf
en:Fitzgerald-Diamant:0:shuff:629,cs:Fitzgerald-Diamant:0:shuff:649,waited,wait,Počkal,počkat,pf
en:Fitzgerald-Diamant:0:shuff:633,cs:Fitzgerald-Diamant:0:shuff:653,pushed,push,stiskl,stisknout,pf
en:Fitzgerald-Diamant:0:shuff:633,cs:Fitzgerald-Diamant:0:shuff:653,remained,remain,zůstala,zůstat,pf
en:Fitzgerald-Diamant:0:shuff:634,cs:Fitzgerald-Diamant:0:shuff:654,called,call,zavolal,zavolat,pf
en:Fitzgerald-Diamant:0:shuff:640,cs:Fitzgerald-Diamant:0:shuff:660,forget,forget,zapomněli,zapomenout,pf
en:Fitzgerald-Diamant:0:shuff:641,cs:Fitzgerald-Diamant:0:shuff:661,tried,try,zkoušeli,zkoušet,impf
en:Fitzgerald-Diamant:0:shuff:643,cs:Fitzgerald-Diamant:0:shuff:663,succeeded,succeed,následoval,následovat,impf
en:Fitzgerald-Diamant:0:shuff:643,cs:Fitzgerald-Diamant:0:shuff:663,tell,tell,rozeznat,rozeznat,pf
en:Fitzgerald-Diamant:0:shuff:644,cs:Fitzgerald-Diamant:0:shuff:664,strained,strain,namáhat,namáhat,impf
en:Fitzgerald-Diamant:0:shuff:646,cs:Fitzgerald-Diamant:0:shuff:666,try,try,zkusit,zkusit,pf
en:Fitzgerald-Diamant:0:shuff:650,cs:Fitzgerald-Diamant:0:shuff:670,get,get,dostaneš,dostat,pf
en:Fitzgerald-Diamant:0:shuff:652,cs:Fitzgerald-Diamant:0:shuff:672,turn,turn,zapnout,zapnout,pf
en:Fitzgerald-Diamant:0:shuff:652,cs:Fitzgerald-Diamant:0:shuff:672,suggested,suggest,navrhl,navrhnout,pf
en:Fitzgerald-Diamant:0:shuff:655,cs:Fitzgerald-Diamant:0:shuff:675,startled,startle,polekalo,polekat,pf
en:Fitzgerald-Diamant:0:shuff:655,cs:Fitzgerald-Diamant:0:shuff:675,continued,continue,pokračovala,pokračovat,impf
en:Fitzgerald-Diamant:0:shuff:655,cs:Fitzgerald-Diamant:0:shuff:675,heard,hear,slyšela,slyšet,impf
en:Fitzgerald-Diamant:0:shuff:656,cs:Fitzgerald-Diamant:0:shuff:676,said,say,Říkala,říkat,impf
en:Fitzgerald-Diamant:0:shuff:657,cs:Fitzgerald-Diamant:0:shuff:677,came,come,pocházel,pocházet,impf
en:Fitzgerald-Diamant:0:shuff:660,cs:Fitzgerald-Diamant:0:shuff:680,danced,dance,tančil,tančit,impf
en:Fitzgerald-Diamant:0:shuff:661,cs:Fitzgerald-Diamant:0:shuff:681,land,land,přistát,přistát,pf
en:Fitzgerald-Diamant:0:shuff:661,cs:Fitzgerald-Diamant:0:shuff:681,fall,fall,neupadnou,upadnout,pf
en:Fitzgerald-Diamant:0:shuff:663,cs:Fitzgerald-Diamant:0:shuff:683,hidden,hide,skrývá,skrývat,impf
en:Fitzgerald-Diamant:0:shuff:664,cs:Fitzgerald-Diamant:0:shuff:684,made,make,vytvořila,vytvořit,pf
en:Fitzgerald-Diamant:0:shuff:664,cs:Fitzgerald-Diamant:0:shuff:684,heard,hear,neslyšel,slyšet,impf
en:Fitzgerald-Diamant:0:shuff:667,cs:Fitzgerald-Diamant:0:shuff:687,laughed,laugh,zasmály,zasmát,pf
en:Fitzgerald-Diamant:0:shuff:668,cs:Fitzgerald-Diamant:0:shuff:688,refused,refuse,odmítl,odmítnout,pf
en:Fitzgerald-Diamant:0:shuff:668,cs:Fitzgerald-Diamant:0:shuff:688,accept,accept,přijmout,přijmout,pf
en:Fitzgerald-Diamant:0:shuff:669,cs:Fitzgerald-Diamant:0:shuff:689,watched,watch,pozoroval,pozorovat,impf
en:Fitzgerald-Diamant:0:shuff:670,cs:Fitzgerald-Diamant:0:shuff:690,turned,turn,změnila,změnit,pf
en:Fitzgerald-Diamant:0:shuff:670,cs:Fitzgerald-Diamant:0:shuff:690,began,begin,začala,začít,pf
en:Fitzgerald-Diamant:0:shuff:671,cs:Fitzgerald-Diamant:0:shuff:691,concentrated,concentrate,soustředili,soustředit,pf
en:Fitzgerald-Diamant:0:shuff:671,cs:Fitzgerald-Diamant:0:shuff:691,situated,situate,umístěna,umístit,pf
en:Fitzgerald-Diamant:0:shuff:672,cs:Fitzgerald-Diamant:0:shuff:692,found,find,zjistil,zjistit,pf
en:Fitzgerald-Diamant:0:shuff:675,cs:Fitzgerald-Diamant:0:shuff:695,resembled,resemble,připomínala,připomínat,impf
en:Fitzgerald-Diamant:0:shuff:678,cs:Fitzgerald-Diamant:0:shuff:699,placed,place,uložit,uložit,pf
en:Fitzgerald-Diamant:0:shuff:679,cs:Fitzgerald-Diamant:0:shuff:700,asked,ask,žádal,žádat,impf
en:Fitzgerald-Diamant:0:shuff:679,cs:Fitzgerald-Diamant:0:shuff:700,remain,remain,zůstalo,zůstat,pf
en:Fitzgerald-Diamant:0:shuff:681,cs:Fitzgerald-Diamant:0:shuff:702,swallowing,swallow,pohltí,pohltit,pf
en:Fitzgerald-Diamant:0:shuff:681,cs:Fitzgerald-Diamant:0:shuff:702,close,close,zavře,zavřít,pf
en:Fitzgerald-Diamant:0:shuff:683,cs:Fitzgerald-Diamant:0:shuff:704,treat,treat,vyjednávat,vyjednávat,impf
en:Fitzgerald-Diamant:0:shuff:683,cs:Fitzgerald-Diamant:0:shuff:704,bargain,bargain,vyjednávat,vyjednávat,impf
en:Fitzgerald-Diamant:0:shuff:684,cs:Fitzgerald-Diamant:0:shuff:705,measuring,measure,měřit,měřit,impf
en:Fitzgerald-Diamant:0:shuff:685,cs:Fitzgerald-Diamant:0:shuff:706,filled,fill,naplňovaly,naplňovat,impf
en:Fitzgerald-Diamant:0:shuff:685,cs:Fitzgerald-Diamant:0:shuff:706,struck,strike,vyrazil,vyrazit,pf
en:Fitzgerald-Diamant:0:shuff:690,cs:Fitzgerald-Diamant:0:shuff:711,chosen,choose,zvolit,zvolit,pf
en:Fitzgerald-Diamant:0:shuff:690,cs:Fitzgerald-Diamant:0:shuff:711,chosen,choose,chtěli,chtít,impf
en:Fitzgerald-Diamant:0:shuff:690,cs:Fitzgerald-Diamant:0:shuff:711,ordained,ordain,určil,určit,pf
en:Fitzgerald-Diamant:0:shuff:690,cs:Fitzgerald-Diamant:0:shuff:711,leave,leave,zanechal,zanechat,pf
en:Fitzgerald-Diamant:0:shuff:691,cs:Fitzgerald-Diamant:0:shuff:712,disembarked,disembark,vystoupili,vystoupit,pf
en:Fitzgerald-Diamant:0:shuff:691,cs:Fitzgerald-Diamant:0:shuff:712,mounted,mount,vystoupili,vystoupit,pf
en:Fitzgerald-Diamant:0:shuff:691,cs:Fitzgerald-Diamant:0:shuff:712,appeared,appear,vystoupili,vystoupit,pf
en:Fitzgerald-Diamant:0:shuff:691,cs:Fitzgerald-Diamant:0:shuff:712,appeared,appear,objevil,objevit,pf
en:Fitzgerald-Diamant:0:shuff:692,cs:Fitzgerald-Diamant:0:shuff:713,ascending,ascend,Stoupali,stoupat,impf
en:Fitzgerald-Diamant:0:shuff:692,cs:Fitzgerald-Diamant:0:shuff:713,risen,rise,Stoupali,stoupat,impf
en:Fitzgerald-Diamant:0:shuff:692,cs:Fitzgerald-Diamant:0:shuff:713,crossing,cross,přejel,přejet,pf
en:Fitzgerald-Diamant:0:shuff:692,cs:Fitzgerald-Diamant:0:shuff:713,risen,rise,vyšel,vyjít,pf
en:Fitzgerald-Diamant:0:shuff:695,cs:Fitzgerald-Diamant:0:shuff:716,set,set,dali,dát,pf
en:Fitzgerald-Diamant:0:shuff:695,cs:Fitzgerald-Diamant:0:shuff:716,attached,attach,připevnili,připevnit,pf
en:Fitzgerald-Diamant:0:shuff:696,cs:Fitzgerald-Diamant:0:shuff:717,remained,remain,Zůstal,zůstat,pf
en:Fitzgerald-Diamant:0:shuff:696,cs:Fitzgerald-Diamant:0:shuff:717,murdered,murder,zavražděn,zavraždit,pf
en:Fitzgerald-Diamant:0:shuff:696,cs:Fitzgerald-Diamant:0:shuff:717,visit,visit,navštívit,navštívit,pf
en:Fitzgerald-Diamant:0:shuff:697,cs:Fitzgerald-Diamant:0:shuff:718,return,return,vrátí,vrátit,pf
en:Fitzgerald-Diamant:0:shuff:697,cs:Fitzgerald-Diamant:0:shuff:718,allowed,allow,dovolili,dovolit,pf
en:Fitzgerald-Diamant:0:shuff:697,cs:Fitzgerald-Diamant:0:shuff:718,leave,leave,dovolili,dovolit,pf
en:Fitzgerald-Diamant:0:shuff:697,cs:Fitzgerald-Diamant:0:shuff:718,leave,leave,odjet,odjet,pf
en:Fitzgerald-Diamant:0:shuff:698,cs:Fitzgerald-Diamant:0:shuff:719,left,leave,odjel,odjet,pf
en:Fitzgerald-Diamant:0:shuff:698,cs:Fitzgerald-Diamant:0:shuff:719,deposited,deposit,složili,složit,pf
en:Fitzgerald-Diamant:0:shuff:699,cs:Fitzgerald-Diamant:0:shuff:720,called,call,nazvat,nazvat,pf
en:Fitzgerald-Diamant:0:shuff:701,cs:Fitzgerald-Diamant:0:shuff:722,fell,fall,Usnul,usnout,pf
en:Fitzgerald-Diamant:0:shuff:701,cs:Fitzgerald-Diamant:0:shuff:722,saying,say,říkal,říkat,impf
en:Fitzgerald-Diamant:0:shuff:703,cs:Fitzgerald-Diamant:0:shuff:724,undressed,undress,svlékli,svléknout,pf
en:Fitzgerald-Diamant:0:shuff:705,cs:Fitzgerald-Diamant:0:shuff:726,treading,tread,kráčeli,kráčet,impf
en:Fitzgerald-Diamant:0:shuff:707,cs:Fitzgerald-Diamant:0:shuff:728,lain,lie,neležel,ležet,impf
en:Fitzgerald-Diamant:0:shuff:707,cs:Fitzgerald-Diamant:0:shuff:728,wanted,want,chtěl,chtít,impf
en:Fitzgerald-Diamant:0:shuff:708,cs:Fitzgerald-Diamant:0:shuff:729,saw,see,uviděl,uvidět,pf
en:Fitzgerald-Diamant:0:shuff:708,cs:Fitzgerald-Diamant:0:shuff:729,coming,come,přicházela,přicházet,impf
en:Fitzgerald-Diamant:0:shuff:709,cs:Fitzgerald-Diamant:0:shuff:730,seen,see,spatřil,spatřit,pf
en:Fitzgerald-Diamant:0:shuff:712,cs:Fitzgerald-Diamant:0:shuff:733,answered,answer,odpověděl,odpovědět,pf
en:Fitzgerald-Diamant:0:shuff:714,cs:Fitzgerald-Diamant:0:shuff:735,heard,hear,neslyšela,slyšet,impf
en:Fitzgerald-Diamant:0:shuff:714,cs:Fitzgerald-Diamant:0:shuff:735,think,think,vzpomenout,vzpomenout,pf
en:Fitzgerald-Diamant:0:shuff:714,cs:Fitzgerald-Diamant:0:shuff:735,think,think,měla,mít,impf
en:Fitzgerald-Diamant:0:shuff:714,cs:Fitzgerald-Diamant:0:shuff:735,discuss,discuss,nehovořili,hovořit,impf
en:Fitzgerald-Diamant:0:shuff:715,cs:Fitzgerald-Diamant:0:shuff:736,going,go,Pojedu,jet,impf
en:Fitzgerald-Diamant:0:shuff:715,cs:Fitzgerald-Diamant:0:shuff:736,said,say,řekla,říci,pf
en:Fitzgerald-Diamant:0:shuff:716,cs:Fitzgerald-Diamant:0:shuff:737,think,think,Myslíte,myslet,impf
en:Fitzgerald-Diamant:0:shuff:717,cs:Fitzgerald-Diamant:0:shuff:738,going,go,Pojedu,jet,impf
en:Fitzgerald-Diamant:0:shuff:718,cs:Fitzgerald-Diamant:0:shuff:739,noticed,notice,nevšimla,všimnout,pf
en:Fitzgerald-Diamant:0:shuff:722,cs:Fitzgerald-Diamant:0:shuff:743,said,say,řekl,říci,pf
en:Fitzgerald-Diamant:0:shuff:725,cs:Fitzgerald-Diamant:0:shuff:746,told,tell,Říká,říkat,impf
en:Fitzgerald-Diamant:0:shuff:725,cs:Fitzgerald-Diamant:0:shuff:746,said,say,Říká,říkat,impf
en:Fitzgerald-Diamant:0:shuff:725,cs:Fitzgerald-Diamant:0:shuff:746,told,tell,řekl,říci,pf
en:Fitzgerald-Diamant:0:shuff:725,cs:Fitzgerald-Diamant:0:shuff:746,said,say,řekl,říci,pf
en:Fitzgerald-Diamant:0:shuff:727,cs:Fitzgerald-Diamant:0:shuff:748,dissolve,dissolve,rozpustil,rozpustit,pf
en:Fitzgerald-Diamant:0:shuff:727,cs:Fitzgerald-Diamant:0:shuff:748,saw,see,zahlédl,zahlédnout,pf
en:Fitzgerald-Diamant:0:shuff:727,cs:Fitzgerald-Diamant:0:shuff:748,seen,see,zahlédl,zahlédnout,pf
en:Fitzgerald-Diamant:0:shuff:728,cs:Fitzgerald-Diamant:0:shuff:749,kiss,kiss,líbat,líbat,impf
en:Fitzgerald-Diamant:0:shuff:729,cs:Fitzgerald-Diamant:0:shuff:750,cried,cry,vykřikl,vykřiknout,pf
en:Fitzgerald-Diamant:0:shuff:732,cs:Fitzgerald-Diamant:0:shuff:753,tell,tell,povídala,povídat,impf
en:Fitzgerald-Diamant:0:shuff:733,cs:Fitzgerald-Diamant:0:shuff:754,turned,turn,obrátil,obrátit,pf
en:Fitzgerald-Diamant:0:shuff:734,cs:Fitzgerald-Diamant:0:shuff:755,replied,reply,odpověděl,odpovědět,pf
en:Fitzgerald-Diamant:0:shuff:735,cs:Fitzgerald-Diamant:0:shuff:756,go,go,dělal,dělat,impf
en:Fitzgerald-Diamant:0:shuff:736,cs:Fitzgerald-Diamant:0:shuff:757,confused,confuse,pleteš,plést,impf
en:Fitzgerald-Diamant:0:shuff:736,cs:Fitzgerald-Diamant:0:shuff:757,abolished,abolish,zrušili,zrušit,pf
en:Fitzgerald-Diamant:0:shuff:737,cs:Fitzgerald-Diamant:0:shuff:758,folded,fold,složili,složit,pf
en:Fitzgerald-Diamant:0:shuff:740,cs:Fitzgerald-Diamant:0:shuff:761,repeated,repeat,opakovala,opakovat,impf
en:Fitzgerald-Diamant:0:shuff:746,cs:Fitzgerald-Diamant:0:shuff:767,smoke,smoke,Nekouřím,kouřit,impf
en:Fitzgerald-Diamant:0:shuff:746,cs:Fitzgerald-Diamant:0:shuff:767,read,read,nečtu,číst,impf
en:Fitzgerald-Diamant:0:shuff:748,cs:Fitzgerald-Diamant:0:shuff:769,dress,dress,neoblékám,oblékat,impf
en:Fitzgerald-Diamant:0:shuff:748,cs:Fitzgerald-Diamant:0:shuff:769,dress,dress,neoblékám,oblékat,impf
en:Fitzgerald-Diamant:0:shuff:750,cs:Fitzgerald-Diamant:0:shuff:771,agreed,agree,souhlasil,souhlasit,impf
en:Fitzgerald-Diamant:0:shuff:751,cs:Fitzgerald-Diamant:0:shuff:772,want,want,Nechtěl,chtít,impf
en:Fitzgerald-Diamant:0:shuff:752,cs:Fitzgerald-Diamant:0:shuff:773,collect,collect,Sbíral,sbírat,impf
en:Fitzgerald-Diamant:0:shuff:753,cs:Fitzgerald-Diamant:0:shuff:774,continued,continue,pokračoval,pokračovat,impf
en:Fitzgerald-Diamant:0:shuff:756,cs:Fitzgerald-Diamant:0:shuff:777,seemed,seem,zdálo,zdát,impf
en:Fitzgerald-Diamant:0:shuff:756,cs:Fitzgerald-Diamant:0:shuff:777,looking,look,dívá,dívat,impf
en:Fitzgerald-Diamant:0:shuff:757,cs:Fitzgerald-Diamant:0:shuff:778,think,think,myslím,myslet,impf
en:Fitzgerald-Diamant:0:shuff:757,cs:Fitzgerald-Diamant:0:shuff:778,tastes,taste,chutná,chutnat,impf
en:Fitzgerald-Diamant:0:shuff:758,cs:Fitzgerald-Diamant:0:shuff:779,remarked,remark,poznamenala,poznamenat,pf
en:Fitzgerald-Diamant:0:shuff:758,cs:Fitzgerald-Diamant:0:shuff:779,enters,enter,vstupuje,vstupovat,impf
en:Fitzgerald-Diamant:0:shuff:759,cs:Fitzgerald-Diamant:0:shuff:780,said,say,řekl,říci,pf
en:Fitzgerald-Diamant:0:shuff:759,cs:Fitzgerald-Diamant:0:shuff:780,brought,bring,přinesla,přinést,pf
en:Fitzgerald-Diamant:0:shuff:762,cs:Fitzgerald-Diamant:0:shuff:783,cried,cry,zvolal,zvolat,pf
en:Fitzgerald-Diamant:0:shuff:763,cs:Fitzgerald-Diamant:0:shuff:784,mean,mean,Znamená,znamenat,impf
en:Fitzgerald-Diamant:0:shuff:763,cs:Fitzgerald-Diamant:0:shuff:784,murdered,murder,zavraždit,zavraždit,pf
en:Fitzgerald-Diamant:0:shuff:763,cs:Fitzgerald-Diamant:0:shuff:784,left,leave,odjely,odjet,pf
en:Fitzgerald-Diamant:0:shuff:764,cs:Fitzgerald-Diamant:0:shuff:785,nodded,nod,Přikývla,přikývnout,pf
en:Fitzgerald-Diamant:0:shuff:766,cs:Fitzgerald-Diamant:0:shuff:787,get,get,dostali,dostat,pf
en:Fitzgerald-Diamant:0:shuff:771,cs:Fitzgerald-Diamant:0:shuff:792,uplifted,uplift,zdviženy,zdvihnout,pf
en:Fitzgerald-Diamant:0:shuff:771,cs:Fitzgerald-Diamant:0:shuff:792,expecting,expect,očekával,očekávat,impf
en:Fitzgerald-Diamant:0:shuff:774,cs:Fitzgerald-Diamant:0:shuff:795,praying,pray,Modlí,modlit,impf
en:Fitzgerald-Diamant:0:shuff:776,cs:Fitzgerald-Diamant:0:shuff:797,passed,pass,minula,minout,pf
en:Fitzgerald-Diamant:0:shuff:779,cs:Fitzgerald-Diamant:0:shuff:800,going,go,půjdu,jít,impf
en:Fitzgerald-Diamant:0:shuff:781,cs:Fitzgerald-Diamant:0:shuff:802,going,go,půjdu,jít,impf
en:Fitzgerald-Diamant:0:shuff:784,cs:Fitzgerald-Diamant:0:shuff:805,said,say,řekla,říci,pf
en:Fitzgerald-Diamant:0:shuff:784,cs:Fitzgerald-Diamant:0:shuff:805,catch,catch,dohoníme,dohonit,pf
en:Fitzgerald-Diamant:0:shuff:784,cs:Fitzgerald-Diamant:0:shuff:805,talk,talk,promluvíme,promluvit,pf
en:Fitzgerald-Diamant:0:shuff:786,cs:Fitzgerald-Diamant:0:shuff:807,interrupted,interrupt,přerušil,přerušit,pf
en:Fitzgerald-Diamant:0:shuff:788,cs:Fitzgerald-Diamant:0:shuff:809,bathe,bathe,koupat,koupat,impf
en:Fitzgerald-Diamant:0:shuff:788,cs:Fitzgerald-Diamant:0:shuff:809,bathe,bathe,koupali,koupat,impf
en:Fitzgerald-Diamant:0:shuff:790,cs:Fitzgerald-Diamant:0:shuff:811,discontinued,discontinue,Přestal,přestat,pf
en:Fitzgerald-Diamant:0:shuff:791,cs:Fitzgerald-Diamant:0:shuff:812,died,die,umřeli,umřít,pf
en:Fitzgerald-Diamant:0:shuff:793,cs:Fitzgerald-Diamant:0:shuff:814,go,go,půjdeš,jít,impf
en:Fitzgerald-Diamant:0:shuff:793,cs:Fitzgerald-Diamant:0:shuff:814,apologize,apologize,omluvit,omluvit,pf
en:Fitzgerald-Diamant:0:shuff:795,cs:Fitzgerald-Diamant:0:shuff:816,doubting,doubt,pochyboval,pochybovat,impf
en:Fitzgerald-Diamant:0:shuff:795,cs:Fitzgerald-Diamant:0:shuff:816,said,say,řekl,říci,pf
en:Fitzgerald-Diamant:0:shuff:796,cs:Fitzgerald-Diamant:0:shuff:817,smiled,smile,usmál,usmát,pf
en:Fitzgerald-Diamant:0:shuff:797,cs:Fitzgerald-Diamant:0:shuff:818,thought,think,Myslil,myslit,impf
en:Fitzgerald-Diamant:0:shuff:797,cs:Fitzgerald-Diamant:0:shuff:818,believe,believe,Myslil,myslit,impf
en:Fitzgerald-Diamant:0:shuff:797,cs:Fitzgerald-Diamant:0:shuff:818,thought,think,nevěříš,věřit,impf
en:Fitzgerald-Diamant:0:shuff:797,cs:Fitzgerald-Diamant:0:shuff:818,believe,believe,nevěříš,věřit,impf
en:Fitzgerald-Diamant:0:shuff:803,cs:Fitzgerald-Diamant:0:shuff:824,seemed,seem,zdálo,zdát,impf
en:Fitzgerald-Diamant:0:shuff:804,cs:Fitzgerald-Diamant:0:shuff:825,tried,try,pokoušel,pokoušet,impf
en:Fitzgerald-Diamant:0:shuff:804,cs:Fitzgerald-Diamant:0:shuff:825,answer,answer,odpovědět,odpovědět,pf
en:Fitzgerald-Diamant:0:shuff:804,cs:Fitzgerald-Diamant:0:shuff:825,clasped,clasp,svíral,svírat,impf
en:Fitzgerald-Diamant:0:shuff:807,cs:Fitzgerald-Diamant:0:shuff:829,accepted,accept,přijal,přijmout,pf
en:Fitzgerald-Diamant:0:shuff:808,cs:Fitzgerald-Diamant:0:shuff:830,confessed,confess,přiznala,přiznat,pf
en:Fitzgerald-Diamant:0:shuff:810,cs:Fitzgerald-Diamant:0:shuff:832,expected,expect,čekal,čekat,impf
en:Fitzgerald-Diamant:0:shuff:810,cs:Fitzgerald-Diamant:0:shuff:832,tending,tend,pečuje,pečovat,impf
en:Fitzgerald-Diamant:0:shuff:810,cs:Fitzgerald-Diamant:0:shuff:832,lifted,lift,zvedne,zvednout,pf
en:Fitzgerald-Diamant:0:shuff:811,cs:Fitzgerald-Diamant:0:shuff:833,felt,feel,cítil,cítit,impf
en:Fitzgerald-Diamant:0:shuff:811,cs:Fitzgerald-Diamant:0:shuff:833,startled,startle,polekal,polekat,pf
en:Fitzgerald-Diamant:0:shuff:811,cs:Fitzgerald-Diamant:0:shuff:833,began,begin,začal,začít,pf
en:Fitzgerald-Diamant:0:shuff:811,cs:Fitzgerald-Diamant:0:shuff:833,roll,roll,valit,valit,impf
en:Fitzgerald-Diamant:0:shuff:811,cs:Fitzgerald-Diamant:0:shuff:833,gave,give,povolilo,povolit,pf
en:Fitzgerald-Diamant:0:shuff:811,cs:Fitzgerald-Diamant:0:shuff:833,sliding,slide,sklouzl,sklouznout,pf
en:Fitzgerald-Diamant:0:shuff:814,cs:Fitzgerald-Diamant:0:shuff:836,asked,ask,zeptala,zeptat,pf
en:Fitzgerald-Diamant:0:shuff:815,cs:Fitzgerald-Diamant:0:shuff:837,answered,answer,odpověděl,odpovědět,pf
en:Fitzgerald-Diamant:0:shuff:817,cs:Fitzgerald-Diamant:0:shuff:839,thought,think,myslela,myslet,impf
en:Fitzgerald-Diamant:0:shuff:817,cs:Fitzgerald-Diamant:0:shuff:839,wear,wear,nenosí,nosit,impf
en:Fitzgerald-Diamant:0:shuff:818,cs:Fitzgerald-Diamant:0:shuff:840,laughed,laugh,zasmál,zasmát,pf
en:Fitzgerald-Diamant:0:shuff:819,cs:Fitzgerald-Diamant:0:shuff:841,try,try,zkus,zkusit,pf
en:Fitzgerald-Diamant:0:shuff:819,cs:Fitzgerald-Diamant:0:shuff:841,suggested,suggest,navrhl,navrhnout,pf
en:Fitzgerald-Diamant:0:shuff:820,cs:Fitzgerald-Diamant:0:shuff:842,started,start,začneš,začít,pf
en:Fitzgerald-Diamant:0:shuff:822,cs:Fitzgerald-Diamant:0:shuff:844,seemed,seem,Zdálo,zdát,impf
en:Fitzgerald-Diamant:0:shuff:822,cs:Fitzgerald-Diamant:0:shuff:844,see,see,vidí,vidět,impf
en:Fitzgerald-Diamant:0:shuff:822,cs:Fitzgerald-Diamant:0:shuff:844,look,look,vyhlížejí,vyhlížet,impf
en:Fitzgerald-Diamant:0:shuff:822,cs:Fitzgerald-Diamant:0:shuff:844,stare,stare,zírají,zírat,impf
en:Fitzgerald-Diamant:0:shuff:822,cs:Fitzgerald-Diamant:0:shuff:844,stare,stare,zírají,zírat,impf
en:Fitzgerald-Diamant:0:shuff:822,cs:Fitzgerald-Diamant:0:shuff:844,stare,stare,zírají,zírat,impf
en:Fitzgerald-Diamant:0:shuff:822,cs:Fitzgerald-Diamant:0:shuff:844,stare,stare,zírají,zírat,impf
en:Fitzgerald-Diamant:0:shuff:822,cs:Fitzgerald-Diamant:0:shuff:844,stare,stare,zírají,zírat,impf
en:Fitzgerald-Diamant:0:shuff:822,cs:Fitzgerald-Diamant:0:shuff:844,stare,stare,zírají,zírat,impf
en:Fitzgerald-Diamant:0:shuff:822,cs:Fitzgerald-Diamant:0:shuff:844,stare,stare,zírat,zírat,impf
en:Fitzgerald-Diamant:0:shuff:822,cs:Fitzgerald-Diamant:0:shuff:844,stare,stare,zírat,zírat,impf
en:Fitzgerald-Diamant:0:shuff:822,cs:Fitzgerald-Diamant:0:shuff:844,stare,stare,zírat,zírat,impf
en:Fitzgerald-Diamant:0:shuff:823,cs:Fitzgerald-Diamant:0:shuff:845,wandered,wander,procházeli,procházet,impf
en:Fitzgerald-Diamant:0:shuff:825,cs:Fitzgerald-Diamant:0:shuff:847,see,see,vidět,vidět,impf
en:Fitzgerald-Diamant:0:shuff:828,cs:Fitzgerald-Diamant:0:shuff:850,wrapping,wrap,Zabalil,zabalit,pf
en:Fitzgerald-Diamant:0:shuff:828,cs:Fitzgerald-Diamant:0:shuff:850,fell,fall,usnul,usnout,pf
en:Fitzgerald-Diamant:0:shuff:828,cs:Fitzgerald-Diamant:0:shuff:850,sleep,sleep,usnul,usnout,pf
en:Fitzgerald-Diamant:0:shuff:833,cs:Fitzgerald-Diamant:0:shuff:855,heard,hear,Zaslechl,zaslechnout,pf
en:Fitzgerald-Diamant:0:shuff:834,cs:Fitzgerald-Diamant:0:shuff:856,hurrying,hurry,spěchal,spěchat,impf
en:Fitzgerald-Diamant:0:shuff:834,cs:Fitzgerald-Diamant:0:shuff:856,occurred,occur,napadlo,napadnout,pf
en:Fitzgerald-Diamant:0:shuff:835,cs:Fitzgerald-Diamant:0:shuff:857,waited,wait,Počkal,počkat,pf
en:Fitzgerald-Diamant:0:shuff:837,cs:Fitzgerald-Diamant:0:shuff:859,discussing,discuss,diskutovali,diskutovat,impf
en:Fitzgerald-Diamant:0:shuff:837,cs:Fitzgerald-Diamant:0:shuff:859,changed,change,změnil,změnit,pf
en:Fitzgerald-Diamant:0:shuff:839,cs:Fitzgerald-Diamant:0:shuff:861,said,say,řekl,říci,pf
en:Fitzgerald-Diamant:0:shuff:840,cs:Fitzgerald-Diamant:0:shuff:862,leaning,lean,opřela,opřít,pf
en:Fitzgerald-Diamant:0:shuff:840,cs:Fitzgerald-Diamant:0:shuff:862,fell,fall,usnula,usnout,pf
en:Fitzgerald-Diamant:0:shuff:840,cs:Fitzgerald-Diamant:0:shuff:862,sleep,sleep,usnula,usnout,pf
en:Fitzgerald-Diamant:0:shuff:840,cs:Fitzgerald-Diamant:0:shuff:862,watched,watch,pozoroval,pozorovat,impf
en:Fitzgerald-Diamant:0:shuff:842,cs:Fitzgerald-Diamant:0:shuff:864,told,tell,Řekl,říci,pf
en:Fitzgerald-Diamant:0:shuff:842,cs:Fitzgerald-Diamant:0:shuff:864,discovered,discover,objevil,objevit,pf
en:Fitzgerald-Diamant:0:shuff:842,cs:Fitzgerald-Diamant:0:shuff:864,seen,see,vidělo,vidět,impf
en:Fitzgerald-Diamant:0:shuff:842,cs:Fitzgerald-Diamant:0:shuff:864,believed,believe,uvěřili,uvěřit,pf
en:Fitzgerald-Diamant:0:shuff:843,cs:Fitzgerald-Diamant:0:shuff:865,found,find,ocitl,ocitnout,pf
en:Fitzgerald-Diamant:0:shuff:845,cs:Fitzgerald-Diamant:0:shuff:867,filled,fill,naplnil,naplnit,pf
en:Fitzgerald-Diamant:0:shuff:846,cs:Fitzgerald-Diamant:0:shuff:868,descended,descend,sestoupil,sestoupit,pf
en:Fitzgerald-Diamant:0:shuff:846,cs:Fitzgerald-Diamant:0:shuff:868,lead,lead,vedly,vést,impf
en:Fitzgerald-Diamant:0:shuff:847,cs:Fitzgerald-Diamant:0:shuff:869,enjoying,enjoy,Vychutnával,vychutnávat,impf
en:Fitzgerald-Diamant:0:shuff:848,cs:Fitzgerald-Diamant:0:shuff:870,turning,turn,otočil,otočit,pf
en:Fitzgerald-Diamant:0:shuff:848,cs:Fitzgerald-Diamant:0:shuff:870,saw,see,zahlédl,zahlédnout,pf
en:Fitzgerald-Diamant:0:shuff:850,cs:Fitzgerald-Diamant:0:shuff:872,slid,slide,sklouzl,sklouznout,pf
en:Fitzgerald-Diamant:0:shuff:850,cs:Fitzgerald-Diamant:0:shuff:872,waiting,wait,čekaly,čekat,impf
en:Fitzgerald-Diamant:0:shuff:853,cs:Fitzgerald-Diamant:0:shuff:875,reported,report,hlásilo,hlásit,impf
en:Fitzgerald-Diamant:0:shuff:853,cs:Fitzgerald-Diamant:0:shuff:875,killed,kill,zabil,zabít,pf
en:Fitzgerald-Diamant:0:shuff:853,cs:Fitzgerald-Diamant:0:shuff:875,answering,answer,odpovídal,odpovídat,impf
en:Fitzgerald-Diamant:0:shuff:855,cs:Fitzgerald-Diamant:0:shuff:877,come,come,Přišli,přijít,pf
en:Fitzgerald-Diamant:0:shuff:856,cs:Fitzgerald-Diamant:0:shuff:878,pointed,point,ukázal,ukázat,pf
en:Fitzgerald-Diamant:0:shuff:857,cs:Fitzgerald-Diamant:0:shuff:879,gazed,gaze,pohlédl,pohlédnout,pf
en:Fitzgerald-Diamant:0:shuff:858,cs:Fitzgerald-Diamant:0:shuff:880,think,think,myslím,myslet,impf
en:Fitzgerald-Diamant:0:shuff:858,cs:Fitzgerald-Diamant:0:shuff:880,say,say,říct,říci,pf
en:Fitzgerald-Diamant:0:shuff:859,cs:Fitzgerald-Diamant:0:shuff:881,believe,believe,věřím,věřit,impf
en:Fitzgerald-Diamant:0:shuff:859,cs:Fitzgerald-Diamant:0:shuff:881,enjoy,enjoy,užít,užít,pf
en:Fitzgerald-Diamant:0:shuff:860,cs:Fitzgerald-Diamant:0:shuff:882,said,say,řekl,říci,pf
en:Fitzgerald-Diamant:0:shuff:862,cs:Fitzgerald-Diamant:0:shuff:884,smiled,smile,Usmála,usmát,pf
en:Fitzgerald-Diamant:0:shuff:863,cs:Fitzgerald-Diamant:0:shuff:885,like,like,Líbíte,líbit,impf
en:Fitzgerald-Diamant:0:shuff:863,cs:Fitzgerald-Diamant:0:shuff:885,whispered,whisper,zašeptala,zašeptat,pf
en:Fitzgerald-Diamant:0:shuff:865,cs:Fitzgerald-Diamant:0:shuff:887,filled,fill,naplňovala,naplňovat,impf
en:Fitzgerald-Diamant:0:shuff:866,cs:Fitzgerald-Diamant:0:shuff:888,fallen,fall,usnula,usnout,pf
en:Fitzgerald-Diamant:0:shuff:867,cs:Fitzgerald-Diamant:0:shuff:889,followed,follow,přišli,přijít,pf
en:Fitzgerald-Diamant:0:shuff:867,cs:Fitzgerald-Diamant:0:shuff:889,waited,wait,vyčkával,vyčkávat,impf
en:Fitzgerald-Diamant:0:shuff:867,cs:Fitzgerald-Diamant:0:shuff:889,passed,pass,minou,minout,pf
en:Fitzgerald-Diamant:0:shuff:868,cs:Fitzgerald-Diamant:0:shuff:890,see,see,dívám,dívat,impf
en:Fitzgerald-Diamant:0:shuff:868,cs:Fitzgerald-Diamant:0:shuff:890,enjoying,enjoy,bavíte,bavit,impf
en:Fitzgerald-Diamant:0:shuff:869,cs:Fitzgerald-Diamant:0:shuff:891,tell,tell,neřekl,říci,pf
en:Fitzgerald-Diamant:0:shuff:872,cs:Fitzgerald-Diamant:0:shuff:894,guessing,guess,netušili,tušit,impf
en:Fitzgerald-Diamant:0:shuff:873,cs:Fitzgerald-Diamant:0:shuff:895,cried,cry,křičel,křičet,impf
en:Fitzgerald-Diamant:0:shuff:873,cs:Fitzgerald-Diamant:0:shuff:895,tried,try,pokoušel,pokoušet,impf
en:Fitzgerald-Diamant:0:shuff:873,cs:Fitzgerald-Diamant:0:shuff:895,run,run,utéci,utéci,pf
en:Fitzgerald-Diamant:0:shuff:874,cs:Fitzgerald-Diamant:0:shuff:896,agreed,agree,souhlasil,souhlasit,impf
en:Fitzgerald-Diamant:0:shuff:874,cs:Fitzgerald-Diamant:0:shuff:896,go,go,půjdeme,jít,impf
en:Fitzgerald-Diamant:0:shuff:875,cs:Fitzgerald-Diamant:0:shuff:897,settled,settle,usadila,usadit,pf
en:Fitzgerald-Diamant:0:shuff:876,cs:Fitzgerald-Diamant:0:shuff:898,go,go,půjde,jít,impf
en:Fitzgerald-Diamant:0:shuff:876,cs:Fitzgerald-Diamant:0:shuff:898,share,share,sdílet,sdílet,impf
en:Fitzgerald-Diamant:0:shuff:877,cs:Fitzgerald-Diamant:0:shuff:899,kissed,kiss,políbil,políbit,pf
en:Fitzgerald-Diamant:0:shuff:878,cs:Fitzgerald-Diamant:0:shuff:900,loved,love,milovala,milovat,impf
en:Fitzgerald-Diamant:0:shuff:878,cs:Fitzgerald-Diamant:0:shuff:900,saved,save,zachránila,zachránit,pf
en:Fitzgerald-Diamant:0:shuff:879,cs:Fitzgerald-Diamant:0:shuff:901,walked,walk,Kráčeli,kráčet,impf
en:Fitzgerald-Diamant:0:shuff:882,cs:Fitzgerald-Diamant:0:shuff:905,streaming,stream,tekly,téci,impf
en:Fitzgerald-Diamant:0:shuff:883,cs:Fitzgerald-Diamant:0:shuff:906,passed,pass,přešel,přejít,pf
en:Fitzgerald-Diamant:0:shuff:885,cs:Fitzgerald-Diamant:0:shuff:908,see,see,vidět,vidět,impf
en:Fitzgerald-Diamant:0:shuff:887,cs:Fitzgerald-Diamant:0:shuff:910,discover,discover,objevili,objevit,pf
en:Fitzgerald-Diamant:0:shuff:887,cs:Fitzgerald-Diamant:0:shuff:910,remarked,remark,poznamenal,poznamenat,pf
en:Fitzgerald-Diamant:0:shuff:888,cs:Fitzgerald-Diamant:0:shuff:911,said,say,řekl,říci,pf
en:Fitzgerald-Diamant:0:shuff:889,cs:Fitzgerald-Diamant:0:shuff:912,teach,teach,učil,učit,impf
en:Fitzgerald-Diamant:0:shuff:893,cs:Fitzgerald-Diamant:0:shuff:916,began,begin,začal,začít,pf
en:Fitzgerald-Diamant:0:shuff:893,cs:Fitzgerald-Diamant:0:shuff:916,thought,think,myslel,myslet,impf
en:Fitzgerald-Diamant:0:shuff:893,cs:Fitzgerald-Diamant:0:shuff:916,saw,see,uviděl,uvidět,pf
en:Fitzgerald-Diamant:0:shuff:894,cs:Fitzgerald-Diamant:0:shuff:917,exclaimed,exclaim,zvolala,zvolat,pf
en:Fitzgerald-Diamant:0:shuff:896,cs:Fitzgerald-Diamant:0:shuff:919,think,think,Myslím,myslet,impf
en:Fitzgerald-Diamant:0:shuff:896,cs:Fitzgerald-Diamant:0:shuff:919,think,think,nemyslíte,myslet,impf
en:Fitzgerald-Diamant:0:shuff:898,cs:Fitzgerald-Diamant:0:shuff:921,say,say,řeknete,říci,pf
en:Fitzgerald-Diamant:0:shuff:898,cs:Fitzgerald-Diamant:0:shuff:921,cry,cry,plakat,plakat,impf
en:Fitzgerald-Diamant:0:shuff:899,cs:Fitzgerald-Diamant:0:shuff:922,said,say,Řekl,říci,pf
en:Fitzgerald-Diamant:0:shuff:899,cs:Fitzgerald-Diamant:0:shuff:922,shouted,shout,křičel,křičet,impf
en:Fitzgerald-Diamant:0:shuff:899,cs:Fitzgerald-Diamant:0:shuff:922,begin,begin,začnou,začít,pf
en:Fitzgerald-Diamant:0:shuff:899,cs:Fitzgerald-Diamant:0:shuff:922,shell,shell,bombardovat,bombardovat,impf
en:Fitzgerald-Diamant:0:shuff:900,cs:Fitzgerald-Diamant:0:shuff:923,shot,shoot,vystřelil,vystřelit,pf
en:Fitzgerald-Diamant:0:shuff:901,cs:Fitzgerald-Diamant:0:shuff:924,cried,cry,vykřikla,vykřiknout,pf
en:Fitzgerald-Diamant:0:shuff:903,cs:Fitzgerald-Diamant:0:shuff:926,imprison,imprison,věznit,věznit,impf
en:Fitzgerald-Diamant:0:shuff:904,cs:Fitzgerald-Diamant:0:shuff:927,made,make,udělat,udělat,pf
en:Fitzgerald-Diamant:0:shuff:904,cs:Fitzgerald-Diamant:0:shuff:927,done,do,udělat,udělat,pf
en:Fitzgerald-Diamant:0:shuff:904,cs:Fitzgerald-Diamant:0:shuff:927,expected,expect,čekali,čekat,impf
en:Fitzgerald-Diamant:0:shuff:905,cs:Fitzgerald-Diamant:0:shuff:928,avoided,avoid,vyhnuli,vyhnout,pf
en:Fitzgerald-Diamant:0:shuff:906,cs:Fitzgerald-Diamant:0:shuff:929,murdered,murder,zavraždili,zavraždit,pf
en:Fitzgerald-Diamant:0:shuff:907,cs:Fitzgerald-Diamant:0:shuff:930,cried,cry,zvolal,zvolat,pf
en:Fitzgerald-Diamant:0:shuff:908,cs:Fitzgerald-Diamant:0:shuff:931,done,do,Provedlo,provést,pf
en:Fitzgerald-Diamant:0:shuff:910,cs:Fitzgerald-Diamant:0:shuff:933,smelt,smell,cítit,cítit,impf
en:Fitzgerald-Diamant:0:shuff:914,cs:Fitzgerald-Diamant:0:shuff:937,indicated,indicate,Ukázal,ukázat,pf
en:Fitzgerald-Diamant:0:shuff:915,cs:Fitzgerald-Diamant:0:shuff:938,continued,continue,pokračoval,pokračovat,impf
en:Fitzgerald-Diamant:0:shuff:917,cs:Fitzgerald-Diamant:0:shuff:940,smiled,smile,Usmál,usmát,pf
en:Fitzgerald-Diamant:0:shuff:918,cs:Fitzgerald-Diamant:0:shuff:941,asked,ask,zeptal,zeptat,pf
en:Fitzgerald-Diamant:0:shuff:920,cs:Fitzgerald-Diamant:0:shuff:943,added,add,dodal,dodat,pf
en:Fitzgerald-Diamant:0:shuff:921,cs:Fitzgerald-Diamant:0:shuff:944,saw,see,viděli,vidět,impf
en:Fitzgerald-Diamant:0:shuff:922,cs:Fitzgerald-Diamant:0:shuff:945,possessed,possess,nemají,mít,impf
en:Fitzgerald-Diamant:0:shuff:922,cs:Fitzgerald-Diamant:0:shuff:945,land,land,přistanou,přistát,pf
en:Fitzgerald-Diamant:0:shuff:927,cs:Fitzgerald-Diamant:0:shuff:950,walking,walk,kráčejí,kráčet,impf
en:Fitzgerald-Diamant:0:shuff:928,cs:Fitzgerald-Diamant:0:shuff:951,sat,sit,usedli,usednout,pf
en:Fitzgerald-Diamant:0:shuff:931,cs:Fitzgerald-Diamant:0:shuff:954,seemed,seem,zdálo,zdát,impf
en:Fitzgerald-Diamant:0:shuff:932,cs:Fitzgerald-Diamant:0:shuff:955,asked,ask,zeptala,zeptat,pf
en:Fitzgerald-Diamant:0:shuff:935,cs:Fitzgerald-Diamant:0:shuff:958,prevent,prevent,zabránila,zabránit,pf
en:Fitzgerald-Diamant:0:shuff:936,cs:Fitzgerald-Diamant:0:shuff:959,institute,institute,zřídit,zřídit,pf
en:Fitzgerald-Diamant:0:shuff:939,cs:Fitzgerald-Diamant:0:shuff:962,hesitated,hesitate,zaváhal,zaváhat,pf
