en:havel-largo_desolato:0:shuff:7,cs:havel-largo_desolato:0:shuff:8,sign,sign,nepodepíšu,podepsat,pf
en:havel-largo_desolato:0:shuff:11,cs:havel-largo_desolato:0:shuff:13,going,go,nepůjdete,jít,impf
en:havel-largo_desolato:0:shuff:14,cs:havel-largo_desolato:0:shuff:16,come,come,nepřijdou,přijít,pf
en:havel-largo_desolato:0:shuff:16,cs:havel-largo_desolato:0:shuff:18,coming,come,přijít,přijít,pf
en:havel-largo_desolato:0:shuff:18,cs:havel-largo_desolato:0:shuff:20,think,think,Myslíš,myslet,impf
en:havel-largo_desolato:0:shuff:19,cs:havel-largo_desolato:0:shuff:21,come,come,přijít,přijít,pf
en:havel-largo_desolato:0:shuff:22,cs:havel-largo_desolato:0:shuff:24,comes,come,vstoupí,vstoupit,pf
en:havel-largo_desolato:0:shuff:28,cs:havel-largo_desolato:0:shuff:30,takes,take,vezme,vzít,pf
en:havel-largo_desolato:0:shuff:30,cs:havel-largo_desolato:0:shuff:32,wiping,wipe,utírá,utírat,impf
en:havel-largo_desolato:0:shuff:34,cs:havel-largo_desolato:0:shuff:36,Leave,leave,Nech,nechat,pf
en:havel-largo_desolato:0:shuff:38,cs:havel-largo_desolato:0:shuff:41,thought,think,myslela,myslet,impf
en:havel-largo_desolato:0:shuff:44,cs:havel-largo_desolato:0:shuff:47,Thank,thank,Děkuji,děkovat,impf
en:havel-largo_desolato:0:shuff:48,cs:havel-largo_desolato:0:shuff:51,Thank,thank,Děkuji,děkovat,impf
en:havel-largo_desolato:0:shuff:50,cs:havel-largo_desolato:0:shuff:53,believe,believe,Věříme,věřit,impf
en:havel-largo_desolato:0:shuff:54,cs:havel-largo_desolato:0:shuff:57,believe,believe,věříme,věřit,impf
en:havel-largo_desolato:0:shuff:54,cs:havel-largo_desolato:0:shuff:57,need,need,potřebujeme,potřebovat,impf
en:havel-largo_desolato:0:shuff:56,cs:havel-largo_desolato:0:shuff:59,Thank,thank,Děkuji,děkovat,impf
en:havel-largo_desolato:0:shuff:64,cs:havel-largo_desolato:0:shuff:67,talk,talk,mluví,mluvit,impf
en:havel-largo_desolato:0:shuff:67,cs:havel-largo_desolato:0:shuff:70,turns,turn,otočí,otočit,pf
en:havel-largo_desolato:0:shuff:67,cs:havel-largo_desolato:0:shuff:70,goes,go,jde,jít,impf
en:havel-largo_desolato:0:shuff:73,cs:havel-largo_desolato:0:shuff:76,closes,close,zavře,zavřít,pf
en:havel-largo_desolato:0:shuff:73,cs:havel-largo_desolato:0:shuff:76,continues,continue,pokračuje,pokračovat,impf
en:havel-largo_desolato:0:shuff:74,cs:havel-largo_desolato:0:shuff:77,Reaching,reach,dojde,dojít,pf
en:havel-largo_desolato:0:shuff:74,cs:havel-largo_desolato:0:shuff:77,looks,look,nahlédne,nahlédnout,pf
en:havel-largo_desolato:0:shuff:75,cs:havel-largo_desolato:0:shuff:78,listening,listen,naslouchá,naslouchat,impf
en:havel-largo_desolato:0:shuff:75,cs:havel-largo_desolato:0:shuff:78,continues,continue,pokračuje,pokračovat,impf
en:havel-largo_desolato:0:shuff:80,cs:havel-largo_desolato:0:shuff:83,say,say,řekněte,říci,pf
en:havel-largo_desolato:0:shuff:86,cs:havel-largo_desolato:0:shuff:89,speaking,speak,říkám,říkat,impf
en:havel-largo_desolato:0:shuff:93,cs:havel-largo_desolato:0:shuff:98,rubbing,rub,tře,třít,impf
en:havel-largo_desolato:0:shuff:111,cs:havel-largo_desolato:0:shuff:116,doubt,doubt,nepochybuješ,pochybovat,impf
en:havel-largo_desolato:0:shuff:119,cs:havel-largo_desolato:0:shuff:126,closes,close,zavře,zavřít,pf
en:havel-largo_desolato:0:shuff:119,cs:havel-largo_desolato:0:shuff:126,leads,lead,vede,vést,impf
en:havel-largo_desolato:0:shuff:121,cs:havel-largo_desolato:0:shuff:128,see,see,Vidím,vidět,impf
en:havel-largo_desolato:0:shuff:129,cs:havel-largo_desolato:0:shuff:136,Sit,sit,Posaď,posadit,pf
en:havel-largo_desolato:0:shuff:130,cs:havel-largo_desolato:0:shuff:137,sits,sit,posadí,posadit,pf
en:havel-largo_desolato:0:shuff:134,cs:havel-largo_desolato:0:shuff:141,drink,drink,nepiju,pít,impf
en:havel-largo_desolato:0:shuff:138,cs:havel-largo_desolato:0:shuff:145,threatened,threaten,hrozí,hrozit,impf
en:havel-largo_desolato:0:shuff:138,cs:havel-largo_desolato:0:shuff:145,wish,wish,nepřeju,přát,impf
en:havel-largo_desolato:0:shuff:138,cs:havel-largo_desolato:0:shuff:145,suppose,suppose,předpokládám,předpokládat,impf
en:havel-largo_desolato:0:shuff:155,cs:havel-largo_desolato:0:shuff:159,blurts,blurt,vyhrkne,vyhrknout,pf
en:havel-largo_desolato:0:shuff:159,cs:havel-largo_desolato:0:shuff:162,presses,press,stiskne,stisknout,pf
en:havel-largo_desolato:0:shuff:161,cs:havel-largo_desolato:0:shuff:164,sitting,sit,sedí,sedět,impf
en:havel-largo_desolato:0:shuff:168,cs:havel-largo_desolato:0:shuff:171,opened,open,Otevřely,otevřít,pf
en:havel-largo_desolato:0:shuff:170,cs:havel-largo_desolato:0:shuff:173,exaggerating,exaggerate,Přeháníte,přehánět,impf
en:havel-largo_desolato:0:shuff:179,cs:havel-largo_desolato:0:shuff:182,writing,write,Píšete,psát,impf
en:havel-largo_desolato:0:shuff:183,cs:havel-largo_desolato:0:shuff:186,excuse,excuse,promiňte,prominout,pf
en:havel-largo_desolato:0:shuff:185,cs:havel-largo_desolato:0:shuff:188,thought,think,Myslel,myslet,impf
en:havel-largo_desolato:0:shuff:185,cs:havel-largo_desolato:0:shuff:188,got,get,dostala,dostat,pf
en:havel-largo_desolato:0:shuff:185,cs:havel-largo_desolato:0:shuff:188,need,need,potřeboval,potřebovat,impf
en:havel-largo_desolato:0:shuff:185,cs:havel-largo_desolato:0:shuff:188,calm,calm,uklidnit,uklidnit,pf
en:havel-largo_desolato:0:shuff:187,cs:havel-largo_desolato:0:shuff:190,got,get,koupila,koupit,pf
en:havel-largo_desolato:0:shuff:187,cs:havel-largo_desolato:0:shuff:190,bought,buy,koupila,koupit,pf
en:havel-largo_desolato:0:shuff:193,cs:havel-largo_desolato:0:shuff:196,understand,understand,Chápu,chápat,impf
en:havel-largo_desolato:0:shuff:193,cs:havel-largo_desolato:0:shuff:196,understand,understand,Chápu,chápat,impf
en:havel-largo_desolato:0:shuff:193,cs:havel-largo_desolato:0:shuff:196,understand,understand,chápu,chápat,impf
en:havel-largo_desolato:0:shuff:193,cs:havel-largo_desolato:0:shuff:196,understand,understand,chápu,chápat,impf
en:havel-largo_desolato:0:shuff:198,cs:havel-largo_desolato:0:shuff:202,hiding,hide,zakrýváte,zakrývat,impf
en:havel-largo_desolato:0:shuff:199,cs:havel-largo_desolato:0:shuff:203,increase,increase,zvýšilo,zvýšit,pf
en:havel-largo_desolato:0:shuff:201,cs:havel-largo_desolato:0:shuff:205,recant,recant,odvolal,odvolat,pf
en:havel-largo_desolato:0:shuff:201,cs:havel-largo_desolato:0:shuff:205,lose,lose,ztratil,ztratit,pf
en:havel-largo_desolato:0:shuff:203,cs:havel-largo_desolato:0:shuff:207,hope,hope,Doufám,doufat,impf
en:havel-largo_desolato:0:shuff:203,cs:havel-largo_desolato:0:shuff:207,threw,throw,vyhodil,vyhodit,pf
en:havel-largo_desolato:0:shuff:215,cs:havel-largo_desolato:0:shuff:219,close,close,zavřít,zavřít,pf
en:havel-largo_desolato:0:shuff:221,cs:havel-largo_desolato:0:shuff:225,seem,seem,zdálo,zdát,impf
en:havel-largo_desolato:0:shuff:231,cs:havel-largo_desolato:0:shuff:234,remember,remember,Nevzpomínám,vzpomínat,impf
en:havel-largo_desolato:0:shuff:231,cs:havel-largo_desolato:0:shuff:234,taking,take,vzal,vzít,pf
en:havel-largo_desolato:0:shuff:233,cs:havel-largo_desolato:0:shuff:236,go,go,Nepůjdeme,jít,impf
en:havel-largo_desolato:0:shuff:239,cs:havel-largo_desolato:0:shuff:242,want,want,Chci,chtít,impf
en:havel-largo_desolato:0:shuff:246,cs:havel-largo_desolato:0:shuff:249,goes,go,odejde,odejít,pf
en:havel-largo_desolato:0:shuff:265,cs:havel-largo_desolato:0:shuff:268,blurts,blurt,vyhrkne,vyhrknout,pf
en:havel-largo_desolato:0:shuff:274,cs:havel-largo_desolato:0:shuff:277,strokes,stroke,pohladí,pohladit,pf
en:havel-largo_desolato:0:shuff:282,cs:havel-largo_desolato:0:shuff:282,put,put,postaví,postavit,pf
en:havel-largo_desolato:0:shuff:295,cs:havel-largo_desolato:0:shuff:295,stifling,stifle,dusí,dusit,impf
en:havel-largo_desolato:0:shuff:295,cs:havel-largo_desolato:0:shuff:295,forgive,forgive,promiňte,prominout,pf
en:havel-largo_desolato:0:shuff:295,cs:havel-largo_desolato:0:shuff:295,do,do,šla,jít,impf
en:havel-largo_desolato:0:shuff:295,cs:havel-largo_desolato:0:shuff:295,did,do,šla,jít,impf
en:havel-largo_desolato:0:shuff:301,cs:havel-largo_desolato:0:shuff:300,looks,look,podívá,podívat,pf
en:havel-largo_desolato:0:shuff:301,cs:havel-largo_desolato:0:shuff:300,hesitates,hesitate,váhá,váhat,impf
en:havel-largo_desolato:0:shuff:301,cs:havel-largo_desolato:0:shuff:300,opens,open,otevře,otevřít,pf
en:havel-largo_desolato:0:shuff:302,cs:havel-largo_desolato:0:shuff:301,enters,enter,Vstoupí,vstoupit,pf
en:havel-largo_desolato:0:shuff:313,cs:havel-largo_desolato:0:shuff:313,saying,say,Říkáme,říkat,impf
en:havel-largo_desolato:0:shuff:315,cs:havel-largo_desolato:0:shuff:315,Thank,thank,Děkuji,děkovat,impf
en:havel-largo_desolato:0:shuff:319,cs:havel-largo_desolato:0:shuff:319,Thank,thank,Děkuji,děkovat,impf
en:havel-largo_desolato:0:shuff:321,cs:havel-largo_desolato:0:shuff:321,believe,believe,věříme,věřit,impf
en:havel-largo_desolato:0:shuff:321,cs:havel-largo_desolato:0:shuff:321,need,need,potřebujeme,potřebovat,impf
en:havel-largo_desolato:0:shuff:323,cs:havel-largo_desolato:0:shuff:323,Thank,thank,Děkuji,děkovat,impf
en:havel-largo_desolato:0:shuff:331,cs:havel-largo_desolato:0:shuff:331,say,say,Řekl,říci,pf
en:havel-largo_desolato:0:shuff:331,cs:havel-largo_desolato:0:shuff:331,waiting,wait,očekává,očekávat,impf
en:havel-largo_desolato:0:shuff:356,cs:havel-largo_desolato:0:shuff:355,controlling,control,kontroluješ,kontrolovat,impf
en:havel-largo_desolato:0:shuff:356,cs:havel-largo_desolato:0:shuff:355,observing,observe,sleduješ,sledovat,impf
en:havel-largo_desolato:0:shuff:356,cs:havel-largo_desolato:0:shuff:355,watching,watch,sleduješ,sledovat,impf
en:havel-largo_desolato:0:shuff:356,cs:havel-largo_desolato:0:shuff:355,observing,observe,pozoruješ,pozorovat,impf
en:havel-largo_desolato:0:shuff:356,cs:havel-largo_desolato:0:shuff:355,watching,watch,pozoruješ,pozorovat,impf
en:havel-largo_desolato:0:shuff:356,cs:havel-largo_desolato:0:shuff:355,thinking,think,myslíš,myslet,impf
en:havel-largo_desolato:0:shuff:356,cs:havel-largo_desolato:0:shuff:355,does,do,jít,jít,impf
en:havel-largo_desolato:0:shuff:356,cs:havel-largo_desolato:0:shuff:355,work,work,jít,jít,impf
en:havel-largo_desolato:0:shuff:356,cs:havel-largo_desolato:0:shuff:355,going,go,jít,jít,impf
en:havel-largo_desolato:0:shuff:356,cs:havel-largo_desolato:0:shuff:355,talk,talk,mluvit,mluvit,impf
en:havel-largo_desolato:0:shuff:366,cs:havel-largo_desolato:0:shuff:365,wanted,want,chtěli,chtít,impf
en:havel-largo_desolato:0:shuff:368,cs:havel-largo_desolato:0:shuff:367,meant,mean,Mysleli,myslet,impf
en:havel-largo_desolato:0:shuff:370,cs:havel-largo_desolato:0:shuff:369,express,express,vyjadřovat,vyjadřovat,impf
en:havel-largo_desolato:0:shuff:374,cs:havel-largo_desolato:0:shuff:373,thought,think,Domnívali,domnívat,impf
en:havel-largo_desolato:0:shuff:378,cs:havel-largo_desolato:0:shuff:377,solve,solve,nevyřešíte,vyřešit,pf
en:havel-largo_desolato:0:shuff:380,cs:havel-largo_desolato:0:shuff:379,hand,hand,předat,předat,pf
en:havel-largo_desolato:0:shuff:389,cs:havel-largo_desolato:0:shuff:387,see,see,Nevidíš,vidět,impf
en:havel-largo_desolato:0:shuff:395,cs:havel-largo_desolato:0:shuff:393,forgive,forgive,promiň,prominout,pf
en:havel-largo_desolato:0:shuff:395,cs:havel-largo_desolato:0:shuff:393,forgive,forgive,promiňte,prominout,pf
en:havel-largo_desolato:0:shuff:395,cs:havel-largo_desolato:0:shuff:393,did,do,jdu,jít,impf
en:havel-largo_desolato:0:shuff:395,cs:havel-largo_desolato:0:shuff:393,going,go,jdu,jít,impf
en:havel-largo_desolato:0:shuff:397,cs:havel-largo_desolato:0:shuff:395,rush,rush,pospíchat,pospíchat,impf
en:havel-largo_desolato:0:shuff:397,cs:havel-largo_desolato:0:shuff:395,like,like,chceš,chtít,impf
en:havel-largo_desolato:0:shuff:399,cs:havel-largo_desolato:0:shuff:397,thank,thank,Děkuji,děkovat,impf
en:havel-largo_desolato:0:shuff:400,cs:havel-largo_desolato:0:shuff:398,told,tell,Řekl,říci,pf
en:havel-largo_desolato:0:shuff:400,cs:havel-largo_desolato:0:shuff:398,sign,sign,nepodepíšu,podepsat,pf
en:havel-largo_desolato:0:shuff:403,cs:havel-largo_desolato:0:shuff:401,sign,sign,podepisovat,podepisovat,impf
en:havel-largo_desolato:0:shuff:421,cs:havel-largo_desolato:0:shuff:414,left,leave,odešel,odejít,pf
en:havel-largo_desolato:0:shuff:425,cs:havel-largo_desolato:0:shuff:418,love,love,nemiluji,milovat,impf
en:havel-largo_desolato:0:shuff:425,cs:havel-largo_desolato:0:shuff:418,tried,try,pokusil,pokusit,pf
en:havel-largo_desolato:0:shuff:425,cs:havel-largo_desolato:0:shuff:418,explain,explain,vysvětlit,vysvětlit,pf
en:havel-largo_desolato:0:shuff:425,cs:havel-largo_desolato:0:shuff:418,make,make,pochopila,pochopit,pf
en:havel-largo_desolato:0:shuff:425,cs:havel-largo_desolato:0:shuff:418,making,make,pochopila,pochopit,pf
en:havel-largo_desolato:0:shuff:431,cs:havel-largo_desolato:0:shuff:423,shuts,shut,zavře,zavřít,pf
en:havel-largo_desolato:0:shuff:431,cs:havel-largo_desolato:0:shuff:423,puts,put,uloží,uložit,pf
en:havel-largo_desolato:0:shuff:431,cs:havel-largo_desolato:0:shuff:423,continues,continue,pokračuje,pokračovat,impf
en:havel-largo_desolato:0:shuff:432,cs:havel-largo_desolato:0:shuff:424,comes,come,dojde,dojít,pf
en:havel-largo_desolato:0:shuff:432,cs:havel-largo_desolato:0:shuff:424,goes,go,odejde,odejít,pf
en:havel-largo_desolato:0:shuff:432,cs:havel-largo_desolato:0:shuff:424,leaving,leave,odejde,odejít,pf
en:havel-largo_desolato:0:shuff:432,cs:havel-largo_desolato:0:shuff:424,leaving,leave,nechá,nechat,pf
en:havel-largo_desolato:0:shuff:433,cs:havel-largo_desolato:0:shuff:425,think,think,myslím,myslet,impf
en:havel-largo_desolato:0:shuff:433,cs:havel-largo_desolato:0:shuff:425,done,do,dělat,dělat,impf
en:havel-largo_desolato:0:shuff:433,cs:havel-largo_desolato:0:shuff:425,done,do,dělat,dělat,impf
en:havel-largo_desolato:0:shuff:433,cs:havel-largo_desolato:0:shuff:425,done,do,dělá,dělat,impf
en:havel-largo_desolato:0:shuff:433,cs:havel-largo_desolato:0:shuff:425,done,do,dělá,dělat,impf
en:havel-largo_desolato:0:shuff:444,cs:havel-largo_desolato:0:shuff:437,taking,take,dělat,dělat,impf
en:havel-largo_desolato:0:shuff:448,cs:havel-largo_desolato:0:shuff:441,seems,seem,zdá,zdát,impf
en:havel-largo_desolato:0:shuff:448,cs:havel-largo_desolato:0:shuff:441,take,take,podniklo,podniknout,pf
en:havel-largo_desolato:0:shuff:448,cs:havel-largo_desolato:0:shuff:441,take,take,zabralo,zabrat,pf
en:havel-largo_desolato:0:shuff:450,cs:havel-largo_desolato:0:shuff:443,worry,worry,bojíme,bát,impf
en:havel-largo_desolato:0:shuff:452,cs:havel-largo_desolato:0:shuff:445,understand,understand,Chápu,chápat,impf
en:havel-largo_desolato:0:shuff:454,cs:havel-largo_desolato:0:shuff:447,did,do,dělal,dělat,impf
en:havel-largo_desolato:0:shuff:454,cs:havel-largo_desolato:0:shuff:447,doing,do,dělal,dělat,impf
en:havel-largo_desolato:0:shuff:454,cs:havel-largo_desolato:0:shuff:447,doing,do,dělal,dělat,impf
en:havel-largo_desolato:0:shuff:454,cs:havel-largo_desolato:0:shuff:447,did,do,udělal,udělat,pf
en:havel-largo_desolato:0:shuff:454,cs:havel-largo_desolato:0:shuff:447,doing,do,udělal,udělat,pf
en:havel-largo_desolato:0:shuff:454,cs:havel-largo_desolato:0:shuff:447,doing,do,udělal,udělat,pf
en:havel-largo_desolato:0:shuff:454,cs:havel-largo_desolato:0:shuff:447,did,do,způsobil,způsobit,pf
en:havel-largo_desolato:0:shuff:454,cs:havel-largo_desolato:0:shuff:447,doing,do,způsobil,způsobit,pf
en:havel-largo_desolato:0:shuff:454,cs:havel-largo_desolato:0:shuff:447,doing,do,způsobil,způsobit,pf
en:havel-largo_desolato:0:shuff:458,cs:havel-largo_desolato:0:shuff:450,jumps,jump,vyskočí,vyskočit,pf
en:havel-largo_desolato:0:shuff:463,cs:havel-largo_desolato:0:shuff:458,rid,rid,zbavit,zbavit,pf
en:havel-largo_desolato:0:shuff:464,cs:havel-largo_desolato:0:shuff:459,give,give,dal,dát,pf
en:havel-largo_desolato:0:shuff:468,cs:havel-largo_desolato:0:shuff:464,saying,say,Neříkám,říkat,impf
en:havel-largo_desolato:0:shuff:474,cs:havel-largo_desolato:0:shuff:470,saying,say,Říkal,říkat,impf
en:havel-largo_desolato:0:shuff:474,cs:havel-largo_desolato:0:shuff:470,want,want,žádáme,žádat,impf
en:havel-largo_desolato:0:shuff:476,cs:havel-largo_desolato:0:shuff:472,saying,say,říkal,říkat,impf
en:havel-largo_desolato:0:shuff:483,cs:havel-largo_desolato:0:shuff:478,came,come,přišli,přijít,pf
en:havel-largo_desolato:0:shuff:490,cs:havel-largo_desolato:0:shuff:485,jumps,jump,vyskočí,vyskočit,pf
en:havel-largo_desolato:0:shuff:492,cs:havel-largo_desolato:0:shuff:487,goes,go,jde,jít,impf
en:havel-largo_desolato:0:shuff:492,cs:havel-largo_desolato:0:shuff:487,looks,look,dívá,dívat,impf
en:havel-largo_desolato:0:shuff:492,cs:havel-largo_desolato:0:shuff:487,turns,turn,otočí,otočit,pf
en:havel-largo_desolato:0:shuff:493,cs:havel-largo_desolato:0:shuff:488,tell,tell,říkal,říkat,impf
en:havel-largo_desolato:0:shuff:494,cs:havel-largo_desolato:0:shuff:489,opens,open,otvírá,otvírat,impf
en:havel-largo_desolato:0:shuff:501,cs:havel-largo_desolato:0:shuff:496,sleep,sleep,spal,spát,impf
en:havel-largo_desolato:0:shuff:505,cs:havel-largo_desolato:0:shuff:499,woke,wake,probudil,probudit,pf
en:havel-largo_desolato:0:shuff:515,cs:havel-largo_desolato:0:shuff:511,staying,stay,Zůstanu,zůstat,pf
en:havel-largo_desolato:0:shuff:517,cs:havel-largo_desolato:0:shuff:513,breathes,breathe,nadechne,nadechnout,pf
en:havel-largo_desolato:0:shuff:517,cs:havel-largo_desolato:0:shuff:513,opens,open,otevře,otevřít,pf
en:havel-largo_desolato:0:shuff:518,cs:havel-largo_desolato:0:shuff:514,enter,enter,Vstoupí,vstoupit,pf
en:havel-largo_desolato:0:shuff:524,cs:havel-largo_desolato:0:shuff:520,suppose,suppose,Předpokládám,předpokládat,impf
en:havel-largo_desolato:0:shuff:529,cs:havel-largo_desolato:0:shuff:526,nods,nod,přikývne,přikývnout,pf
en:havel-largo_desolato:0:shuff:534,cs:havel-largo_desolato:0:shuff:533,hesitates,hesitate,váhá,váhat,impf
en:havel-largo_desolato:0:shuff:534,cs:havel-largo_desolato:0:shuff:533,opens,open,otevře,otevřít,pf
en:havel-largo_desolato:0:shuff:543,cs:havel-largo_desolato:0:shuff:542,mean,mean,myslím,myslet,impf
en:havel-largo_desolato:0:shuff:543,cs:havel-largo_desolato:0:shuff:542,mean,mean,myslím,myslet,impf
en:havel-largo_desolato:0:shuff:543,cs:havel-largo_desolato:0:shuff:542,points,point,ukáže,ukázat,pf
en:havel-largo_desolato:0:shuff:545,cs:havel-largo_desolato:0:shuff:544,going,go,nejde,jít,impf
en:havel-largo_desolato:0:shuff:545,cs:havel-largo_desolato:0:shuff:544,talk,talk,mluvit,mluvit,impf
en:havel-largo_desolato:0:shuff:554,cs:havel-largo_desolato:0:shuff:553,get,get,Sehnalas,sehnat,pf
en:havel-largo_desolato:0:shuff:560,cs:havel-largo_desolato:0:shuff:559,approaches,approach,přistoupí,přistoupit,pf
en:havel-largo_desolato:0:shuff:570,cs:havel-largo_desolato:0:shuff:568,believe,believe,nevěřím,věřit,impf
en:havel-largo_desolato:0:shuff:571,cs:havel-largo_desolato:0:shuff:569,achieved,achieve,vykonal,vykonat,pf
en:havel-largo_desolato:0:shuff:582,cs:havel-largo_desolato:0:shuff:580,approaches,approach,přistoupí,přistoupit,pf
en:havel-largo_desolato:0:shuff:582,cs:havel-largo_desolato:0:shuff:580,hesitating,hesitate,váhá,váhat,impf
en:havel-largo_desolato:0:shuff:585,cs:havel-largo_desolato:0:shuff:582,turns,turn,otočí,otočit,pf
en:havel-largo_desolato:0:shuff:600,cs:havel-largo_desolato:0:shuff:598,explain,explain,vysvětlím,vysvětlit,pf
en:havel-largo_desolato:0:shuff:602,cs:havel-largo_desolato:0:shuff:600,promise,promise,slíbil,slíbit,pf
en:havel-largo_desolato:0:shuff:610,cs:havel-largo_desolato:0:shuff:608,put,put,řekl,říci,pf
en:havel-largo_desolato:0:shuff:617,cs:havel-largo_desolato:0:shuff:614,speaking,speak,říkám,říkat,impf
en:havel-largo_desolato:0:shuff:647,cs:havel-largo_desolato:0:shuff:640,go,go,nechodíš,chodit,impf
en:havel-largo_desolato:0:shuff:649,cs:havel-largo_desolato:0:shuff:642,help,help,pomoct,pomoci,pf
en:havel-largo_desolato:0:shuff:653,cs:havel-largo_desolato:0:shuff:646,sound,sound,znít,znít,impf
en:havel-largo_desolato:0:shuff:655,cs:havel-largo_desolato:0:shuff:648,tell,tell,řekněte,říci,pf
en:havel-largo_desolato:0:shuff:664,cs:havel-largo_desolato:0:shuff:657,begin,begin,začala,začít,pf
en:havel-largo_desolato:0:shuff:672,cs:havel-largo_desolato:0:shuff:664,goes,go,odejde,odejít,pf
en:havel-largo_desolato:0:shuff:685,cs:havel-largo_desolato:0:shuff:676,closing,close,zavře,zavřít,pf
en:havel-largo_desolato:0:shuff:700,cs:havel-largo_desolato:0:shuff:692,sit,sit,Neposadíš,posadit,pf
en:havel-largo_desolato:0:shuff:706,cs:havel-largo_desolato:0:shuff:698,get,get,Přinesu,přinést,pf
en:havel-largo_desolato:0:shuff:713,cs:havel-largo_desolato:0:shuff:705,hear,hear,Slyšela,slyšet,impf
en:havel-largo_desolato:0:shuff:715,cs:havel-largo_desolato:0:shuff:707,go,go,jít,jít,impf
en:havel-largo_desolato:0:shuff:746,cs:havel-largo_desolato:0:shuff:742,hears,hear,uslyší,uslyšet,pf
en:havel-largo_desolato:0:shuff:748,cs:havel-largo_desolato:0:shuff:744,hesitates,hesitate,váhá,váhat,impf
en:havel-largo_desolato:0:shuff:748,cs:havel-largo_desolato:0:shuff:744,approaches,approach,přistoupí,přistoupit,pf
en:havel-largo_desolato:0:shuff:748,cs:havel-largo_desolato:0:shuff:744,looks,look,podívá,podívat,pf
en:havel-largo_desolato:0:shuff:749,cs:havel-largo_desolato:0:shuff:745,calms,calm,Uklidněn,uklidnit,pf
en:havel-largo_desolato:0:shuff:749,cs:havel-largo_desolato:0:shuff:745,opens,open,otevře,otevřít,pf
en:havel-largo_desolato:0:shuff:750,cs:havel-largo_desolato:0:shuff:746,enters,enter,Vstoupí,vstoupit,pf
en:havel-largo_desolato:0:shuff:752,cs:havel-largo_desolato:0:shuff:748,takes,take,vezme,vzít,pf
en:havel-largo_desolato:0:shuff:752,cs:havel-largo_desolato:0:shuff:748,lights,light,zapálí,zapálit,pf
en:havel-largo_desolato:0:shuff:754,cs:havel-largo_desolato:0:shuff:750,need,need,Nepotřebujete,potřebovat,impf
en:havel-largo_desolato:0:shuff:756,cs:havel-largo_desolato:0:shuff:752,mean,mean,Myslíte,myslet,impf
en:havel-largo_desolato:0:shuff:758,cs:havel-largo_desolato:0:shuff:754,need,need,potřeboval,potřebovat,impf
en:havel-largo_desolato:0:shuff:758,cs:havel-largo_desolato:0:shuff:754,get,get,sehnat,sehnat,pf
en:havel-largo_desolato:0:shuff:762,cs:havel-largo_desolato:0:shuff:758,work,work,Děláme,dělat,impf
en:havel-largo_desolato:0:shuff:771,cs:havel-largo_desolato:0:shuff:767,watching,watch,dívají,dívat,impf
en:havel-largo_desolato:0:shuff:786,cs:havel-largo_desolato:0:shuff:782,say,say,říkám,říkat,impf
en:havel-largo_desolato:0:shuff:786,cs:havel-largo_desolato:0:shuff:782,expected,expect,neočekával,očekávat,impf
en:havel-largo_desolato:0:shuff:786,cs:havel-largo_desolato:0:shuff:782,do,do,studoval,studovat,impf
en:havel-largo_desolato:0:shuff:786,cs:havel-largo_desolato:0:shuff:782,studying,study,studoval,studovat,impf
en:havel-largo_desolato:0:shuff:786,cs:havel-largo_desolato:0:shuff:782,taking,take,studoval,studovat,impf
en:havel-largo_desolato:0:shuff:786,cs:havel-largo_desolato:0:shuff:782,do,do,dělal,dělat,impf
en:havel-largo_desolato:0:shuff:786,cs:havel-largo_desolato:0:shuff:782,making,make,dělal,dělat,impf
en:havel-largo_desolato:0:shuff:786,cs:havel-largo_desolato:0:shuff:782,taking,take,dělal,dělat,impf
en:havel-largo_desolato:0:shuff:786,cs:havel-largo_desolato:0:shuff:782,browse,browse,procházel,procházet,impf
en:havel-largo_desolato:0:shuff:786,cs:havel-largo_desolato:0:shuff:782,studying,study,přemýšlel,přemýšlet,impf
en:havel-largo_desolato:0:shuff:786,cs:havel-largo_desolato:0:shuff:782,meditating,meditate,přemýšlel,přemýšlet,impf
en:havel-largo_desolato:0:shuff:791,cs:havel-largo_desolato:0:shuff:787,told,tell,Říkali,říkat,impf
en:havel-largo_desolato:0:shuff:795,cs:havel-largo_desolato:0:shuff:791,Thank,thank,Děkuji,děkovat,impf
en:havel-largo_desolato:0:shuff:797,cs:havel-largo_desolato:0:shuff:793,expecting,expect,Nečekal,čekat,impf
en:havel-largo_desolato:0:shuff:802,cs:havel-largo_desolato:0:shuff:798,Reaching,reach,dojde,dojít,pf
en:havel-largo_desolato:0:shuff:802,cs:havel-largo_desolato:0:shuff:798,stops,stop,zarazí,zarazit,pf
en:havel-largo_desolato:0:shuff:802,cs:havel-largo_desolato:0:shuff:798,looks,look,nahlédne,nahlédnout,pf
en:havel-largo_desolato:0:shuff:802,cs:havel-largo_desolato:0:shuff:798,hidden,hide,ukryty,ukrýt,pf
en:havel-largo_desolato:0:shuff:802,cs:havel-largo_desolato:0:shuff:798,takes,take,vyndá,vyndat,pf
en:havel-largo_desolato:0:shuff:802,cs:havel-largo_desolato:0:shuff:798,takes,take,vyndá,vyndat,pf
en:havel-largo_desolato:0:shuff:802,cs:havel-largo_desolato:0:shuff:798,leaving,leave,nechá,nechat,pf
en:havel-largo_desolato:0:shuff:804,cs:havel-largo_desolato:0:shuff:800,closes,close,zavře,zavřít,pf
en:havel-largo_desolato:0:shuff:805,cs:havel-largo_desolato:0:shuff:801,hurt,hurt,zranil,zranit,pf
en:havel-largo_desolato:0:shuff:815,cs:havel-largo_desolato:0:shuff:809,speaking,speak,Neříkám,říkat,impf
en:havel-largo_desolato:0:shuff:817,cs:havel-largo_desolato:0:shuff:811,keeping,keep,nechat,nechat,pf
en:havel-largo_desolato:0:shuff:817,cs:havel-largo_desolato:0:shuff:811,keep,keep,nechat,nechat,pf
en:havel-largo_desolato:0:shuff:819,cs:havel-largo_desolato:0:shuff:813,decide,decide,rozhodl,rozhodnout,pf
en:havel-largo_desolato:0:shuff:828,cs:havel-largo_desolato:0:shuff:822,avoid,avoid,vyhýbám,vyhýbat,impf
en:havel-largo_desolato:0:shuff:832,cs:havel-largo_desolato:0:shuff:826,taught,teach,naučila,naučit,pf
en:havel-largo_desolato:0:shuff:833,cs:havel-largo_desolato:0:shuff:827,say,say,vyjádřím,vyjádřit,pf
en:havel-largo_desolato:0:shuff:833,cs:havel-largo_desolato:0:shuff:827,saying,say,vyjádřím,vyjádřit,pf
en:havel-largo_desolato:0:shuff:833,cs:havel-largo_desolato:0:shuff:827,feel,feel,cítím,cítit,impf
en:havel-largo_desolato:0:shuff:833,cs:havel-largo_desolato:0:shuff:827,feel,feel,necítím,cítit,impf
en:havel-largo_desolato:0:shuff:835,cs:havel-largo_desolato:0:shuff:829,think,think,nepovažuješ,považovat,impf
en:havel-largo_desolato:0:shuff:838,cs:havel-largo_desolato:0:shuff:832,raise,raise,nevyvolával,vyvolávat,impf
en:havel-largo_desolato:0:shuff:838,cs:havel-largo_desolato:0:shuff:832,mean,mean,neznamená,znamenat,impf
en:havel-largo_desolato:0:shuff:838,cs:havel-largo_desolato:0:shuff:832,creating,create,vytvořit,vytvořit,pf
en:havel-largo_desolato:0:shuff:840,cs:havel-largo_desolato:0:shuff:834,creating,create,vytváříte,vytvářet,impf
en:havel-largo_desolato:0:shuff:840,cs:havel-largo_desolato:0:shuff:834,understanding,understand,chápete,chápat,impf
en:havel-largo_desolato:0:shuff:840,cs:havel-largo_desolato:0:shuff:834,forgive,forgive,promiňte,prominout,pf
en:havel-largo_desolato:0:shuff:840,cs:havel-largo_desolato:0:shuff:834,talking,talk,mluvím,mluvit,impf
en:havel-largo_desolato:0:shuff:843,cs:havel-largo_desolato:0:shuff:837,Drink,drink,napijte,napít,pf
en:havel-largo_desolato:0:shuff:848,cs:havel-largo_desolato:0:shuff:842,goes,go,odejde,odejít,pf
en:havel-largo_desolato:0:shuff:848,cs:havel-largo_desolato:0:shuff:842,wearing,wear,nemá,mít,impf
en:havel-largo_desolato:0:shuff:849,cs:havel-largo_desolato:0:shuff:843,sits,sit,Usedne,usednout,pf
en:havel-largo_desolato:0:shuff:849,cs:havel-largo_desolato:0:shuff:843,smiles,smile,usměje,usmát,pf
en:havel-largo_desolato:0:shuff:860,cs:havel-largo_desolato:0:shuff:854,read,read,přečetla,přečíst,pf
en:havel-largo_desolato:0:shuff:868,cs:havel-largo_desolato:0:shuff:862,pass,pass,předat,předat,pf
en:havel-largo_desolato:0:shuff:873,cs:havel-largo_desolato:0:shuff:867,turns,turn,obrátí,obrátit,pf
en:havel-largo_desolato:0:shuff:876,cs:havel-largo_desolato:0:shuff:870,comes,come,přichází,přicházet,impf
en:havel-largo_desolato:0:shuff:877,cs:havel-largo_desolato:0:shuff:871,looks,look,pohlédne,pohlédnout,pf
en:havel-largo_desolato:0:shuff:882,cs:havel-largo_desolato:0:shuff:877,sits,sit,usedne,usednout,pf
en:havel-largo_desolato:0:shuff:886,cs:havel-largo_desolato:0:shuff:881,thank,thank,děkuji,děkovat,impf
en:havel-largo_desolato:0:shuff:889,cs:havel-largo_desolato:0:shuff:884,pours,pour,naleje,nalít,pf
en:havel-largo_desolato:0:shuff:889,cs:havel-largo_desolato:0:shuff:884,remained,remain,zbyla,zbýt,pf
en:havel-largo_desolato:0:shuff:891,cs:havel-largo_desolato:0:shuff:886,thank,thank,děkuji,děkovat,impf
en:havel-largo_desolato:0:shuff:905,cs:havel-largo_desolato:0:shuff:901,rubbing,rub,tře,třít,impf
en:havel-largo_desolato:0:shuff:913,cs:havel-largo_desolato:0:shuff:905,understand,understand,Chápu,chápat,impf
en:havel-largo_desolato:0:shuff:921,cs:havel-largo_desolato:0:shuff:911,carrying,carry,nese,nést,impf
en:havel-largo_desolato:0:shuff:924,cs:havel-largo_desolato:0:shuff:913,enter,enter,Vstoupí,vstoupit,pf
en:havel-largo_desolato:0:shuff:925,cs:havel-largo_desolato:0:shuff:914,closes,close,zavře,zavřít,pf
en:havel-largo_desolato:0:shuff:926,cs:havel-largo_desolato:0:shuff:915,doubt,doubt,nepochybuješ,pochybovat,impf
en:havel-largo_desolato:0:shuff:932,cs:havel-largo_desolato:0:shuff:924,rubbing,rub,tře,třít,impf
en:havel-largo_desolato:0:shuff:946,cs:havel-largo_desolato:0:shuff:938,asking,ask,Ptám,ptát,impf
en:havel-largo_desolato:0:shuff:951,cs:havel-largo_desolato:0:shuff:943,mean,mean,Znamená,znamenat,impf
en:havel-largo_desolato:0:shuff:954,cs:havel-largo_desolato:0:shuff:946,like,like,chcete,chtít,impf
en:havel-largo_desolato:0:shuff:955,cs:havel-largo_desolato:0:shuff:947,wrote,write,napsal,napsat,pf
en:havel-largo_desolato:0:shuff:959,cs:havel-largo_desolato:0:shuff:952,lose,lose,neztrácíš,ztrácet,impf
en:havel-largo_desolato:0:shuff:959,cs:havel-largo_desolato:0:shuff:952,do,do,uděláš,udělat,pf
en:havel-largo_desolato:0:shuff:959,cs:havel-largo_desolato:0:shuff:952,making,make,uděláš,udělat,pf
en:havel-largo_desolato:0:shuff:959,cs:havel-largo_desolato:0:shuff:952,do,do,uděláš,udělat,pf
en:havel-largo_desolato:0:shuff:960,cs:havel-largo_desolato:0:shuff:953,came,come,přišli,přijít,pf
en:havel-largo_desolato:0:shuff:963,cs:havel-largo_desolato:0:shuff:956,seen,see,vidět,vidět,impf
en:havel-largo_desolato:0:shuff:963,cs:havel-largo_desolato:0:shuff:956,putting,put,ukládají,ukládat,impf
en:havel-largo_desolato:0:shuff:963,cs:havel-largo_desolato:0:shuff:956,quarrelling,quarrel,hádají,hádat,impf
en:havel-largo_desolato:0:shuff:964,cs:havel-largo_desolato:0:shuff:957,notices,notice,všimne,všimnout,pf
en:havel-largo_desolato:0:shuff:964,cs:havel-largo_desolato:0:shuff:957,fills,fill,naleje,nalít,pf
en:havel-largo_desolato:0:shuff:972,cs:havel-largo_desolato:0:shuff:965,bring,bring,přinesem,přinést,pf
en:havel-largo_desolato:0:shuff:982,cs:havel-largo_desolato:0:shuff:975,Thank,thank,Děkuji,děkovat,impf
en:havel-largo_desolato:0:shuff:984,cs:havel-largo_desolato:0:shuff:977,expecting,expect,čekáte,čekat,impf
en:havel-largo_desolato:0:shuff:1002,cs:havel-largo_desolato:0:shuff:995,wrote,write,napsal,napsat,pf
en:havel-largo_desolato:0:shuff:1004,cs:havel-largo_desolato:0:shuff:997,admit,admit,Uznáte,uznat,pf
en:havel-largo_desolato:0:shuff:1006,cs:havel-largo_desolato:0:shuff:999,understand,understand,Nechápu,chápat,impf
en:havel-largo_desolato:0:shuff:1006,cs:havel-largo_desolato:0:shuff:999,achieve,achieve,dosáhnete,dosáhnout,pf
en:havel-largo_desolato:0:shuff:1006,cs:havel-largo_desolato:0:shuff:999,proposing,propose,navrhujete,navrhovat,impf
en:havel-largo_desolato:0:shuff:1006,cs:havel-largo_desolato:0:shuff:999,do,do,neděláte,dělat,impf
en:havel-largo_desolato:0:shuff:1006,cs:havel-largo_desolato:0:shuff:999,do,do,neděláte,dělat,impf
en:havel-largo_desolato:0:shuff:1008,cs:havel-largo_desolato:0:shuff:1001,think,think,Myslím,myslet,impf
en:havel-largo_desolato:0:shuff:1010,cs:havel-largo_desolato:0:shuff:1003,Use,use,Použijte,použít,pf
en:havel-largo_desolato:0:shuff:1016,cs:havel-largo_desolato:0:shuff:1009,Thank,thank,děkuji,děkovat,impf
en:havel-largo_desolato:0:shuff:1017,cs:havel-largo_desolato:0:shuff:1010,takes,take,vyndá,vyndat,pf
en:havel-largo_desolato:0:shuff:1023,cs:havel-largo_desolato:0:shuff:1017,taking,take,nosí,nosit,impf
en:havel-largo_desolato:0:shuff:1023,cs:havel-largo_desolato:0:shuff:1017,carrying,carry,nosí,nosit,impf
en:havel-largo_desolato:0:shuff:1023,cs:havel-largo_desolato:0:shuff:1017,taking,take,skládají,skládat,impf
en:havel-largo_desolato:0:shuff:1024,cs:havel-largo_desolato:0:shuff:1018,joined,join,přidá,přidat,pf
en:havel-largo_desolato:0:shuff:1025,cs:havel-largo_desolato:0:shuff:1019,closes,close,zavře,zavřít,pf
en:havel-largo_desolato:0:shuff:1026,cs:havel-largo_desolato:0:shuff:1020,sit,sit,usednou,usednout,pf
en:havel-largo_desolato:0:shuff:1027,cs:havel-largo_desolato:0:shuff:1021,sits,sit,usedne,usednout,pf
en:havel-largo_desolato:0:shuff:1028,cs:havel-largo_desolato:0:shuff:1022,rubbing,rub,tře,třít,impf
en:havel-largo_desolato:0:shuff:1035,cs:havel-largo_desolato:0:shuff:1026,understand,understand,Chápu,chápat,impf
en:havel-largo_desolato:0:shuff:1037,cs:havel-largo_desolato:0:shuff:1028,speaking,speak,Neříkám,říkat,impf
en:havel-largo_desolato:0:shuff:1043,cs:havel-largo_desolato:0:shuff:1034,take,take,vzít,vzít,pf
en:havel-largo_desolato:0:shuff:1047,cs:havel-largo_desolato:0:shuff:1037,got,get,zůstala,zůstat,pf
en:havel-largo_desolato:0:shuff:1047,cs:havel-largo_desolato:0:shuff:1037,stay,stay,zůstala,zůstat,pf
en:havel-largo_desolato:0:shuff:1051,cs:havel-largo_desolato:0:shuff:1041,waiting,wait,očekává,očekávat,impf
en:havel-largo_desolato:0:shuff:1053,cs:havel-largo_desolato:0:shuff:1043,find,find,najdete,najít,pf
en:havel-largo_desolato:0:shuff:1058,cs:havel-largo_desolato:0:shuff:1048,rang,ring,Zvoním,zvonit,impf
en:havel-largo_desolato:0:shuff:1064,cs:havel-largo_desolato:0:shuff:1056,opens,open,otvírá,otvírat,impf
en:havel-largo_desolato:0:shuff:1066,cs:havel-largo_desolato:0:shuff:1058,sits,sit,sedne,sednout,pf
en:havel-largo_desolato:0:shuff:1088,cs:havel-largo_desolato:0:shuff:1080,puts,put,uloží,uložit,pf
en:havel-largo_desolato:0:shuff:1088,cs:havel-largo_desolato:0:shuff:1080,continues,continue,pokračuje,pokračovat,impf
en:havel-largo_desolato:0:shuff:1088,cs:havel-largo_desolato:0:shuff:1080,goes,go,pokračuje,pokračovat,impf
en:havel-largo_desolato:0:shuff:1088,cs:havel-largo_desolato:0:shuff:1080,looks,look,podívá,podívat,pf
en:havel-largo_desolato:0:shuff:1088,cs:havel-largo_desolato:0:shuff:1080,leaving,leave,nechá,nechat,pf
en:havel-largo_desolato:0:shuff:1091,cs:havel-largo_desolato:0:shuff:1083,running,run,teče,téci,impf
en:havel-largo_desolato:0:shuff:1091,cs:havel-largo_desolato:0:shuff:1083,hear,hear,neslyší,slyšet,impf
en:havel-largo_desolato:0:shuff:1093,cs:havel-largo_desolato:0:shuff:1085,wrapped,wrap,zabalen,zabalit,pf
en:havel-largo_desolato:0:shuff:1094,cs:havel-largo_desolato:0:shuff:1086,crying,cry,pláčeš,plakat,impf
en:havel-largo_desolato:0:shuff:1096,cs:havel-largo_desolato:0:shuff:1088,crying,cry,pláčeš,plakat,impf
en:havel-largo_desolato:0:shuff:1098,cs:havel-largo_desolato:0:shuff:1090,cry,cry,Neplač,plakat,impf
en:havel-largo_desolato:0:shuff:1101,cs:havel-largo_desolato:0:shuff:1094,approached,approach,přiblížil,přiblížit,pf
en:havel-largo_desolato:0:shuff:1101,cs:havel-largo_desolato:0:shuff:1094,touched,touch,sahá,sahat,impf
en:havel-largo_desolato:0:shuff:1102,cs:havel-largo_desolato:0:shuff:1095,turns,turn,otočí,otočit,pf
en:havel-largo_desolato:0:shuff:1102,cs:havel-largo_desolato:0:shuff:1095,cries,cry,zvolá,zvolat,pf
en:havel-largo_desolato:0:shuff:1104,cs:havel-largo_desolato:0:shuff:1097,touch,touch,Nedotýkej,dotýkat,impf
en:havel-largo_desolato:0:shuff:1106,cs:havel-largo_desolato:0:shuff:1099,reaches,reach,dojde,dojít,pf
en:havel-largo_desolato:0:shuff:1106,cs:havel-largo_desolato:0:shuff:1099,hidden,hide,ukryty,ukrýt,pf
en:havel-largo_desolato:0:shuff:1107,cs:havel-largo_desolato:0:shuff:1100,sits,sit,usedne,usednout,pf
en:havel-largo_desolato:0:shuff:1107,cs:havel-largo_desolato:0:shuff:1100,opens,open,otevře,otevřít,pf
en:havel-largo_desolato:0:shuff:1108,cs:havel-largo_desolato:0:shuff:1101,hesitates,hesitate,váhá,váhat,impf
en:havel-largo_desolato:0:shuff:1108,cs:havel-largo_desolato:0:shuff:1101,prepares,prepare,připraví,připravit,pf
en:havel-largo_desolato:0:shuff:1108,cs:havel-largo_desolato:0:shuff:1101,swallows,swallow,spolkne,spolknout,pf
en:havel-largo_desolato:0:shuff:1109,cs:havel-largo_desolato:0:shuff:1102,love,love,Milujete,milovat,impf
en:havel-largo_desolato:0:shuff:1113,cs:havel-largo_desolato:0:shuff:1106,tell,tell,Neříkejte,říkat,impf
en:havel-largo_desolato:0:shuff:1113,cs:havel-largo_desolato:0:shuff:1106,felt,feel,necítil,cítit,impf
en:havel-largo_desolato:0:shuff:1117,cs:havel-largo_desolato:0:shuff:1110,need,need,Potřebujete,potřebovat,impf
en:havel-largo_desolato:0:shuff:1119,cs:havel-largo_desolato:0:shuff:1112,write,write,nenapsal,napsat,pf
en:havel-largo_desolato:0:shuff:1120,cs:havel-largo_desolato:0:shuff:1113,give,give,dá,dát,pf
en:havel-largo_desolato:0:shuff:1120,cs:havel-largo_desolato:0:shuff:1113,stand,stand,snášet,snášet,impf
en:havel-largo_desolato:0:shuff:1142,cs:havel-largo_desolato:0:shuff:1135,open,open,otevřít,otevřít,pf
en:havel-largo_desolato:0:shuff:1146,cs:havel-largo_desolato:0:shuff:1139,falls,fall,padá,padat,impf
en:havel-largo_desolato:0:shuff:1151,cs:havel-largo_desolato:0:shuff:1145,reaches,reach,dojde,dojít,pf
en:havel-largo_desolato:0:shuff:1151,cs:havel-largo_desolato:0:shuff:1145,looks,look,nahlédne,nahlédnout,pf
en:havel-largo_desolato:0:shuff:1154,cs:havel-largo_desolato:0:shuff:1148,taken,take,vzal,vzít,pf
en:havel-largo_desolato:0:shuff:1154,cs:havel-largo_desolato:0:shuff:1148,taken,take,unést,unést,pf
en:havel-largo_desolato:0:shuff:1154,cs:havel-largo_desolato:0:shuff:1148,bear,bear,unést,unést,pf
en:havel-largo_desolato:0:shuff:1156,cs:havel-largo_desolato:0:shuff:1150,believe,believe,Věřím,věřit,impf
en:havel-largo_desolato:0:shuff:1172,cs:havel-largo_desolato:0:shuff:1165,come,come,dojít,dojít,pf
en:havel-largo_desolato:0:shuff:1174,cs:havel-largo_desolato:0:shuff:1167,ask,ask,poprosíme,poprosit,pf
en:havel-largo_desolato:0:shuff:1174,cs:havel-largo_desolato:0:shuff:1167,leave,leave,odešla,odejít,pf
en:havel-largo_desolato:0:shuff:1176,cs:havel-largo_desolato:0:shuff:1169,staying,stay,Zůstanu,zůstat,pf
en:havel-largo_desolato:0:shuff:1182,cs:havel-largo_desolato:0:shuff:1175,want,want,chtěli,chtít,impf
en:havel-largo_desolato:0:shuff:1184,cs:havel-largo_desolato:0:shuff:1177,negotiate,negotiate,Vyjednávat,vyjednávat,impf
en:havel-largo_desolato:0:shuff:1186,cs:havel-largo_desolato:0:shuff:1179,sign,sign,Podepsal,podepsat,pf
en:havel-largo_desolato:0:shuff:1192,cs:havel-largo_desolato:0:shuff:1185,say,say,neřeknou,říci,pf
en:havel-largo_desolato:0:shuff:1196,cs:havel-largo_desolato:0:shuff:1189,leave,leave,neodejdu,odejít,pf
en:havel-largo_desolato:0:shuff:1201,cs:havel-largo_desolato:0:shuff:1194,asking,ask,ptala,ptát,impf
en:havel-largo_desolato:0:shuff:1211,cs:havel-largo_desolato:0:shuff:1204,ask,ask,zeptat,zeptat,pf
en:havel-largo_desolato:0:shuff:1211,cs:havel-largo_desolato:0:shuff:1204,writing,write,píšete,psát,impf
en:havel-largo_desolato:0:shuff:1215,cs:havel-largo_desolato:0:shuff:1208,asking,ask,Zeptat,zeptat,pf
en:havel-largo_desolato:0:shuff:1222,cs:havel-largo_desolato:0:shuff:1215,think,think,Myslím,myslet,impf
en:havel-largo_desolato:0:shuff:1222,cs:havel-largo_desolato:0:shuff:1215,coming,come,jde,jít,impf
en:havel-largo_desolato:0:shuff:1224,cs:havel-largo_desolato:0:shuff:1217,hear,hear,neslyším,slyšet,impf
en:havel-largo_desolato:0:shuff:1228,cs:havel-largo_desolato:0:shuff:1221,looks,look,podívá,podívat,pf
en:havel-largo_desolato:0:shuff:1229,cs:havel-largo_desolato:0:shuff:1222,calms,calm,Uklidněn,uklidnit,pf
en:havel-largo_desolato:0:shuff:1229,cs:havel-largo_desolato:0:shuff:1222,turns,turn,obrátí,obrátit,pf
en:havel-largo_desolato:0:shuff:1232,cs:havel-largo_desolato:0:shuff:1225,opens,open,otevře,otevřít,pf
en:havel-largo_desolato:0:shuff:1232,cs:havel-largo_desolato:0:shuff:1225,comes,come,vstoupí,vstoupit,pf
en:havel-largo_desolato:0:shuff:1241,cs:havel-largo_desolato:0:shuff:1234,lent,lend,půjčil,půjčit,pf
en:havel-largo_desolato:0:shuff:1245,cs:havel-largo_desolato:0:shuff:1238,read,read,Četls,číst,impf
en:havel-largo_desolato:0:shuff:1247,cs:havel-largo_desolato:0:shuff:1240,tell,tell,řekl,říci,pf
en:havel-largo_desolato:0:shuff:1251,cs:havel-largo_desolato:0:shuff:1244,read,read,číst,číst,impf
en:havel-largo_desolato:0:shuff:1258,cs:havel-largo_desolato:0:shuff:1251,solve,solve,nevyřešíte,vyřešit,pf
en:havel-largo_desolato:0:shuff:1258,cs:havel-largo_desolato:0:shuff:1251,solve,solve,nevyřešíte,vyřešit,pf
en:havel-largo_desolato:0:shuff:1258,cs:havel-largo_desolato:0:shuff:1251,solve,solve,nevyřeší,vyřešit,pf
en:havel-largo_desolato:0:shuff:1258,cs:havel-largo_desolato:0:shuff:1251,solve,solve,nevyřeší,vyřešit,pf
en:havel-largo_desolato:0:shuff:1259,cs:havel-largo_desolato:0:shuff:1252,understand,understand,nechápete,chápat,impf
en:havel-largo_desolato:0:shuff:1259,cs:havel-largo_desolato:0:shuff:1252,Do,do,neudělal,udělat,pf
en:havel-largo_desolato:0:shuff:1259,cs:havel-largo_desolato:0:shuff:1252,done,do,neudělal,udělat,pf
en:havel-largo_desolato:0:shuff:1262,cs:havel-largo_desolato:0:shuff:1255,meet,meet,nepoznal,poznat,pf
en:havel-largo_desolato:0:shuff:1263,cs:havel-largo_desolato:0:shuff:1256,takes,take,uchopí,uchopit,pf
en:havel-largo_desolato:0:shuff:1263,cs:havel-largo_desolato:0:shuff:1256,kisses,kiss,políbí,políbit,pf
en:havel-largo_desolato:0:shuff:1275,cs:havel-largo_desolato:0:shuff:1268,gets,get,pochopí,pochopit,pf
en:havel-largo_desolato:0:shuff:1275,cs:havel-largo_desolato:0:shuff:1268,understand,understand,pochopí,pochopit,pf
en:havel-largo_desolato:0:shuff:1275,cs:havel-largo_desolato:0:shuff:1268,do,do,udělal,udělat,pf
en:havel-largo_desolato:0:shuff:1275,cs:havel-largo_desolato:0:shuff:1268,did,do,udělal,udělat,pf
en:havel-largo_desolato:0:shuff:1277,cs:havel-largo_desolato:0:shuff:1270,do,do,udělal,udělat,pf
en:havel-largo_desolato:0:shuff:1279,cs:havel-largo_desolato:0:shuff:1272,done,do,udělalo,udělat,pf
en:havel-largo_desolato:0:shuff:1279,cs:havel-largo_desolato:0:shuff:1272,done,do,udělalo,udělat,pf
en:havel-largo_desolato:0:shuff:1284,cs:havel-largo_desolato:0:shuff:1277,opens,open,otevře,otevřít,pf
en:havel-largo_desolato:0:shuff:1285,cs:havel-largo_desolato:0:shuff:1278,go,go,odejdou,odejít,pf
en:havel-largo_desolato:0:shuff:1286,cs:havel-largo_desolato:0:shuff:1279,closes,close,zavře,zavřít,pf
en:havel-largo_desolato:0:shuff:1286,cs:havel-largo_desolato:0:shuff:1279,leans,lean,opře,opřít,pf
en:havel-largo_desolato:0:shuff:1287,cs:havel-largo_desolato:0:shuff:1281,ask,ask,prosím,prosit,impf
en:havel-largo_desolato:0:shuff:1292,cs:havel-largo_desolato:0:shuff:1285,mean,mean,Myslí,myslet,impf
en:havel-largo_desolato:0:shuff:1298,cs:havel-largo_desolato:0:shuff:1293,want,want,chceš,chtít,impf
en:havel-largo_desolato:0:shuff:1300,cs:havel-largo_desolato:0:shuff:1295,sign,sign,Podepsals,podepsat,pf
en:havel-largo_desolato:0:shuff:1316,cs:havel-largo_desolato:0:shuff:1321,want,want,chceš,chtít,impf
en:havel-largo_desolato:0:shuff:1320,cs:havel-largo_desolato:0:shuff:1327,holding,hold,mám,mít,impf
en:havel-largo_desolato:0:shuff:1320,cs:havel-largo_desolato:0:shuff:1327,collapsing,collapse,hroutilo,hroutit,impf
en:havel-largo_desolato:0:shuff:1320,cs:havel-largo_desolato:0:shuff:1327,break,break,lámala,lámat,impf
en:havel-largo_desolato:0:shuff:1320,cs:havel-largo_desolato:0:shuff:1327,holding,hold,držela,držet,impf
en:havel-largo_desolato:0:shuff:1320,cs:havel-largo_desolato:0:shuff:1327,grow,grow,rostlo,růst,impf
en:havel-largo_desolato:0:shuff:1320,cs:havel-largo_desolato:0:shuff:1327,develop,develop,rozvíjelo,rozvíjet,impf
en:havel-largo_desolato:0:shuff:1320,cs:havel-largo_desolato:0:shuff:1327,doing,do,nedělám,dělat,impf
en:havel-largo_desolato:0:shuff:1320,cs:havel-largo_desolato:0:shuff:1327,going,go,nedělám,dělat,impf
en:havel-largo_desolato:0:shuff:1320,cs:havel-largo_desolato:0:shuff:1327,listening,listen,naslouchám,naslouchat,impf
en:havel-largo_desolato:0:shuff:1324,cs:havel-largo_desolato:0:shuff:1331,say,say,prohlásím,prohlásit,pf
en:havel-largo_desolato:0:shuff:1324,cs:havel-largo_desolato:0:shuff:1331,say,say,řeknu,říci,pf
en:havel-largo_desolato:0:shuff:1330,cs:havel-largo_desolato:0:shuff:1336,asking,ask,nepožadují,požadovat,impf
en:havel-largo_desolato:0:shuff:1330,cs:havel-largo_desolato:0:shuff:1336,want,want,potřebují,potřebovat,impf
en:havel-largo_desolato:0:shuff:1334,cs:havel-largo_desolato:0:shuff:1340,hold,hold,věří,věřit,impf
en:havel-largo_desolato:0:shuff:1334,cs:havel-largo_desolato:0:shuff:1340,hold,hold,nesli,nést,impf
en:havel-largo_desolato:0:shuff:1334,cs:havel-largo_desolato:0:shuff:1340,hold,hold,nevydržel,vydržet,pf
en:havel-largo_desolato:0:shuff:1334,cs:havel-largo_desolato:0:shuff:1340,failed,fail,selhal,selhat,pf
en:havel-largo_desolato:0:shuff:1338,cs:havel-largo_desolato:0:shuff:1344,put,put,řekl,říci,pf
en:havel-largo_desolato:0:shuff:1342,cs:havel-largo_desolato:0:shuff:1348,put,put,řekl,říci,pf
en:havel-largo_desolato:0:shuff:1344,cs:havel-largo_desolato:0:shuff:1350,put,put,řekl,říci,pf
en:havel-largo_desolato:0:shuff:1352,cs:havel-largo_desolato:0:shuff:1358,went,go,odešli,odejít,pf
en:havel-largo_desolato:0:shuff:1373,cs:havel-largo_desolato:0:shuff:1379,drink,drink,piješ,pít,impf
en:havel-largo_desolato:0:shuff:1386,cs:havel-largo_desolato:0:shuff:1392,dream,dream,Zdá,zdát,impf
en:havel-largo_desolato:0:shuff:1396,cs:havel-largo_desolato:0:shuff:1402,playing,play,hrát,hrát,impf
en:havel-largo_desolato:0:shuff:1402,cs:havel-largo_desolato:0:shuff:1408,understand,understand,Chápu,chápat,impf
en:havel-largo_desolato:0:shuff:1404,cs:havel-largo_desolato:0:shuff:1410,wrapped,wrap,zabalen,zabalit,pf
en:havel-largo_desolato:0:shuff:1419,cs:havel-largo_desolato:0:shuff:1424,steal,steal,ukradli,ukrást,pf
en:havel-largo_desolato:0:shuff:1421,cs:havel-largo_desolato:0:shuff:1426,Thank,thank,Děkuji,děkovat,impf
en:havel-largo_desolato:0:shuff:1423,cs:havel-largo_desolato:0:shuff:1428,expecting,expect,Nečekal,čekat,impf
en:havel-largo_desolato:0:shuff:1433,cs:havel-largo_desolato:0:shuff:1438,bring,bring,Přineseme,přinést,pf
en:havel-largo_desolato:0:shuff:1454,cs:havel-largo_desolato:0:shuff:1459,doubt,doubt,nepochybuješ,pochybovat,impf
en:havel-largo_desolato:0:shuff:1458,cs:havel-largo_desolato:0:shuff:1463,beg,beg,Prosím,prosit,impf
en:havel-largo_desolato:0:shuff:1466,cs:havel-largo_desolato:0:shuff:1471,sits,sit,usedne,usednout,pf
en:havel-largo_desolato:0:shuff:1471,cs:havel-largo_desolato:0:shuff:1476,lent,lend,půjčil,půjčit,pf
en:havel-largo_desolato:0:shuff:1477,cs:havel-largo_desolato:0:shuff:1482,asking,ask,ptám,ptát,impf
en:havel-largo_desolato:0:shuff:1478,cs:havel-largo_desolato:0:shuff:1483,goes,go,odejde,odejít,pf
en:havel-largo_desolato:0:shuff:1479,cs:havel-largo_desolato:0:shuff:1484,pours,pour,Naleje,nalít,pf
en:havel-largo_desolato:0:shuff:1479,cs:havel-largo_desolato:0:shuff:1484,hands,hand,podá,podat,pf
en:havel-largo_desolato:0:shuff:1491,cs:havel-largo_desolato:0:shuff:1495,Do,do,konejte,konat,impf
en:havel-largo_desolato:0:shuff:1495,cs:havel-largo_desolato:0:shuff:1499,come,come,dojít,dojít,pf
en:havel-largo_desolato:0:shuff:1496,cs:havel-largo_desolato:0:shuff:1500,opens,open,otevře,otevřít,pf
en:havel-largo_desolato:0:shuff:1496,cs:havel-largo_desolato:0:shuff:1500,says,say,řekne,říci,pf
en:havel-largo_desolato:0:shuff:1498,cs:havel-largo_desolato:0:shuff:1502,Come,come,pojď,jít,impf
en:havel-largo_desolato:0:shuff:1499,cs:havel-largo_desolato:0:shuff:1503,enters,enter,vejde,vejít,pf
en:havel-largo_desolato:0:shuff:1501,cs:havel-largo_desolato:0:shuff:1505,Do,do,udělat,udělat,pf
en:havel-largo_desolato:0:shuff:1507,cs:havel-largo_desolato:0:shuff:1511,looks,look,dívá,dívat,impf
en:havel-largo_desolato:0:shuff:1511,cs:havel-largo_desolato:0:shuff:1515,thought,think,Zdálo,zdát,impf
en:havel-largo_desolato:0:shuff:1511,cs:havel-largo_desolato:0:shuff:1515,coming,come,jde,jít,impf
en:havel-largo_desolato:0:shuff:1513,cs:havel-largo_desolato:0:shuff:1517,hear,hear,neslyším,slyšet,impf
en:havel-largo_desolato:0:shuff:1514,cs:havel-largo_desolato:0:shuff:1518,turns,turn,obrátí,obrátit,pf
en:havel-largo_desolato:0:shuff:1516,cs:havel-largo_desolato:0:shuff:1520,left,leave,nezanechat,zanechat,pf
en:havel-largo_desolato:0:shuff:1517,cs:havel-largo_desolato:0:shuff:1521,begun,begin,začlo,začít,pf
en:havel-largo_desolato:0:shuff:1517,cs:havel-largo_desolato:0:shuff:1521,gone,go,začlo,začít,pf
en:havel-largo_desolato:0:shuff:1517,cs:havel-largo_desolato:0:shuff:1521,collapse,collapse,hroutit,hroutit,impf
en:havel-largo_desolato:0:shuff:1517,cs:havel-largo_desolato:0:shuff:1521,collapsing,collapse,hroutit,hroutit,impf
en:havel-largo_desolato:0:shuff:1517,cs:havel-largo_desolato:0:shuff:1521,begun,begin,začla,začít,pf
en:havel-largo_desolato:0:shuff:1517,cs:havel-largo_desolato:0:shuff:1521,gone,go,začla,začít,pf
en:havel-largo_desolato:0:shuff:1517,cs:havel-largo_desolato:0:shuff:1521,held,hold,držela,držet,impf
en:havel-largo_desolato:0:shuff:1517,cs:havel-largo_desolato:0:shuff:1521,begun,begin,začínala,začínat,impf
en:havel-largo_desolato:0:shuff:1517,cs:havel-largo_desolato:0:shuff:1521,act,act,hrál,hrát,impf
en:havel-largo_desolato:0:shuff:1521,cs:havel-largo_desolato:0:shuff:1525,wrote,write,napsal,napsat,pf
en:havel-largo_desolato:0:shuff:1521,cs:havel-largo_desolato:0:shuff:1525,understand,understand,nerozumíme,rozumět,impf
en:havel-largo_desolato:0:shuff:1529,cs:havel-largo_desolato:0:shuff:1536,thought,think,myslel,myslet,impf
en:havel-largo_desolato:0:shuff:1534,cs:havel-largo_desolato:0:shuff:1541,leave,leave,odejdou,odejít,pf
en:havel-largo_desolato:0:shuff:1535,cs:havel-largo_desolato:0:shuff:1542,looks,look,hledí,hledět,impf
en:havel-largo_desolato:0:shuff:1541,cs:havel-largo_desolato:0:shuff:1549,saying,say,Říkal,říkat,impf
en:havel-largo_desolato:0:shuff:1545,cs:havel-largo_desolato:0:shuff:1553,sleep,sleep,spal,spát,impf
en:havel-largo_desolato:0:shuff:1563,cs:havel-largo_desolato:0:shuff:1571,eat,eat,jedl,jíst,impf
en:havel-largo_desolato:0:shuff:1570,cs:havel-largo_desolato:0:shuff:1578,lying,lie,leží,ležet,impf
en:havel-largo_desolato:0:shuff:1587,cs:havel-largo_desolato:0:shuff:1595,drink,drink,pijete,pít,impf
en:havel-largo_desolato:0:shuff:1589,cs:havel-largo_desolato:0:shuff:1597,ate,eat,snědl,sníst,pf
en:havel-largo_desolato:0:shuff:1600,cs:havel-largo_desolato:0:shuff:1609,saw,see,viděl,vidět,impf
en:havel-largo_desolato:0:shuff:1617,cs:havel-largo_desolato:0:shuff:1626,tries,try,pokouší,pokoušet,impf
en:havel-largo_desolato:0:shuff:1617,cs:havel-largo_desolato:0:shuff:1626,embrace,embrace,obejmout,obejmout,pf
en:havel-largo_desolato:0:shuff:1621,cs:havel-largo_desolato:0:shuff:1629,goes,go,jde,jít,impf
en:havel-largo_desolato:0:shuff:1621,cs:havel-largo_desolato:0:shuff:1629,looks,look,dívá,dívat,impf
en:havel-largo_desolato:0:shuff:1622,cs:havel-largo_desolato:0:shuff:1630,turns,turn,obrátí,obrátit,pf
en:havel-largo_desolato:0:shuff:1630,cs:havel-largo_desolato:0:shuff:1638,looks,look,dívá,dívat,impf
en:havel-largo_desolato:0:shuff:1631,cs:havel-largo_desolato:0:shuff:1639,listens,listen,naslouchá,naslouchat,impf
en:havel-largo_desolato:0:shuff:1632,cs:havel-largo_desolato:0:shuff:1640,drops,drop,padá,padat,impf
en:havel-largo_desolato:0:shuff:1633,cs:havel-largo_desolato:0:shuff:1642,listens,listen,naslouchá,naslouchat,impf
en:havel-largo_desolato:0:shuff:1634,cs:havel-largo_desolato:0:shuff:1643,comes,come,vstoupí,vstoupit,pf
en:havel-largo_desolato:0:shuff:1642,cs:havel-largo_desolato:0:shuff:1651,come,come,nepřišel,přijít,pf
en:havel-largo_desolato:0:shuff:1649,cs:havel-largo_desolato:0:shuff:1658,done,do,udělala,udělat,pf
en:havel-largo_desolato:0:shuff:1649,cs:havel-largo_desolato:0:shuff:1658,done,do,udělala,udělat,pf
en:havel-largo_desolato:0:shuff:1649,cs:havel-largo_desolato:0:shuff:1658,do,do,udělala,udělat,pf
en:havel-largo_desolato:0:shuff:1649,cs:havel-largo_desolato:0:shuff:1658,done,do,udělala,udělat,pf
en:havel-largo_desolato:0:shuff:1649,cs:havel-largo_desolato:0:shuff:1658,done,do,udělala,udělat,pf
en:havel-largo_desolato:0:shuff:1649,cs:havel-largo_desolato:0:shuff:1658,do,do,udělala,udělat,pf
en:havel-largo_desolato:0:shuff:1649,cs:havel-largo_desolato:0:shuff:1658,want,want,nechci,chtít,impf
en:havel-largo_desolato:0:shuff:1649,cs:havel-largo_desolato:0:shuff:1658,want,want,nechci,chtít,impf
en:havel-largo_desolato:0:shuff:1649,cs:havel-largo_desolato:0:shuff:1658,admit,admit,přiznal,přiznat,pf
en:havel-largo_desolato:0:shuff:1651,cs:havel-largo_desolato:0:shuff:1660,mean,mean,myslíš,myslet,impf
en:havel-largo_desolato:0:shuff:1655,cs:havel-largo_desolato:0:shuff:1664,denied,deny,nepopírám,popírat,impf
en:havel-largo_desolato:0:shuff:1663,cs:havel-largo_desolato:0:shuff:1672,fear,fear,Bojím,bát,impf
en:havel-largo_desolato:0:shuff:1663,cs:havel-largo_desolato:0:shuff:1672,fear,fear,Bojím,bát,impf
en:havel-largo_desolato:0:shuff:1663,cs:havel-largo_desolato:0:shuff:1672,fear,fear,bojím,bát,impf
en:havel-largo_desolato:0:shuff:1663,cs:havel-largo_desolato:0:shuff:1672,fear,fear,bojím,bát,impf
en:havel-largo_desolato:0:shuff:1669,cs:havel-largo_desolato:0:shuff:1677,turns,turn,obrátí,obrátit,pf
en:havel-largo_desolato:0:shuff:1670,cs:havel-largo_desolato:0:shuff:1678,get,get,dostala,dostat,pf
en:havel-largo_desolato:0:shuff:1670,cs:havel-largo_desolato:0:shuff:1678,do,do,udělali,udělat,pf
en:havel-largo_desolato:0:shuff:1682,cs:havel-largo_desolato:0:shuff:1689,put,put,položí,položit,pf
en:havel-largo_desolato:0:shuff:1682,cs:havel-largo_desolato:0:shuff:1689,open,open,otevřou,otevřít,pf
en:havel-largo_desolato:0:shuff:1691,cs:havel-largo_desolato:0:shuff:1698,eat,eat,jedl,jíst,impf
en:havel-largo_desolato:0:shuff:1694,cs:havel-largo_desolato:0:shuff:1701,want,want,nechci,chtít,impf
en:havel-largo_desolato:0:shuff:1694,cs:havel-largo_desolato:0:shuff:1701,admit,admit,přiznal,přiznat,pf
en:havel-largo_desolato:0:shuff:1694,cs:havel-largo_desolato:0:shuff:1701,love,love,miluješ,milovat,impf
en:havel-largo_desolato:0:shuff:1698,cs:havel-largo_desolato:0:shuff:1705,believe,believe,věřím,věřit,impf
en:havel-largo_desolato:0:shuff:1698,cs:havel-largo_desolato:0:shuff:1705,love,love,miluješ,milovat,impf
en:havel-largo_desolato:0:shuff:1699,cs:havel-largo_desolato:0:shuff:1706,believe,believe,Nevěřím,věřit,impf
en:havel-largo_desolato:0:shuff:1700,cs:havel-largo_desolato:0:shuff:1707,believe,believe,Nevěřím,věřit,impf
en:havel-largo_desolato:0:shuff:1700,cs:havel-largo_desolato:0:shuff:1707,awakening,awaken,probudit,probudit,pf
en:havel-largo_desolato:0:shuff:1703,cs:havel-largo_desolato:0:shuff:1710,say,say,řekněte,říci,pf
en:havel-largo_desolato:0:shuff:1708,cs:havel-largo_desolato:0:shuff:1715,do,do,dělat,dělat,impf
en:havel-largo_desolato:0:shuff:1708,cs:havel-largo_desolato:0:shuff:1715,going,go,dělat,dělat,impf
en:havel-largo_desolato:0:shuff:1714,cs:havel-largo_desolato:0:shuff:1721,need,need,potřebujeme,potřebovat,impf
en:havel-largo_desolato:0:shuff:1716,cs:havel-largo_desolato:0:shuff:1723,Thank,thank,Děkuji,děkovat,impf
en:havel-largo_desolato:0:shuff:1720,cs:havel-largo_desolato:0:shuff:1726,reaches,reach,dojde,dojít,pf
en:havel-largo_desolato:0:shuff:1720,cs:havel-largo_desolato:0:shuff:1726,looks,look,nahlédne,nahlédnout,pf
en:havel-largo_desolato:0:shuff:1722,cs:havel-largo_desolato:0:shuff:1728,looks,look,podívá,podívat,pf
en:havel-largo_desolato:0:shuff:1723,cs:havel-largo_desolato:0:shuff:1729,calms,calm,Uklidněn,uklidnit,pf
en:havel-largo_desolato:0:shuff:1724,cs:havel-largo_desolato:0:shuff:1730,enters,enter,Vstoupí,vstoupit,pf
en:havel-largo_desolato:0:shuff:1728,cs:havel-largo_desolato:0:shuff:1734,give,give,dána,dát,pf
en:havel-largo_desolato:0:shuff:1734,cs:havel-largo_desolato:0:shuff:1740,like,like,nelíbí,líbit,impf
en:havel-largo_desolato:0:shuff:1736,cs:havel-largo_desolato:0:shuff:1742,look,look,Podívejte,podívat,pf
en:havel-largo_desolato:0:shuff:1736,cs:havel-largo_desolato:0:shuff:1742,like,like,líbí,líbit,impf
en:havel-largo_desolato:0:shuff:1737,cs:havel-largo_desolato:0:shuff:1743,forcing,force,nenutí,nutit,impf
en:havel-largo_desolato:0:shuff:1737,cs:havel-largo_desolato:0:shuff:1743,force,force,nenutí,nutit,impf
en:havel-largo_desolato:0:shuff:1737,cs:havel-largo_desolato:0:shuff:1743,forcing,force,nutit,nutit,impf
en:havel-largo_desolato:0:shuff:1737,cs:havel-largo_desolato:0:shuff:1743,force,force,nutit,nutit,impf
en:havel-largo_desolato:0:shuff:1738,cs:havel-largo_desolato:0:shuff:1744,telling,tell,říkám,říkat,impf
en:havel-largo_desolato:0:shuff:1738,cs:havel-largo_desolato:0:shuff:1744,making,make,udělal,udělat,pf
en:havel-largo_desolato:0:shuff:1738,cs:havel-largo_desolato:0:shuff:1744,did,do,udělal,udělat,pf
en:havel-largo_desolato:0:shuff:1740,cs:havel-largo_desolato:0:shuff:1746,begun,begin,začlo,začít,pf
en:havel-largo_desolato:0:shuff:1740,cs:havel-largo_desolato:0:shuff:1746,gone,go,začlo,začít,pf
en:havel-largo_desolato:0:shuff:1740,cs:havel-largo_desolato:0:shuff:1746,collapse,collapse,hroutit,hroutit,impf
en:havel-largo_desolato:0:shuff:1740,cs:havel-largo_desolato:0:shuff:1746,collapsing,collapse,hroutit,hroutit,impf
en:havel-largo_desolato:0:shuff:1740,cs:havel-largo_desolato:0:shuff:1746,begun,begin,začla,začít,pf
en:havel-largo_desolato:0:shuff:1740,cs:havel-largo_desolato:0:shuff:1746,gone,go,začla,začít,pf
en:havel-largo_desolato:0:shuff:1740,cs:havel-largo_desolato:0:shuff:1746,broken,break,lámat,lámat,impf
en:havel-largo_desolato:0:shuff:1740,cs:havel-largo_desolato:0:shuff:1746,holding,hold,držela,držet,impf
en:havel-largo_desolato:0:shuff:1740,cs:havel-largo_desolato:0:shuff:1746,acting,act,hraju,hrát,impf
en:havel-largo_desolato:0:shuff:1746,cs:havel-largo_desolato:0:shuff:1752,call,call,říkáte,říkat,impf
en:havel-largo_desolato:0:shuff:1748,cs:havel-largo_desolato:0:shuff:1754,denied,deny,nepopřel,popřít,pf
en:havel-largo_desolato:0:shuff:1754,cs:havel-largo_desolato:0:shuff:1758,hesitating,hesitate,váháte,váhat,impf
en:havel-largo_desolato:0:shuff:1763,cs:havel-largo_desolato:0:shuff:1766,want,want,Chcete,chtít,impf
en:havel-largo_desolato:0:shuff:1778,cs:havel-largo_desolato:0:shuff:1783,do,do,dělat,dělat,impf
en:havel-largo_desolato:0:shuff:1782,cs:havel-largo_desolato:0:shuff:1787,leave,leave,odejít,odejít,pf
en:havel-largo_desolato:0:shuff:1782,cs:havel-largo_desolato:0:shuff:1787,came,come,přišli,přijít,pf
en:havel-largo_desolato:0:shuff:1782,cs:havel-largo_desolato:0:shuff:1787,called,call,přišli,přijít,pf
en:havel-largo_desolato:0:shuff:1782,cs:havel-largo_desolato:0:shuff:1787,leave,leave,nechali,nechat,pf
en:havel-largo_desolato:0:shuff:1791,cs:havel-largo_desolato:0:shuff:1796,leave,leave,neodejdu,odejít,pf
en:havel-largo_desolato:0:shuff:1795,cs:havel-largo_desolato:0:shuff:1800,fills,fill,naleje,nalít,pf
en:havel-largo_desolato:0:shuff:1799,cs:havel-largo_desolato:0:shuff:1804,comes,come,přichází,přicházet,impf
en:havel-largo_desolato:0:shuff:1801,cs:havel-largo_desolato:0:shuff:1806,brought,bring,přinesli,přinést,pf
en:havel-largo_desolato:0:shuff:1814,cs:havel-largo_desolato:0:shuff:1818,say,say,řekněte,říci,pf
en:havel-largo_desolato:0:shuff:1818,cs:havel-largo_desolato:0:shuff:1822,goes,go,odejde,odejít,pf
en:havel-largo_desolato:0:shuff:1818,cs:havel-largo_desolato:0:shuff:1822,leaving,leave,odejde,odejít,pf
en:havel-largo_desolato:0:shuff:1818,cs:havel-largo_desolato:0:shuff:1822,leaving,leave,nechá,nechat,pf
en:havel-largo_desolato:0:shuff:1820,cs:havel-largo_desolato:0:shuff:1824,see,see,Uvidíš,uvidět,pf
en:havel-largo_desolato:0:shuff:1820,cs:havel-largo_desolato:0:shuff:1824,come,come,půjde,jít,impf
en:havel-largo_desolato:0:shuff:1820,cs:havel-largo_desolato:0:shuff:1824,go,go,půjde,jít,impf
en:havel-largo_desolato:0:shuff:1829,cs:havel-largo_desolato:0:shuff:1832,like,like,Nelíbí,líbit,impf
en:havel-largo_desolato:0:shuff:1829,cs:havel-largo_desolato:0:shuff:1832,like,like,Nelíbí,líbit,impf
en:havel-largo_desolato:0:shuff:1829,cs:havel-largo_desolato:0:shuff:1832,talking,talk,mluvíš,mluvit,impf
en:havel-largo_desolato:0:shuff:1833,cs:havel-largo_desolato:0:shuff:1836,closes,close,zavře,zavřít,pf
en:havel-largo_desolato:0:shuff:1840,cs:havel-largo_desolato:0:shuff:1843,called,call,Navštívili,navštívit,pf
en:havel-largo_desolato:0:shuff:1848,cs:havel-largo_desolato:0:shuff:1850,understand,understand,Nechápu,chápat,impf
en:havel-largo_desolato:0:shuff:1848,cs:havel-largo_desolato:0:shuff:1850,means,mean,znamená,znamenat,impf
en:havel-largo_desolato:0:shuff:1848,cs:havel-largo_desolato:0:shuff:1850,means,mean,nechcete,chtít,impf
en:havel-largo_desolato:0:shuff:1848,cs:havel-largo_desolato:0:shuff:1850,want,want,nechcete,chtít,impf
en:havel-largo_desolato:0:shuff:1854,cs:havel-largo_desolato:0:shuff:1855,say,say,říct,říci,pf
en:havel-largo_desolato:0:shuff:1856,cs:havel-largo_desolato:0:shuff:1857,said,say,řekl,říci,pf
en:havel-largo_desolato:0:shuff:1858,cs:havel-largo_desolato:0:shuff:1859,telling,tell,vyprávěl,vyprávět,impf
en:havel-largo_desolato:0:shuff:1864,cs:havel-largo_desolato:0:shuff:1865,start,start,začít,začít,pf
en:havel-largo_desolato:0:shuff:1864,cs:havel-largo_desolato:0:shuff:1865,starts,start,začít,začít,pf
en:havel-largo_desolato:0:shuff:1867,cs:havel-largo_desolato:0:shuff:1868,shuts,shut,zavře,zavřít,pf
en:havel-largo_desolato:0:shuff:1867,cs:havel-largo_desolato:0:shuff:1868,puts,put,uloží,uložit,pf
en:havel-largo_desolato:0:shuff:1867,cs:havel-largo_desolato:0:shuff:1868,continues,continue,pokračuje,pokračovat,impf
en:havel-largo_desolato:0:shuff:1868,cs:havel-largo_desolato:0:shuff:1869,reaches,reach,dojde,dojít,pf
en:havel-largo_desolato:0:shuff:1868,cs:havel-largo_desolato:0:shuff:1869,goes,go,odejde,odejít,pf
en:havel-largo_desolato:0:shuff:1868,cs:havel-largo_desolato:0:shuff:1869,leaving,leave,odejde,odejít,pf
en:havel-largo_desolato:0:shuff:1868,cs:havel-largo_desolato:0:shuff:1869,leaving,leave,nechá,nechat,pf
en:havel-largo_desolato:0:shuff:1871,cs:havel-largo_desolato:0:shuff:1871,closes,close,zavře,zavřít,pf
en:havel-largo_desolato:0:shuff:1871,cs:havel-largo_desolato:0:shuff:1871,continues,continue,pokračuje,pokračovat,impf
en:havel-largo_desolato:0:shuff:1877,cs:havel-largo_desolato:0:shuff:1877,say,say,řekněte,říci,pf
en:havel-largo_desolato:0:shuff:1893,cs:havel-largo_desolato:0:shuff:1895,falls,fall,padá,padat,impf
en:havel-largo_desolato:0:shuff:1898,cs:havel-largo_desolato:0:shuff:1900,looks,look,dívá,dívat,impf
en:havel-largo_desolato:0:shuff:1901,cs:havel-largo_desolato:0:shuff:1903,want,want,chceš,chtít,impf
en:havel-largo_desolato:0:shuff:1901,cs:havel-largo_desolato:0:shuff:1903,call,call,nazývat,nazývat,impf
en:havel-largo_desolato:0:shuff:1905,cs:havel-largo_desolato:0:shuff:1907,put,put,řekl,říci,pf
en:havel-largo_desolato:0:shuff:1906,cs:havel-largo_desolato:0:shuff:1908,hurt,hurt,zranil,zranit,pf
en:havel-largo_desolato:0:shuff:1910,cs:havel-largo_desolato:0:shuff:1912,put,put,řekl,říci,pf
en:havel-largo_desolato:0:shuff:1911,cs:havel-largo_desolato:0:shuff:1913,allow,allow,připustit,připustit,pf
en:havel-largo_desolato:0:shuff:1913,cs:havel-largo_desolato:0:shuff:1915,fulfilling,fulfill,naplním,naplnit,pf
en:havel-largo_desolato:0:shuff:1920,cs:havel-largo_desolato:0:shuff:1922,told,tell,nevyprávěl,vyprávět,impf
en:havel-largo_desolato:0:shuff:1926,cs:havel-largo_desolato:0:shuff:1928,living,live,bydlí,bydlet,impf
en:havel-largo_desolato:0:shuff:1930,cs:havel-largo_desolato:0:shuff:1931,got,get,nedostal,dostat,pf
en:havel-largo_desolato:0:shuff:1934,cs:havel-largo_desolato:0:shuff:1935,think,think,myslím,myslet,impf
en:havel-largo_desolato:0:shuff:1934,cs:havel-largo_desolato:0:shuff:1935,done,do,dělat,dělat,impf
en:havel-largo_desolato:0:shuff:1934,cs:havel-largo_desolato:0:shuff:1935,done,do,dělat,dělat,impf
en:havel-largo_desolato:0:shuff:1934,cs:havel-largo_desolato:0:shuff:1935,done,do,dělá,dělat,impf
en:havel-largo_desolato:0:shuff:1934,cs:havel-largo_desolato:0:shuff:1935,done,do,dělá,dělat,impf
en:havel-largo_desolato:0:shuff:1944,cs:havel-largo_desolato:0:shuff:1947,leave,leave,odejdou,odejít,pf
en:havel-largo_desolato:0:shuff:1946,cs:havel-largo_desolato:0:shuff:1949,pulls,pull,přitáhne,přitáhnout,pf
en:havel-largo_desolato:0:shuff:1946,cs:havel-largo_desolato:0:shuff:1949,kisses,kiss,políbí,políbit,pf
en:havel-largo_desolato:0:shuff:1956,cs:havel-largo_desolato:0:shuff:1959,say,say,neřekneš,říci,pf
en:havel-largo_desolato:0:shuff:1957,cs:havel-largo_desolato:0:shuff:1960,sign,sign,podepíšete,podepsat,pf
en:havel-largo_desolato:0:shuff:1957,cs:havel-largo_desolato:0:shuff:1960,considered,consider,posouzena,posoudit,pf
en:havel-largo_desolato:0:shuff:1959,cs:havel-largo_desolato:0:shuff:1962,understand,understand,Rozumím,rozumět,impf
en:havel-largo_desolato:0:shuff:1959,cs:havel-largo_desolato:0:shuff:1962,want,want,chcete,chtít,impf
en:havel-largo_desolato:0:shuff:1959,cs:havel-largo_desolato:0:shuff:1962,declare,declare,prohlásil,prohlásit,pf
en:havel-largo_desolato:0:shuff:1965,cs:havel-largo_desolato:0:shuff:1968,written,write,napsat,napsat,pf
en:havel-largo_desolato:0:shuff:1965,cs:havel-largo_desolato:0:shuff:1968,written,write,napsal,napsat,pf
en:havel-largo_desolato:0:shuff:1967,cs:havel-largo_desolato:0:shuff:1970,takes,take,uchopí,uchopit,pf
en:havel-largo_desolato:0:shuff:1967,cs:havel-largo_desolato:0:shuff:1970,looks,look,hledí,hledět,impf
en:havel-largo_desolato:0:shuff:1967,cs:havel-largo_desolato:0:shuff:1970,begins,begin,začne,začít,pf
en:havel-largo_desolato:0:shuff:1967,cs:havel-largo_desolato:0:shuff:1970,kiss,kiss,líbat,líbat,impf
en:havel-largo_desolato:0:shuff:1971,cs:havel-largo_desolato:0:shuff:1974,said,say,povídali,povídat,impf
en:havel-largo_desolato:0:shuff:1971,cs:havel-largo_desolato:0:shuff:1974,said,say,říkal,říkat,impf
en:havel-largo_desolato:0:shuff:1971,cs:havel-largo_desolato:0:shuff:1974,doing,do,nedělám,dělat,impf
en:havel-largo_desolato:0:shuff:1973,cs:havel-largo_desolato:0:shuff:1976,telling,tell,říkám,říkat,impf
en:havel-largo_desolato:0:shuff:1975,cs:havel-largo_desolato:0:shuff:1978,do,do,děláš,dělat,impf
en:havel-largo_desolato:0:shuff:1975,cs:havel-largo_desolato:0:shuff:1978,make,make,děláš,dělat,impf
en:havel-largo_desolato:0:shuff:1977,cs:havel-largo_desolato:0:shuff:1980,forgive,forgive,promiň,prominout,pf
en:havel-largo_desolato:0:shuff:1986,cs:havel-largo_desolato:0:shuff:1989,tried,try,pokusil,pokusit,pf
en:havel-largo_desolato:0:shuff:1988,cs:havel-largo_desolato:0:shuff:1991,Forgive,forgive,Promiňte,prominout,pf
en:havel-largo_desolato:0:shuff:1988,cs:havel-largo_desolato:0:shuff:1991,decide,decide,rozhodla,rozhodnout,pf
en:havel-largo_desolato:0:shuff:1993,cs:havel-largo_desolato:0:shuff:1996,think,think,Zdá,zdát,impf
en:havel-largo_desolato:0:shuff:1997,cs:havel-largo_desolato:0:shuff:2000,waiting,wait,očekávají,očekávat,impf
en:havel-largo_desolato:0:shuff:2001,cs:havel-largo_desolato:0:shuff:2004,write,write,napsal,napsat,pf
en:havel-largo_desolato:0:shuff:2014,cs:havel-largo_desolato:0:shuff:2019,enters,enter,vejde,vejít,pf
en:havel-largo_desolato:0:shuff:2024,cs:havel-largo_desolato:0:shuff:2028,hold,hold,Nezdržíme,zdržet,pf
en:havel-largo_desolato:0:shuff:2028,cs:havel-largo_desolato:0:shuff:2034,smoke,smoke,kouřit,kouřit,impf
en:havel-largo_desolato:0:shuff:2032,cs:havel-largo_desolato:0:shuff:2038,asking,ask,ptám,ptát,impf
en:havel-largo_desolato:0:shuff:2034,cs:havel-largo_desolato:0:shuff:2040,offers,offer,nabídne,nabídnout,pf
en:havel-largo_desolato:0:shuff:2035,cs:havel-largo_desolato:0:shuff:2041,forcing,force,nenutíme,nutit,impf
en:havel-largo_desolato:0:shuff:2035,cs:havel-largo_desolato:0:shuff:2041,think,think,nemáme,mít,impf
en:havel-largo_desolato:0:shuff:2035,cs:havel-largo_desolato:0:shuff:2041,goes,go,dělat,dělat,impf
en:havel-largo_desolato:0:shuff:2035,cs:havel-largo_desolato:0:shuff:2041,do,do,dělat,dělat,impf
en:havel-largo_desolato:0:shuff:2035,cs:havel-largo_desolato:0:shuff:2041,do,do,dělat,dělat,impf
en:havel-largo_desolato:0:shuff:2035,cs:havel-largo_desolato:0:shuff:2041,doing,do,dělat,dělat,impf
en:havel-largo_desolato:0:shuff:2035,cs:havel-largo_desolato:0:shuff:2041,expected,expect,myslíme,myslet,impf
en:havel-largo_desolato:0:shuff:2035,cs:havel-largo_desolato:0:shuff:2041,think,think,myslíme,myslet,impf
en:havel-largo_desolato:0:shuff:2035,cs:havel-largo_desolato:0:shuff:2041,saying,say,řeknu,říci,pf
en:havel-largo_desolato:0:shuff:2035,cs:havel-largo_desolato:0:shuff:2041,said,say,řeknu,říci,pf
en:havel-largo_desolato:0:shuff:2035,cs:havel-largo_desolato:0:shuff:2041,said,say,řeknu,říci,pf
en:havel-largo_desolato:0:shuff:2035,cs:havel-largo_desolato:0:shuff:2041,expected,expect,myslíme,myslet,impf
en:havel-largo_desolato:0:shuff:2035,cs:havel-largo_desolato:0:shuff:2041,think,think,myslíme,myslet,impf
en:havel-largo_desolato:0:shuff:2035,cs:havel-largo_desolato:0:shuff:2041,goes,go,dělat,dělat,impf
en:havel-largo_desolato:0:shuff:2035,cs:havel-largo_desolato:0:shuff:2041,do,do,dělat,dělat,impf
en:havel-largo_desolato:0:shuff:2035,cs:havel-largo_desolato:0:shuff:2041,do,do,dělat,dělat,impf
en:havel-largo_desolato:0:shuff:2035,cs:havel-largo_desolato:0:shuff:2041,doing,do,dělat,dělat,impf
en:havel-largo_desolato:0:shuff:2037,cs:havel-largo_desolato:0:shuff:2043,think,think,uvažovat,uvažovat,impf
en:havel-largo_desolato:0:shuff:2039,cs:havel-largo_desolato:0:shuff:2045,sits,sit,usadí,usadit,pf
en:havel-largo_desolato:0:shuff:2039,cs:havel-largo_desolato:0:shuff:2045,wraps,wrap,zabalí,zabalit,pf
en:havel-largo_desolato:0:shuff:2042,cs:havel-largo_desolato:0:shuff:2048,say,say,říkám,říkat,impf
en:havel-largo_desolato:0:shuff:2042,cs:havel-largo_desolato:0:shuff:2048,say,say,říkám,říkat,impf
en:havel-largo_desolato:0:shuff:2042,cs:havel-largo_desolato:0:shuff:2048,say,say,říct,říci,pf
en:havel-largo_desolato:0:shuff:2042,cs:havel-largo_desolato:0:shuff:2048,say,say,říct,říci,pf
en:havel-largo_desolato:0:shuff:2042,cs:havel-largo_desolato:0:shuff:2048,respect,respect,respektuji,respektovat,impf
en:havel-largo_desolato:0:shuff:2053,cs:havel-largo_desolato:0:shuff:2059,talk,talk,mluvit,mluvit,impf
en:havel-largo_desolato:0:shuff:2055,cs:havel-largo_desolato:0:shuff:2061,talk,talk,mluvíš,mluvit,impf
en:havel-largo_desolato:0:shuff:2057,cs:havel-largo_desolato:0:shuff:2063,think,think,zdá,zdát,impf
en:havel-largo_desolato:0:shuff:2058,cs:havel-largo_desolato:0:shuff:2064,puts,put,položí,položit,pf
en:havel-largo_desolato:0:shuff:2059,cs:havel-largo_desolato:0:shuff:2065,embraces,embrace,obejme,obejmout,pf
en:havel-largo_desolato:0:shuff:2059,cs:havel-largo_desolato:0:shuff:2065,look,look,hledí,hledět,impf
en:havel-largo_desolato:0:shuff:2066,cs:havel-largo_desolato:0:shuff:2072,goes,go,odejde,odejít,pf
en:havel-largo_desolato:0:shuff:2067,cs:havel-largo_desolato:0:shuff:2073,opens,open,otevře,otevřít,pf
en:havel-largo_desolato:0:shuff:2067,cs:havel-largo_desolato:0:shuff:2073,pours,pour,naleje,nalít,pf
en:havel-largo_desolato:0:shuff:2067,cs:havel-largo_desolato:0:shuff:2073,takes,take,vezme,vzít,pf
en:havel-largo_desolato:0:shuff:2067,cs:havel-largo_desolato:0:shuff:2073,takes,take,vezme,vzít,pf
en:havel-largo_desolato:0:shuff:2067,cs:havel-largo_desolato:0:shuff:2073,takes,take,vezme,vzít,pf
en:havel-largo_desolato:0:shuff:2067,cs:havel-largo_desolato:0:shuff:2073,takes,take,vezme,vzít,pf
en:havel-largo_desolato:0:shuff:2072,cs:havel-largo_desolato:0:shuff:2078,sits,sit,usedne,usednout,pf
en:havel-largo_desolato:0:shuff:2074,cs:havel-largo_desolato:0:shuff:2080,tell,tell,povídej,povídat,impf
en:havel-largo_desolato:0:shuff:2092,cs:havel-largo_desolato:0:shuff:2094,believed,believe,věřila,věřit,impf
en:havel-largo_desolato:0:shuff:2092,cs:havel-largo_desolato:0:shuff:2094,awaken,awaken,probudit,probudit,pf
en:havel-largo_desolato:0:shuff:2092,cs:havel-largo_desolato:0:shuff:2094,help,help,pomůžu,pomoci,pf
en:havel-largo_desolato:0:shuff:2096,cs:havel-largo_desolato:0:shuff:2099,says,say,říká,říkat,impf
en:havel-largo_desolato:0:shuff:2099,cs:havel-largo_desolato:0:shuff:2102,going,go,Jdu,jít,impf
en:havel-largo_desolato:0:shuff:2099,cs:havel-largo_desolato:0:shuff:2102,dressed,dress,obléct,obléci,pf
en:havel-largo_desolato:0:shuff:2102,cs:havel-largo_desolato:0:shuff:2105,gazes,gaze,hledí,hledět,impf
en:havel-largo_desolato:0:shuff:2102,cs:havel-largo_desolato:0:shuff:2105,shouts,shout,vykřikne,vykřiknout,pf
en:havel-largo_desolato:0:shuff:2104,cs:havel-largo_desolato:0:shuff:2107,want,want,Nechci,chtít,impf
en:havel-largo_desolato:0:shuff:2105,cs:havel-largo_desolato:0:shuff:2108,want,want,Chci,chtít,impf
en:havel-largo_desolato:0:shuff:2106,cs:havel-largo_desolato:0:shuff:2109,falls,fall,klesne,klesnout,pf
en:havel-largo_desolato:0:shuff:2106,cs:havel-largo_desolato:0:shuff:2109,starts,start,začne,začít,pf
en:havel-largo_desolato:0:shuff:2107,cs:havel-largo_desolato:0:shuff:2110,begging,beg,Prosím,prosit,impf
en:havel-largo_desolato:0:shuff:2107,cs:havel-largo_desolato:0:shuff:2110,beseech,beseech,Prosím,prosit,impf
en:havel-largo_desolato:0:shuff:2107,cs:havel-largo_desolato:0:shuff:2110,begging,beg,prosím,prosit,impf
en:havel-largo_desolato:0:shuff:2107,cs:havel-largo_desolato:0:shuff:2110,beseech,beseech,prosím,prosit,impf
en:havel-largo_desolato:0:shuff:2111,cs:havel-largo_desolato:0:shuff:2115,beg,beg,prosit,prosit,impf
en:havel-largo_desolato:0:shuff:2112,cs:havel-largo_desolato:0:shuff:2116,listens,listen,naslouchá,naslouchat,impf
en:havel-largo_desolato:0:shuff:2114,cs:havel-largo_desolato:0:shuff:2118,goes,go,jde,jít,impf
en:havel-largo_desolato:0:shuff:2115,cs:havel-largo_desolato:0:shuff:2119,enter,enter,vstupují,vstupovat,impf
en:havel-largo_desolato:0:shuff:2116,cs:havel-largo_desolato:0:shuff:2120,falls,fall,padá,padat,impf
en:havel-largo_desolato:0:shuff:2124,cs:havel-largo_desolato:0:shuff:2129,thank,thank,děkuji,děkovat,impf
en:havel-largo_desolato:0:shuff:2124,cs:havel-largo_desolato:0:shuff:2129,think,think,myslím,myslet,impf
en:havel-largo_desolato:0:shuff:2124,cs:havel-largo_desolato:0:shuff:2129,last,last,vydrží,vydržet,pf
en:havel-largo_desolato:0:shuff:2126,cs:havel-largo_desolato:0:shuff:2131,writing,write,napsáno,napsat,pf
en:havel-largo_desolato:0:shuff:2131,cs:havel-largo_desolato:0:shuff:2138,speak,speak,mluvit,mluvit,impf
en:havel-largo_desolato:0:shuff:2133,cs:havel-largo_desolato:0:shuff:2140,reflecting,reflect,reflektujete,reflektovat,impf
en:havel-largo_desolato:0:shuff:2133,cs:havel-largo_desolato:0:shuff:2140,lost,lose,ztracen,ztratit,pf
en:havel-largo_desolato:0:shuff:2136,cs:havel-largo_desolato:0:shuff:2143,call,call,neříkejte,říkat,impf
en:havel-largo_desolato:0:shuff:2136,cs:havel-largo_desolato:0:shuff:2143,sounds,sound,zní,znít,impf
en:havel-largo_desolato:0:shuff:2137,cs:havel-largo_desolato:0:shuff:2144,drinking,drink,nepijete,pít,impf
en:havel-largo_desolato:0:shuff:2146,cs:havel-largo_desolato:0:shuff:2153,told,tell,říkala,říkat,impf
en:havel-largo_desolato:0:shuff:2148,cs:havel-largo_desolato:0:shuff:2155,forgot,forget,zapomněl,zapomenout,pf
en:havel-largo_desolato:0:shuff:2149,cs:havel-largo_desolato:0:shuff:2156,tried,try,snažil,snažit,impf
en:havel-largo_desolato:0:shuff:2149,cs:havel-largo_desolato:0:shuff:2156,read,read,číst,číst,impf
en:havel-largo_desolato:0:shuff:2161,cs:havel-largo_desolato:0:shuff:2168,think,think,domnívají,domnívat,impf
en:havel-largo_desolato:0:shuff:2165,cs:havel-largo_desolato:0:shuff:2172,come,come,Nepřišla,přijít,pf
en:havel-largo_desolato:0:shuff:2185,cs:havel-largo_desolato:0:shuff:2193,expected,expect,neočekával,očekávat,impf
en:havel-largo_desolato:0:shuff:2185,cs:havel-largo_desolato:0:shuff:2193,do,do,studoval,studovat,impf
en:havel-largo_desolato:0:shuff:2185,cs:havel-largo_desolato:0:shuff:2193,studying,study,studoval,studovat,impf
en:havel-largo_desolato:0:shuff:2185,cs:havel-largo_desolato:0:shuff:2193,taking,take,studoval,studovat,impf
en:havel-largo_desolato:0:shuff:2185,cs:havel-largo_desolato:0:shuff:2193,do,do,dělal,dělat,impf
en:havel-largo_desolato:0:shuff:2185,cs:havel-largo_desolato:0:shuff:2193,making,make,dělal,dělat,impf
en:havel-largo_desolato:0:shuff:2185,cs:havel-largo_desolato:0:shuff:2193,taking,take,dělal,dělat,impf
en:havel-largo_desolato:0:shuff:2185,cs:havel-largo_desolato:0:shuff:2193,browsed,browse,procházel,procházet,impf
en:havel-largo_desolato:0:shuff:2185,cs:havel-largo_desolato:0:shuff:2193,studying,study,přemýšlel,přemýšlet,impf
en:havel-largo_desolato:0:shuff:2185,cs:havel-largo_desolato:0:shuff:2193,meditating,meditate,přemýšlel,přemýšlet,impf
en:havel-largo_desolato:0:shuff:2185,cs:havel-largo_desolato:0:shuff:2193,forget,forget,zapomenout,zapomenout,pf
en:havel-largo_desolato:0:shuff:2185,cs:havel-largo_desolato:0:shuff:2193,start,start,začít,začít,pf
en:havel-largo_desolato:0:shuff:2200,cs:havel-largo_desolato:0:shuff:2208,trouble,trouble,obtěžovat,obtěžovat,impf
en:havel-largo_desolato:0:shuff:2202,cs:havel-largo_desolato:0:shuff:2210,troubling,trouble,neobtěžujete,obtěžovat,impf
en:havel-largo_desolato:0:shuff:2203,cs:havel-largo_desolato:0:shuff:2211,met,meet,poznal,poznat,pf
en:havel-largo_desolato:0:shuff:2209,cs:havel-largo_desolato:0:shuff:2217,told,tell,Říkali,říkat,impf
en:havel-largo_desolato:0:shuff:2217,cs:havel-largo_desolato:0:shuff:2225,told,tell,Říkali,říkat,impf
en:havel-largo_desolato:0:shuff:2226,cs:havel-largo_desolato:0:shuff:2236,drag,drag,protahovat,protahovat,impf
en:havel-largo_desolato:0:shuff:2236,cs:havel-largo_desolato:0:shuff:2246,need,need,Potřebuješ,potřebovat,impf
en:havel-largo_desolato:0:shuff:2236,cs:havel-largo_desolato:0:shuff:2246,write,write,píšeš,psát,impf
en:havel-largo_desolato:0:shuff:2241,cs:havel-largo_desolato:0:shuff:2252,embraces,embrace,obejme,obejmout,pf
en:havel-largo_desolato:0:shuff:2241,cs:havel-largo_desolato:0:shuff:2252,begins,begin,začne,začít,pf
en:havel-largo_desolato:0:shuff:2242,cs:havel-largo_desolato:0:shuff:2253,sits,sit,sedí,sedět,impf
en:havel-largo_desolato:0:shuff:2243,cs:havel-largo_desolato:0:shuff:2254,falls,fall,padá,padat,impf
en:havel-largo_desolato:0:shuff:2244,cs:havel-largo_desolato:0:shuff:2256,write,write,Psal,psát,impf
en:havel-largo_desolato:0:shuff:2246,cs:havel-largo_desolato:0:shuff:2258,wanted,want,Chtěl,chtít,impf
en:havel-largo_desolato:0:shuff:2246,cs:havel-largo_desolato:0:shuff:2258,come,come,nešlo,jít,impf
en:havel-largo_desolato:0:shuff:2253,cs:havel-largo_desolato:0:shuff:2265,start,start,nezačneš,začít,pf
en:havel-largo_desolato:0:shuff:2253,cs:havel-largo_desolato:0:shuff:2265,writing,write,psát,psát,impf
en:havel-largo_desolato:0:shuff:2254,cs:havel-largo_desolato:0:shuff:2266,waiting,wait,čekají,čekat,impf
en:havel-largo_desolato:0:shuff:2260,cs:havel-largo_desolato:0:shuff:2272,mean,mean,myslíš,myslet,impf
en:havel-largo_desolato:0:shuff:2266,cs:havel-largo_desolato:0:shuff:2277,coming,come,Nejde,jít,impf
en:havel-largo_desolato:0:shuff:2267,cs:havel-largo_desolato:0:shuff:2278,listen,listen,poslouchají,poslouchat,impf
en:havel-largo_desolato:0:shuff:2276,cs:havel-largo_desolato:0:shuff:2286,goes,go,odejde,odejít,pf
en:havel-largo_desolato:0:shuff:2277,cs:havel-largo_desolato:0:shuff:2287,begins,begin,začne,začít,pf
en:havel-largo_desolato:0:shuff:2277,cs:havel-largo_desolato:0:shuff:2287,pace,pace,přecházet,přecházet,impf
en:havel-largo_desolato:0:shuff:2278,cs:havel-largo_desolato:0:shuff:2288,reaches,reach,dojde,dojít,pf
en:havel-largo_desolato:0:shuff:2278,cs:havel-largo_desolato:0:shuff:2288,stops,stop,zarazí,zarazit,pf
en:havel-largo_desolato:0:shuff:2278,cs:havel-largo_desolato:0:shuff:2288,extracts,extract,vytáhne,vytáhnout,pf
en:havel-largo_desolato:0:shuff:2278,cs:havel-largo_desolato:0:shuff:2288,extracts,extract,vyndá,vyndat,pf
en:havel-largo_desolato:0:shuff:2278,cs:havel-largo_desolato:0:shuff:2288,takes,take,vyndá,vyndat,pf
en:havel-largo_desolato:0:shuff:2278,cs:havel-largo_desolato:0:shuff:2288,swallows,swallow,spolkne,spolknout,pf
en:havel-largo_desolato:0:shuff:2279,cs:havel-largo_desolato:0:shuff:2289,doubt,doubt,nepochybuješ,pochybovat,impf
en:havel-largo_desolato:0:shuff:2285,cs:havel-largo_desolato:0:shuff:2298,rubbing,rub,tře,třít,impf
en:havel-largo_desolato:0:shuff:2286,cs:havel-largo_desolato:0:shuff:2299,lying,lie,leží,ležet,impf
en:havel-largo_desolato:0:shuff:2303,cs:havel-largo_desolato:0:shuff:2314,do,do,nejdeš,jít,impf
en:havel-largo_desolato:0:shuff:2303,cs:havel-largo_desolato:0:shuff:2314,go,go,nejdeš,jít,impf
en:havel-largo_desolato:0:shuff:2306,cs:havel-largo_desolato:0:shuff:2317,Go,go,Jít,jít,impf
en:havel-largo_desolato:0:shuff:2318,cs:havel-largo_desolato:0:shuff:2328,brought,bring,přinesla,přinést,pf
en:havel-largo_desolato:0:shuff:2320,cs:havel-largo_desolato:0:shuff:2330,forget,forget,nezapomeneš,zapomenout,pf
en:havel-largo_desolato:0:shuff:2327,cs:havel-largo_desolato:0:shuff:2337,opened,open,otevřel,otevřít,pf
en:havel-largo_desolato:0:shuff:2327,cs:havel-largo_desolato:0:shuff:2337,closed,close,zavřel,zavřít,pf
en:havel-largo_desolato:0:shuff:2333,cs:havel-largo_desolato:0:shuff:2343,consist,consist,spočíval,spočívat,impf
en:havel-largo_desolato:0:shuff:2339,cs:havel-largo_desolato:0:shuff:2349,keep,keep,Mám,mít,impf
en:havel-largo_desolato:0:shuff:2345,cs:havel-largo_desolato:0:shuff:2355,use,use,Neužívej,užívat,impf
en:havel-largo_desolato:0:shuff:2346,cs:havel-largo_desolato:0:shuff:2356,goes,go,jde,jít,impf
en:havel-largo_desolato:0:shuff:2346,cs:havel-largo_desolato:0:shuff:2356,hidden,hide,ukryty,ukrýt,pf
en:havel-largo_desolato:0:shuff:2346,cs:havel-largo_desolato:0:shuff:2356,puts,put,postaví,postavit,pf
en:havel-largo_desolato:0:shuff:2346,cs:havel-largo_desolato:0:shuff:2356,seen,see,vidět,vidět,impf
en:havel-largo_desolato:0:shuff:2346,cs:havel-largo_desolato:0:shuff:2356,goes,go,dělá,dělat,impf
en:havel-largo_desolato:0:shuff:2346,cs:havel-largo_desolato:0:shuff:2356,takes,take,dělá,dělat,impf
en:havel-largo_desolato:0:shuff:2346,cs:havel-largo_desolato:0:shuff:2356,pulls,pull,vytáhne,vytáhnout,pf
en:havel-largo_desolato:0:shuff:2346,cs:havel-largo_desolato:0:shuff:2356,takes,take,vezme,vzít,pf
en:havel-largo_desolato:0:shuff:2346,cs:havel-largo_desolato:0:shuff:2356,swallows,swallow,spolkne,spolknout,pf
en:havel-largo_desolato:0:shuff:2346,cs:havel-largo_desolato:0:shuff:2356,puts,put,uloží,uložit,pf
en:havel-largo_desolato:0:shuff:2349,cs:havel-largo_desolato:0:shuff:2359,thought,think,myslel,myslet,impf
en:havel-largo_desolato:0:shuff:2353,cs:havel-largo_desolato:0:shuff:2363,talking,talk,mluvili,mluvit,impf
en:havel-largo_desolato:0:shuff:2355,cs:havel-largo_desolato:0:shuff:2365,think,think,nezdají,zdát,impf
en:havel-largo_desolato:0:shuff:2359,cs:havel-largo_desolato:0:shuff:2369,denying,deny,popřel,popřít,pf
en:havel-largo_desolato:0:shuff:2359,cs:havel-largo_desolato:0:shuff:2369,wrote,write,napsal,napsat,pf
en:havel-largo_desolato:0:shuff:2361,cs:havel-largo_desolato:0:shuff:2371,offering,offer,nabízejí,nabízet,impf
en:havel-largo_desolato:0:shuff:2375,cs:havel-largo_desolato:0:shuff:2385,put,put,řekl,říci,pf
en:havel-largo_desolato:0:shuff:2375,cs:havel-largo_desolato:0:shuff:2385,writing,write,píšete,psát,impf
en:havel-largo_desolato:0:shuff:2377,cs:havel-largo_desolato:0:shuff:2387,come,come,uděláte,udělat,pf
en:havel-largo_desolato:0:shuff:2381,cs:havel-largo_desolato:0:shuff:2391,find,find,najdete,najít,pf
en:havel-largo_desolato:0:shuff:2399,cs:havel-largo_desolato:0:shuff:2409,sign,sign,Podepsals,podepsat,pf
en:havel-largo_desolato:0:shuff:2404,cs:havel-largo_desolato:0:shuff:2418,disappear,disappear,zmizí,zmizet,pf
en:havel-largo_desolato:0:shuff:2405,cs:havel-largo_desolato:0:shuff:2419,disappear,disappear,mizí,mizet,impf
en:havel-largo_desolato:0:shuff:2412,cs:havel-largo_desolato:0:shuff:2422,understand,understand,Chápu,chápat,impf
en:havel-largo_desolato:0:shuff:2414,cs:havel-largo_desolato:0:shuff:2424,believe,believe,věřit,věřit,impf
en:havel-largo_desolato:0:shuff:2414,cs:havel-largo_desolato:0:shuff:2424,wish,wish,nepřál,přát,impf
en:havel-largo_desolato:0:shuff:2416,cs:havel-largo_desolato:0:shuff:2426,believe,believe,Věřím,věřit,impf
en:havel-largo_desolato:0:shuff:2419,cs:havel-largo_desolato:0:shuff:2429,left,leave,zanechat,zanechat,pf
en:havel-largo_desolato:0:shuff:2420,cs:havel-largo_desolato:0:shuff:2430,acting,act,hraju,hrát,impf
en:havel-largo_desolato:0:shuff:2421,cs:havel-largo_desolato:0:shuff:2431,admit,admit,přiznat,přiznat,pf
en:havel-largo_desolato:0:shuff:2421,cs:havel-largo_desolato:0:shuff:2431,admit,admit,přiznat,přiznat,pf
en:havel-largo_desolato:0:shuff:2426,cs:havel-largo_desolato:0:shuff:2437,touch,touch,Nedotýkejte,dotýkat,impf
en:havel-largo_desolato:0:shuff:2427,cs:havel-largo_desolato:0:shuff:2438,pull,pull,táhnou,táhnout,impf
en:havel-largo_desolato:0:shuff:2427,cs:havel-largo_desolato:0:shuff:2438,drag,drag,táhnou,táhnout,impf
en:havel-largo_desolato:0:shuff:2428,cs:havel-largo_desolato:0:shuff:2439,tries,try,pokouší,pokoušet,impf
en:havel-largo_desolato:0:shuff:2428,cs:havel-largo_desolato:0:shuff:2439,prevent,prevent,zabránit,zabránit,pf
en:havel-largo_desolato:0:shuff:2428,cs:havel-largo_desolato:0:shuff:2439,push,push,odstrčí,odstrčit,pf
en:havel-largo_desolato:0:shuff:2430,cs:havel-largo_desolato:0:shuff:2442,put,put,dají,dát,pf
en:havel-largo_desolato:0:shuff:2431,cs:havel-largo_desolato:0:shuff:2443,dismisses,dismiss,zavře,zavřít,pf
en:havel-largo_desolato:0:shuff:2431,cs:havel-largo_desolato:0:shuff:2443,closes,close,zavře,zavřít,pf
en:havel-largo_desolato:0:shuff:2432,cs:havel-largo_desolato:0:shuff:2444,try,try,snažíme,snažit,impf
en:havel-largo_desolato:0:shuff:2432,cs:havel-largo_desolato:0:shuff:2444,give,give,dát,dát,pf
en:havel-largo_desolato:0:shuff:2435,cs:havel-largo_desolato:0:shuff:2447,notifying,notify,oznámit,oznámit,pf
en:havel-largo_desolato:0:shuff:2435,cs:havel-largo_desolato:0:shuff:2447,dropped,drop,upuštěno,upustit,pf
en:havel-largo_desolato:0:shuff:2440,cs:havel-largo_desolato:0:shuff:2451,declared,declare,prohlášena,prohlásit,pf
en:havel-largo_desolato:0:shuff:2447,cs:havel-largo_desolato:0:shuff:2458,leave,leave,odejít,odejít,pf
en:havel-largo_desolato:0:shuff:2451,cs:havel-largo_desolato:0:shuff:2462,go,go,jít,jít,impf
en:havel-largo_desolato:0:shuff:2458,cs:havel-largo_desolato:0:shuff:2470,opens,open,otevře,otevřít,pf
en:havel-largo_desolato:0:shuff:2459,cs:havel-largo_desolato:0:shuff:2471,enter,enter,vstoupí,vstoupit,pf
en:havel-largo_desolato:0:shuff:2461,cs:havel-largo_desolato:0:shuff:2473,take,take,uchopí,uchopit,pf
en:havel-largo_desolato:0:shuff:2466,cs:havel-largo_desolato:0:shuff:2478,hold,hold,Nezdržím,zdržet,pf
en:havel-largo_desolato:0:shuff:2478,cs:havel-largo_desolato:0:shuff:2491,closes,close,zavře,zavřít,pf
en:havel-largo_desolato:0:shuff:2482,cs:havel-largo_desolato:0:shuff:2494,Thank,thank,Děkuji,děkovat,impf
en:havel-largo_desolato:0:shuff:2483,cs:havel-largo_desolato:0:shuff:2495,listens,listen,naslouchá,naslouchat,impf
en:havel-largo_desolato:0:shuff:2483,cs:havel-largo_desolato:0:shuff:2495,continues,continue,pokračuje,pokračovat,impf
en:havel-largo_desolato:0:shuff:2484,cs:havel-largo_desolato:0:shuff:2496,reaching,reach,dojde,dojít,pf
en:havel-largo_desolato:0:shuff:2484,cs:havel-largo_desolato:0:shuff:2496,reflects,reflect,přemítá,přemítat,impf
en:havel-largo_desolato:0:shuff:2484,cs:havel-largo_desolato:0:shuff:2496,reaching,reach,sáhne,sáhnout,pf
en:havel-largo_desolato:0:shuff:2484,cs:havel-largo_desolato:0:shuff:2496,pulls,pull,vytáhne,vytáhnout,pf
en:havel-largo_desolato:0:shuff:2485,cs:havel-largo_desolato:0:shuff:2497,sits,sit,usedne,usednout,pf
en:havel-largo_desolato:0:shuff:2485,cs:havel-largo_desolato:0:shuff:2497,opens,open,otevře,otevřít,pf
en:havel-largo_desolato:0:shuff:2488,cs:havel-largo_desolato:0:shuff:2500,closes,close,zavře,zavřít,pf
en:havel-largo_desolato:0:shuff:2490,cs:havel-largo_desolato:0:shuff:2502,offers,offer,nabídne,nabídnout,pf
en:havel-largo_desolato:0:shuff:2493,cs:havel-largo_desolato:0:shuff:2505,finds,find,najde,najít,pf
en:havel-largo_desolato:0:shuff:2493,cs:havel-largo_desolato:0:shuff:2505,lights,light,zapálí,zapálit,pf
en:havel-largo_desolato:0:shuff:2494,cs:havel-largo_desolato:0:shuff:2506,ask,ask,Poprosil,poprosit,pf
en:havel-largo_desolato:0:shuff:2505,cs:havel-largo_desolato:0:shuff:2516,looks,look,dívá,dívat,impf
en:havel-largo_desolato:0:shuff:2506,cs:havel-largo_desolato:0:shuff:2517,listens,listen,naslouchá,naslouchat,impf
en:havel-largo_desolato:0:shuff:2507,cs:havel-largo_desolato:0:shuff:2518,drops,drop,padá,padat,impf
en:havel-largo_desolato:0:shuff:2510,cs:havel-largo_desolato:0:shuff:2522,declaring,declare,prohlásil,prohlásit,pf
en:havel-largo_desolato:0:shuff:2510,cs:havel-largo_desolato:0:shuff:2522,declaring,declare,prohlásil,prohlásit,pf
en:havel-largo_desolato:0:shuff:2510,cs:havel-largo_desolato:0:shuff:2522,declaring,declare,prohlásil,prohlásit,pf
en:havel-largo_desolato:0:shuff:2510,cs:havel-largo_desolato:0:shuff:2522,declaring,declare,prohlásil,prohlásit,pf
en:havel-largo_desolato:0:shuff:2514,cs:havel-largo_desolato:0:shuff:2526,think,think,myslíte,myslet,impf
en:havel-largo_desolato:0:shuff:2515,cs:havel-largo_desolato:0:shuff:2527,look,look,Podívejte,podívat,pf
en:havel-largo_desolato:0:shuff:2515,cs:havel-largo_desolato:0:shuff:2527,see,see,Podívejte,podívat,pf
en:havel-largo_desolato:0:shuff:2515,cs:havel-largo_desolato:0:shuff:2527,see,see,uvidíte,uvidět,pf
en:havel-largo_desolato:0:shuff:2517,cs:havel-largo_desolato:0:shuff:2529,begins,begin,začne,začít,pf
en:havel-largo_desolato:0:shuff:2517,cs:havel-largo_desolato:0:shuff:2529,go,go,začne,začít,pf
en:havel-largo_desolato:0:shuff:2517,cs:havel-largo_desolato:0:shuff:2529,finds,find,najde,najít,pf
en:havel-largo_desolato:0:shuff:2518,cs:havel-largo_desolato:0:shuff:2530,puts,put,Položí,položit,pf
en:havel-largo_desolato:0:shuff:2519,cs:havel-largo_desolato:0:shuff:2531,gives,give,podá,podat,pf
en:havel-largo_desolato:0:shuff:2519,cs:havel-largo_desolato:0:shuff:2531,holds,hold,drží,držet,impf
en:havel-largo_desolato:0:shuff:2519,cs:havel-largo_desolato:0:shuff:2531,reads,read,čte,číst,impf
en:havel-largo_desolato:0:shuff:2525,cs:havel-largo_desolato:0:shuff:2537,come,come,přijít,přijít,pf
en:havel-largo_desolato:0:shuff:2527,cs:havel-largo_desolato:0:shuff:2539,apologize,apologize,Omlouváme,omlouvat,impf
en:havel-largo_desolato:0:shuff:2532,cs:havel-largo_desolato:0:shuff:2544,keep,keep,nezdržíme,zdržet,pf
en:havel-largo_desolato:0:shuff:2532,cs:havel-largo_desolato:0:shuff:2544,depends,depend,záleží,záležet,impf
en:havel-largo_desolato:0:shuff:2539,cs:havel-largo_desolato:0:shuff:2551,want,want,žádáte,žádat,impf
en:havel-largo_desolato:0:shuff:2544,cs:havel-largo_desolato:0:shuff:2556,want,want,nežádáme,žádat,impf
en:havel-largo_desolato:0:shuff:2546,cs:havel-largo_desolato:0:shuff:2558,want,want,nechci,chtít,impf
en:havel-largo_desolato:0:shuff:2546,cs:havel-largo_desolato:0:shuff:2558,want,want,nechci,chtít,impf
en:havel-largo_desolato:0:shuff:2548,cs:havel-largo_desolato:0:shuff:2560,listening,listen,naslouchá,naslouchat,impf
en:havel-largo_desolato:0:shuff:2552,cs:havel-largo_desolato:0:shuff:2564,jumps,jump,vyskočí,vyskočit,pf
en:havel-largo_desolato:0:shuff:2554,cs:havel-largo_desolato:0:shuff:2566,goes,go,jde,jít,impf
en:havel-largo_desolato:0:shuff:2554,cs:havel-largo_desolato:0:shuff:2566,looks,look,podívá,podívat,pf
en:havel-largo_desolato:0:shuff:2554,cs:havel-largo_desolato:0:shuff:2566,leaving,leave,nechá,nechat,pf
en:havel-largo_desolato:0:shuff:2559,cs:havel-largo_desolato:0:shuff:2570,sit,sit,posadit,posadit,pf
en:havel-largo_desolato:0:shuff:2563,cs:havel-largo_desolato:0:shuff:2574,thought,think,nemyslete,myslet,impf
en:havel-largo_desolato:0:shuff:2572,cs:havel-largo_desolato:0:shuff:2583,look,look,hledáme,hledat,impf
en:havel-largo_desolato:0:shuff:2572,cs:havel-largo_desolato:0:shuff:2583,achieve,achieve,dosáhnout,dosáhnout,pf
en:havel-largo_desolato:0:shuff:2572,cs:havel-largo_desolato:0:shuff:2583,go,go,jde,jít,impf
en:havel-largo_desolato:0:shuff:2574,cs:havel-largo_desolato:0:shuff:2585,closed,close,zavřou,zavřít,pf
en:havel-largo_desolato:0:shuff:2577,cs:havel-largo_desolato:0:shuff:2588,falls,fall,padá,padat,impf
en:havel-largo_desolato:0:shuff:2589,cs:havel-largo_desolato:0:shuff:2599,goes,go,odejde,odejít,pf
en:havel-largo_desolato:0:shuff:2590,cs:havel-largo_desolato:0:shuff:2600,looking,look,hledí,hledět,impf
en:havel-largo_desolato:0:shuff:2590,cs:havel-largo_desolato:0:shuff:2600,returns,return,vrátí,vrátit,pf
en:havel-largo_desolato:0:shuff:2590,cs:havel-largo_desolato:0:shuff:2600,sits,sit,usedne,usednout,pf
en:havel-largo_desolato:0:shuff:2597,cs:havel-largo_desolato:0:shuff:2607,think,think,Vzpomeneš,vzpomenout,pf
en:havel-largo_desolato:0:shuff:2603,cs:havel-largo_desolato:0:shuff:2613,thinking,think,myslet,myslet,impf
en:havel-largo_desolato:0:shuff:2608,cs:havel-largo_desolato:0:shuff:2615,say,say,Říkáš,říkat,impf
en:havel-largo_desolato:0:shuff:2615,cs:havel-largo_desolato:0:shuff:2621,goes,go,odejde,odejít,pf
en:havel-largo_desolato:0:shuff:2616,cs:havel-largo_desolato:0:shuff:2622,seen,see,vidět,vidět,impf
en:havel-largo_desolato:0:shuff:2616,cs:havel-largo_desolato:0:shuff:2622,putting,put,ukládají,ukládat,impf
en:havel-largo_desolato:0:shuff:2616,cs:havel-largo_desolato:0:shuff:2622,quarrelling,quarrel,hádají,hádat,impf
en:havel-largo_desolato:0:shuff:2631,cs:havel-largo_desolato:0:shuff:2638,sitting,sit,Seděl,sedět,impf
en:havel-largo_desolato:0:shuff:2631,cs:havel-largo_desolato:0:shuff:2638,want,want,chci,chtít,impf
en:havel-largo_desolato:0:shuff:2633,cs:havel-largo_desolato:0:shuff:2640,takes,take,bere,brát,impf
en:havel-largo_desolato:0:shuff:2633,cs:havel-largo_desolato:0:shuff:2640,drinking,drink,napít,napít,pf
en:havel-largo_desolato:0:shuff:2643,cs:havel-largo_desolato:0:shuff:2649,say,say,řekněte,říci,pf
