en:Jirotka-Saturnin:0:shuff:1,cs:Jirotka-Saturnin:0:shuff:1,complement,complement,doplňují,doplňovat,impf
en:Jirotka-Saturnin:0:shuff:3,cs:Jirotka-Saturnin:0:shuff:4,taking,take,chápána,chápat,impf
en:Jirotka-Saturnin:0:shuff:4,cs:Jirotka-Saturnin:0:shuff:5,Taken,take,vzato,vzít,pf
en:Jirotka-Saturnin:0:shuff:6,cs:Jirotka-Saturnin:0:shuff:7,imagine,imagine,představit,představit,pf
en:Jirotka-Saturnin:0:shuff:6,cs:Jirotka-Saturnin:0:shuff:7,commending,commend,radí,radit,impf
en:Jirotka-Saturnin:0:shuff:6,cs:Jirotka-Saturnin:0:shuff:7,play,play,hrála,hrát,impf
en:Jirotka-Saturnin:0:shuff:6,cs:Jirotka-Saturnin:0:shuff:7,play,play,hrála,hrát,impf
en:Jirotka-Saturnin:0:shuff:6,cs:Jirotka-Saturnin:0:shuff:7,leave,leave,nechá,nechat,pf
en:Jirotka-Saturnin:0:shuff:7,cs:Jirotka-Saturnin:0:shuff:8,say,say,pravil,pravit,pf
en:Jirotka-Saturnin:0:shuff:9,cs:Jirotka-Saturnin:0:shuff:10,said,say,pravila,pravit,pf
en:Jirotka-Saturnin:0:shuff:10,cs:Jirotka-Saturnin:0:shuff:11,thought,think,myslí,myslet,impf
en:Jirotka-Saturnin:0:shuff:11,cs:Jirotka-Saturnin:0:shuff:12,hoped,hope,doufá,doufat,impf
en:Jirotka-Saturnin:0:shuff:13,cs:Jirotka-Saturnin:0:shuff:14,announced,announce,oznámil,oznámit,pf
en:Jirotka-Saturnin:0:shuff:14,cs:Jirotka-Saturnin:0:shuff:15,said,say,Pravila,pravit,pf
en:Jirotka-Saturnin:0:shuff:14,cs:Jirotka-Saturnin:0:shuff:15,want,want,nechtělo,chtít,impf
en:Jirotka-Saturnin:0:shuff:17,cs:Jirotka-Saturnin:0:shuff:18,say,say,řekl,říci,pf
en:Jirotka-Saturnin:0:shuff:17,cs:Jirotka-Saturnin:0:shuff:18,agree,agree,souhlasit,souhlasit,impf
en:Jirotka-Saturnin:0:shuff:18,cs:Jirotka-Saturnin:0:shuff:19,filled,fill,naplněny,naplnit,pf
en:Jirotka-Saturnin:0:shuff:21,cs:Jirotka-Saturnin:0:shuff:23,wished,wish,přál,přát,impf
en:Jirotka-Saturnin:0:shuff:21,cs:Jirotka-Saturnin:0:shuff:23,meet,meet,potkala,potkat,pf
en:Jirotka-Saturnin:0:shuff:22,cs:Jirotka-Saturnin:0:shuff:24,sending,send,poslal,poslat,pf
en:Jirotka-Saturnin:0:shuff:23,cs:Jirotka-Saturnin:0:shuff:25,exploit,exploit,využít,využít,pf
en:Jirotka-Saturnin:0:shuff:23,cs:Jirotka-Saturnin:0:shuff:25,stopped,stop,přestalo,přestat,pf
en:Jirotka-Saturnin:0:shuff:23,cs:Jirotka-Saturnin:0:shuff:25,raining,rain,pršet,pršet,impf
en:Jirotka-Saturnin:0:shuff:23,cs:Jirotka-Saturnin:0:shuff:25,wanted,want,chce,chtít,impf
en:Jirotka-Saturnin:0:shuff:24,cs:Jirotka-Saturnin:0:shuff:26,accompany,accompany,doprovázet,doprovázet,impf
en:Jirotka-Saturnin:0:shuff:26,cs:Jirotka-Saturnin:0:shuff:29,offended,offend,dotčen,dotknout,pf
en:Jirotka-Saturnin:0:shuff:26,cs:Jirotka-Saturnin:0:shuff:29,collapsed,collapse,nezřítil,zřítit,pf
en:Jirotka-Saturnin:0:shuff:29,cs:Jirotka-Saturnin:0:shuff:32,collapsed,collapse,zřítil,zřítit,pf
en:Jirotka-Saturnin:0:shuff:30,cs:Jirotka-Saturnin:0:shuff:33,creaked,creak,praskalo,praskat,impf
en:Jirotka-Saturnin:0:shuff:30,cs:Jirotka-Saturnin:0:shuff:33,reach,reach,dosáhnout,dosáhnout,pf
en:Jirotka-Saturnin:0:shuff:30,cs:Jirotka-Saturnin:0:shuff:33,passed,pass,projít,projít,pf
en:Jirotka-Saturnin:0:shuff:30,cs:Jirotka-Saturnin:0:shuff:33,passing,pass,projít,projít,pf
en:Jirotka-Saturnin:0:shuff:31,cs:Jirotka-Saturnin:0:shuff:34,decided,decide,Rozhodl,rozhodnout,pf
en:Jirotka-Saturnin:0:shuff:36,cs:Jirotka-Saturnin:0:shuff:39,spotted,spot,uviděl,uvidět,pf
en:Jirotka-Saturnin:0:shuff:37,cs:Jirotka-Saturnin:0:shuff:40,considered,consider,přemýšlel,přemýšlet,impf
en:Jirotka-Saturnin:0:shuff:37,cs:Jirotka-Saturnin:0:shuff:40,arrange,arrange,zařídit,zařídit,pf
en:Jirotka-Saturnin:0:shuff:37,cs:Jirotka-Saturnin:0:shuff:40,discover,discover,našla,najít,pf
en:Jirotka-Saturnin:0:shuff:38,cs:Jirotka-Saturnin:0:shuff:41,imagined,imagine,Představoval,představovat,impf
en:Jirotka-Saturnin:0:shuff:39,cs:Jirotka-Saturnin:0:shuff:42,scare,scare,vyděsit,vyděsit,pf
en:Jirotka-Saturnin:0:shuff:39,cs:Jirotka-Saturnin:0:shuff:42,frightening,frighten,vyděsit,vyděsit,pf
en:Jirotka-Saturnin:0:shuff:39,cs:Jirotka-Saturnin:0:shuff:42,scare,scare,strašit,strašit,impf
en:Jirotka-Saturnin:0:shuff:39,cs:Jirotka-Saturnin:0:shuff:42,frightening,frighten,strašit,strašit,impf
en:Jirotka-Saturnin:0:shuff:39,cs:Jirotka-Saturnin:0:shuff:42,made,make,způsobilo,způsobit,pf
en:Jirotka-Saturnin:0:shuff:39,cs:Jirotka-Saturnin:0:shuff:42,made,make,způsobilo,způsobit,pf
en:Jirotka-Saturnin:0:shuff:40,cs:Jirotka-Saturnin:0:shuff:43,write,write,napíšeme,napsat,pf
en:Jirotka-Saturnin:0:shuff:41,cs:Jirotka-Saturnin:0:shuff:44,read,read,přečti,přečíst,pf
en:Jirotka-Saturnin:0:shuff:42,cs:Jirotka-Saturnin:0:shuff:45,stay,stay,zůstat,zůstat,pf
en:Jirotka-Saturnin:0:shuff:42,cs:Jirotka-Saturnin:0:shuff:45,hope,hope,doufám,doufat,impf
en:Jirotka-Saturnin:0:shuff:45,cs:Jirotka-Saturnin:0:shuff:48,added,add,Dodal,dodat,pf
en:Jirotka-Saturnin:0:shuff:45,cs:Jirotka-Saturnin:0:shuff:48,send,send,pošle,poslat,pf
en:Jirotka-Saturnin:0:shuff:45,cs:Jirotka-Saturnin:0:shuff:48,help,help,pomohl,pomoci,pf
en:Jirotka-Saturnin:0:shuff:45,cs:Jirotka-Saturnin:0:shuff:48,went,go,odešel,odejít,pf
en:Jirotka-Saturnin:0:shuff:49,cs:Jirotka-Saturnin:0:shuff:52,stand,stand,postavil,postavit,pf
en:Jirotka-Saturnin:0:shuff:49,cs:Jirotka-Saturnin:0:shuff:52,pass,pass,podávat,podávat,impf
en:Jirotka-Saturnin:0:shuff:50,cs:Jirotka-Saturnin:0:shuff:53,accepted,accept,uznal,uznat,pf
en:Jirotka-Saturnin:0:shuff:51,cs:Jirotka-Saturnin:0:shuff:54,recommended,recommend,Doporučoval,doporučovat,impf
en:Jirotka-Saturnin:0:shuff:52,cs:Jirotka-Saturnin:0:shuff:55,thanked,thank,poděkoval,poděkovat,pf
en:Jirotka-Saturnin:0:shuff:52,cs:Jirotka-Saturnin:0:shuff:55,telephoned,telephone,telefonoval,telefonovat,impf
en:Jirotka-Saturnin:0:shuff:53,cs:Jirotka-Saturnin:0:shuff:56,told,tell,řečeno,říci,pf
en:Jirotka-Saturnin:0:shuff:54,cs:Jirotka-Saturnin:0:shuff:57,rang,ring,zavolal,zavolat,pf
en:Jirotka-Saturnin:0:shuff:55,cs:Jirotka-Saturnin:0:shuff:58,consider,consider,domnívám,domnívat,impf
en:Jirotka-Saturnin:0:shuff:55,cs:Jirotka-Saturnin:0:shuff:58,consider,consider,považuji,považovat,impf
en:Jirotka-Saturnin:0:shuff:56,cs:Jirotka-Saturnin:0:shuff:59,denies,deny,popřel,popřít,pf
en:Jirotka-Saturnin:0:shuff:57,cs:Jirotka-Saturnin:0:shuff:60,avoiding,avoid,vyhnout,vyhnout,pf
en:Jirotka-Saturnin:0:shuff:57,cs:Jirotka-Saturnin:0:shuff:60,persuaded,persuade,přesvědčil,přesvědčit,pf
en:Jirotka-Saturnin:0:shuff:59,cs:Jirotka-Saturnin:0:shuff:62,suppose,suppose,domníval,domnívat,impf
en:Jirotka-Saturnin:0:shuff:60,cs:Jirotka-Saturnin:0:shuff:63,discovered,discover,zjistil,zjistit,pf
en:Jirotka-Saturnin:0:shuff:61,cs:Jirotka-Saturnin:0:shuff:64,told,tell,říkali,říkat,impf
en:Jirotka-Saturnin:0:shuff:61,cs:Jirotka-Saturnin:0:shuff:64,remember,remember,pamatuji,pamatovat,impf
en:Jirotka-Saturnin:0:shuff:62,cs:Jirotka-Saturnin:0:shuff:65,spoiled,spoil,zkazil,zkazit,pf
en:Jirotka-Saturnin:0:shuff:62,cs:Jirotka-Saturnin:0:shuff:65,flung,fling,vyhodil,vyhodit,pf
en:Jirotka-Saturnin:0:shuff:63,cs:Jirotka-Saturnin:0:shuff:66,proposed,propose,navrhl,navrhnout,pf
en:Jirotka-Saturnin:0:shuff:63,cs:Jirotka-Saturnin:0:shuff:66,divided,divide,rozdělili,rozdělit,pf
en:Jirotka-Saturnin:0:shuff:63,cs:Jirotka-Saturnin:0:shuff:66,find,find,najdeme,najít,pf
en:Jirotka-Saturnin:0:shuff:66,cs:Jirotka-Saturnin:0:shuff:69,imagined,imagine,představoval,představovat,impf
en:Jirotka-Saturnin:0:shuff:68,cs:Jirotka-Saturnin:0:shuff:72,sighed,sigh,vzdychla,vzdychnout,pf
en:Jirotka-Saturnin:0:shuff:69,cs:Jirotka-Saturnin:0:shuff:73,asked,ask,ptal,ptát,impf
en:Jirotka-Saturnin:0:shuff:70,cs:Jirotka-Saturnin:0:shuff:74,done,do,udělal,udělat,pf
en:Jirotka-Saturnin:0:shuff:70,cs:Jirotka-Saturnin:0:shuff:74,reminded,remind,nepřipomenul,připomenout,pf
en:Jirotka-Saturnin:0:shuff:71,cs:Jirotka-Saturnin:0:shuff:75,occurred,occur,napadlo,napadnout,pf
en:Jirotka-Saturnin:0:shuff:71,cs:Jirotka-Saturnin:0:shuff:75,try,try,pokusil,pokusit,pf
en:Jirotka-Saturnin:0:shuff:72,cs:Jirotka-Saturnin:0:shuff:76,imagine,imagine,představit,představit,pf
en:Jirotka-Saturnin:0:shuff:73,cs:Jirotka-Saturnin:0:shuff:77,felt,feel,Pociťoval,pociťovat,impf
en:Jirotka-Saturnin:0:shuff:73,cs:Jirotka-Saturnin:0:shuff:77,hold,hold,držel,držet,impf
en:Jirotka-Saturnin:0:shuff:76,cs:Jirotka-Saturnin:0:shuff:80,talk,talk,vyprávěli,vyprávět,impf
en:Jirotka-Saturnin:0:shuff:77,cs:Jirotka-Saturnin:0:shuff:81,watching,watch,střežili,střežit,impf
en:Jirotka-Saturnin:0:shuff:77,cs:Jirotka-Saturnin:0:shuff:81,watching,watch,dívali,dívat,impf
en:Jirotka-Saturnin:0:shuff:78,cs:Jirotka-Saturnin:0:shuff:82,spend,spend,strávil,strávit,pf
en:Jirotka-Saturnin:0:shuff:78,cs:Jirotka-Saturnin:0:shuff:82,said,say,řekl,říci,pf
en:Jirotka-Saturnin:0:shuff:78,cs:Jirotka-Saturnin:0:shuff:82,tried,try,pokusila,pokusit,pf
en:Jirotka-Saturnin:0:shuff:79,cs:Jirotka-Saturnin:0:shuff:83,maintained,maintain,Trvalo,trvat,impf
en:Jirotka-Saturnin:0:shuff:80,cs:Jirotka-Saturnin:0:shuff:84,told,tell,řekla,říci,pf
en:Jirotka-Saturnin:0:shuff:81,cs:Jirotka-Saturnin:0:shuff:85,go,go,jít,jít,impf
en:Jirotka-Saturnin:0:shuff:82,cs:Jirotka-Saturnin:0:shuff:86,told,tell,řekl,říci,pf
en:Jirotka-Saturnin:0:shuff:82,cs:Jirotka-Saturnin:0:shuff:86,asked,ask,tázal,tázat,impf
en:Jirotka-Saturnin:0:shuff:82,cs:Jirotka-Saturnin:0:shuff:86,understood,understand,rozuměl,rozumět,impf
en:Jirotka-Saturnin:0:shuff:84,cs:Jirotka-Saturnin:0:shuff:88,read,read,četl,číst,impf
en:Jirotka-Saturnin:0:shuff:84,cs:Jirotka-Saturnin:0:shuff:88,held,hold,mít,mít,impf
en:Jirotka-Saturnin:0:shuff:84,cs:Jirotka-Saturnin:0:shuff:88,held,hold,mají,mít,impf
en:Jirotka-Saturnin:0:shuff:85,cs:Jirotka-Saturnin:0:shuff:89,appeared,appear,objevil,objevit,pf
en:Jirotka-Saturnin:0:shuff:85,cs:Jirotka-Saturnin:0:shuff:89,saying,say,pravil,pravit,pf
en:Jirotka-Saturnin:0:shuff:87,cs:Jirotka-Saturnin:0:shuff:91,lit,light,zapaloval,zapalovat,impf
en:Jirotka-Saturnin:0:shuff:87,cs:Jirotka-Saturnin:0:shuff:91,watched,watch,pozorovala,pozorovat,impf
en:Jirotka-Saturnin:0:shuff:88,cs:Jirotka-Saturnin:0:shuff:92,think,think,Myslím,myslet,impf
en:Jirotka-Saturnin:0:shuff:88,cs:Jirotka-Saturnin:0:shuff:92,offer,offer,nabídl,nabídnout,pf
en:Jirotka-Saturnin:0:shuff:89,cs:Jirotka-Saturnin:0:shuff:93,lit,light,Zapálila,zapálit,pf
en:Jirotka-Saturnin:0:shuff:92,cs:Jirotka-Saturnin:0:shuff:97,pranced,prance,poskakovala,poskakovat,impf
en:Jirotka-Saturnin:0:shuff:93,cs:Jirotka-Saturnin:0:shuff:98,raised,raise,zvedl,zvednout,pf
en:Jirotka-Saturnin:0:shuff:96,cs:Jirotka-Saturnin:0:shuff:102,managed,manage,Řídila,řídit,impf
en:Jirotka-Saturnin:0:shuff:97,cs:Jirotka-Saturnin:0:shuff:103,approached,approach,blížili,blížit,impf
en:Jirotka-Saturnin:0:shuff:97,cs:Jirotka-Saturnin:0:shuff:103,streaming,stream,teče,téci,impf
en:Jirotka-Saturnin:0:shuff:98,cs:Jirotka-Saturnin:0:shuff:104,thought,think,měl,mít,impf
en:Jirotka-Saturnin:0:shuff:98,cs:Jirotka-Saturnin:0:shuff:104,drowned,drown,utopil,utopit,pf
en:Jirotka-Saturnin:0:shuff:100,cs:Jirotka-Saturnin:0:shuff:106,say,say,pravím,pravit,pf
en:Jirotka-Saturnin:0:shuff:100,cs:Jirotka-Saturnin:0:shuff:106,complain,complain,stěžovat,stěžovat,impf
en:Jirotka-Saturnin:0:shuff:102,cs:Jirotka-Saturnin:0:shuff:108,noted,note,zapsáno,zapsat,pf
en:Jirotka-Saturnin:0:shuff:102,cs:Jirotka-Saturnin:0:shuff:108,wrote,write,zapsáno,zapsat,pf
en:Jirotka-Saturnin:0:shuff:102,cs:Jirotka-Saturnin:0:shuff:108,wrote,write,zapisoval,zapisovat,impf
en:Jirotka-Saturnin:0:shuff:103,cs:Jirotka-Saturnin:0:shuff:109,called,call,Říkal,říkat,impf
en:Jirotka-Saturnin:0:shuff:104,cs:Jirotka-Saturnin:0:shuff:110,drew,draw,nakreslil,nakreslit,pf
en:Jirotka-Saturnin:0:shuff:104,cs:Jirotka-Saturnin:0:shuff:110,asked,ask,žádal,žádat,impf
en:Jirotka-Saturnin:0:shuff:104,cs:Jirotka-Saturnin:0:shuff:110,sign,sign,podepsali,podepsat,pf
en:Jirotka-Saturnin:0:shuff:107,cs:Jirotka-Saturnin:0:shuff:112,go,go,Jedeme,jet,impf
en:Jirotka-Saturnin:0:shuff:107,cs:Jirotka-Saturnin:0:shuff:112,invites,invite,pozval,pozvat,pf
en:Jirotka-Saturnin:0:shuff:107,cs:Jirotka-Saturnin:0:shuff:112,teaches,teach,učí,učit,impf
en:Jirotka-Saturnin:0:shuff:112,cs:Jirotka-Saturnin:0:shuff:119,forced,force,nucen,nutit,impf
en:Jirotka-Saturnin:0:shuff:112,cs:Jirotka-Saturnin:0:shuff:119,accept,accept,vzít,vzít,pf
en:Jirotka-Saturnin:0:shuff:112,cs:Jirotka-Saturnin:0:shuff:119,locked,lock,zavřen,zavřít,pf
en:Jirotka-Saturnin:0:shuff:112,cs:Jirotka-Saturnin:0:shuff:119,say,say,říci,říci,pf
en:Jirotka-Saturnin:0:shuff:113,cs:Jirotka-Saturnin:0:shuff:120,listened,listen,naslouchal,naslouchat,impf
en:Jirotka-Saturnin:0:shuff:115,cs:Jirotka-Saturnin:0:shuff:122,underestimate,underestimate,podceňován,podceňovat,impf
en:Jirotka-Saturnin:0:shuff:116,cs:Jirotka-Saturnin:0:shuff:123,saved,save,zachránily,zachránit,pf
en:Jirotka-Saturnin:0:shuff:118,cs:Jirotka-Saturnin:0:shuff:125,seeing,see,uviděla,uvidět,pf
en:Jirotka-Saturnin:0:shuff:120,cs:Jirotka-Saturnin:0:shuff:127,enter,enter,Nevstupovat,vstupovat,impf
en:Jirotka-Saturnin:0:shuff:120,cs:Jirotka-Saturnin:0:shuff:127,enter,enter,vstupuje,vstupovat,impf
en:Jirotka-Saturnin:0:shuff:121,cs:Jirotka-Saturnin:0:shuff:128,forget,forget,nezapomenu,zapomenout,pf
en:Jirotka-Saturnin:0:shuff:121,cs:Jirotka-Saturnin:0:shuff:128,came,come,přiběhla,přiběhnout,pf
en:Jirotka-Saturnin:0:shuff:121,cs:Jirotka-Saturnin:0:shuff:128,asking,ask,žádala,žádat,impf
en:Jirotka-Saturnin:0:shuff:121,cs:Jirotka-Saturnin:0:shuff:128,came,come,šel,jít,impf
en:Jirotka-Saturnin:0:shuff:121,cs:Jirotka-Saturnin:0:shuff:128,go,go,šel,jít,impf
en:Jirotka-Saturnin:0:shuff:122,cs:Jirotka-Saturnin:0:shuff:129,surprised,surprise,překvapeni,překvapit,pf
en:Jirotka-Saturnin:0:shuff:122,cs:Jirotka-Saturnin:0:shuff:129,wanted,want,nechtěla,chtít,impf
en:Jirotka-Saturnin:0:shuff:123,cs:Jirotka-Saturnin:0:shuff:130,asked,ask,ptal,ptát,impf
en:Jirotka-Saturnin:0:shuff:124,cs:Jirotka-Saturnin:0:shuff:131,found,find,octli,octnout,pf
en:Jirotka-Saturnin:0:shuff:127,cs:Jirotka-Saturnin:0:shuff:134,agreed,agree,souhlasila,souhlasit,impf
en:Jirotka-Saturnin:0:shuff:129,cs:Jirotka-Saturnin:0:shuff:136,died,die,zemřel,zemřít,pf
en:Jirotka-Saturnin:0:shuff:130,cs:Jirotka-Saturnin:0:shuff:137,did,do,nejde,jít,impf
en:Jirotka-Saturnin:0:shuff:132,cs:Jirotka-Saturnin:0:shuff:139,moved,move,pohybuje,pohybovat,impf
en:Jirotka-Saturnin:0:shuff:132,cs:Jirotka-Saturnin:0:shuff:139,finishing,finish,dokončuje,dokončovat,impf
en:Jirotka-Saturnin:0:shuff:132,cs:Jirotka-Saturnin:0:shuff:139,serving,serve,podával,podávat,impf
en:Jirotka-Saturnin:0:shuff:134,cs:Jirotka-Saturnin:0:shuff:141,concerning,concern,týká,týkat,impf
en:Jirotka-Saturnin:0:shuff:134,cs:Jirotka-Saturnin:0:shuff:141,think,think,nemá,mít,impf
en:Jirotka-Saturnin:0:shuff:134,cs:Jirotka-Saturnin:0:shuff:141,think,think,myslím,myslet,impf
en:Jirotka-Saturnin:0:shuff:134,cs:Jirotka-Saturnin:0:shuff:141,think,think,měl,mít,impf
en:Jirotka-Saturnin:0:shuff:134,cs:Jirotka-Saturnin:0:shuff:141,speak,speak,mluvit,mluvit,impf
en:Jirotka-Saturnin:0:shuff:136,cs:Jirotka-Saturnin:0:shuff:143,use,use,neužívám,užívat,impf
en:Jirotka-Saturnin:0:shuff:136,cs:Jirotka-Saturnin:0:shuff:143,live,live,Bydlíme,bydlet,impf
en:Jirotka-Saturnin:0:shuff:136,cs:Jirotka-Saturnin:0:shuff:143,abide,abide,Bydlíme,bydlet,impf
en:Jirotka-Saturnin:0:shuff:136,cs:Jirotka-Saturnin:0:shuff:143,abide,abide,nesnese,snést,pf
en:Jirotka-Saturnin:0:shuff:137,cs:Jirotka-Saturnin:0:shuff:144,like,like,Chtěl,chtít,impf
en:Jirotka-Saturnin:0:shuff:137,cs:Jirotka-Saturnin:0:shuff:144,imagine,imagine,představili,představit,pf
en:Jirotka-Saturnin:0:shuff:139,cs:Jirotka-Saturnin:0:shuff:146,attracted,attract,přitahovaly,přitahovat,impf
en:Jirotka-Saturnin:0:shuff:139,cs:Jirotka-Saturnin:0:shuff:146,suspect,suspect,tušit,tušit,impf
en:Jirotka-Saturnin:0:shuff:144,cs:Jirotka-Saturnin:0:shuff:152,take,take,vzal,vzít,pf
en:Jirotka-Saturnin:0:shuff:144,cs:Jirotka-Saturnin:0:shuff:152,intends,intend,míní,mínit,impf
en:Jirotka-Saturnin:0:shuff:144,cs:Jirotka-Saturnin:0:shuff:152,go,go,jít,jít,impf
en:Jirotka-Saturnin:0:shuff:147,cs:Jirotka-Saturnin:0:shuff:155,waiting,wait,Čekal,čekat,impf
en:Jirotka-Saturnin:0:shuff:147,cs:Jirotka-Saturnin:0:shuff:155,suggest,suggest,navrhne,navrhnout,pf
en:Jirotka-Saturnin:0:shuff:151,cs:Jirotka-Saturnin:0:shuff:159,seems,seem,Zdá,zdát,impf
en:Jirotka-Saturnin:0:shuff:152,cs:Jirotka-Saturnin:0:shuff:160,thought,think,Myslil,myslit,impf
en:Jirotka-Saturnin:0:shuff:152,cs:Jirotka-Saturnin:0:shuff:160,kill,kill,zabít,zabít,pf
en:Jirotka-Saturnin:0:shuff:152,cs:Jirotka-Saturnin:0:shuff:160,killing,kill,zabít,zabít,pf
en:Jirotka-Saturnin:0:shuff:152,cs:Jirotka-Saturnin:0:shuff:160,kill,kill,zabít,zabít,pf
en:Jirotka-Saturnin:0:shuff:152,cs:Jirotka-Saturnin:0:shuff:160,killing,kill,zabít,zabít,pf
en:Jirotka-Saturnin:0:shuff:154,cs:Jirotka-Saturnin:0:shuff:162,look,look,hledal,hledat,impf
en:Jirotka-Saturnin:0:shuff:154,cs:Jirotka-Saturnin:0:shuff:162,discover,discover,nenašel,najít,pf
en:Jirotka-Saturnin:0:shuff:156,cs:Jirotka-Saturnin:0:shuff:164,exploded,explode,vybuchl,vybuchnout,pf
en:Jirotka-Saturnin:0:shuff:157,cs:Jirotka-Saturnin:0:shuff:165,called,call,Zvolala,zvolat,pf
en:Jirotka-Saturnin:0:shuff:157,cs:Jirotka-Saturnin:0:shuff:165,threw,throw,vrhla,vrhnout,pf
en:Jirotka-Saturnin:0:shuff:158,cs:Jirotka-Saturnin:0:shuff:166,observe,observe,poznamenat,poznamenat,pf
en:Jirotka-Saturnin:0:shuff:160,cs:Jirotka-Saturnin:0:shuff:168,waiting,wait,čeká,čekat,impf
en:Jirotka-Saturnin:0:shuff:161,cs:Jirotka-Saturnin:0:shuff:169,getting,get,dostat,dostat,pf
en:Jirotka-Saturnin:0:shuff:161,cs:Jirotka-Saturnin:0:shuff:169,buy,buy,nakoupit,nakoupit,pf
en:Jirotka-Saturnin:0:shuff:162,cs:Jirotka-Saturnin:0:shuff:170,thought,think,měl,mít,impf
en:Jirotka-Saturnin:0:shuff:163,cs:Jirotka-Saturnin:0:shuff:171,asked,ask,ptala,ptát,impf
en:Jirotka-Saturnin:0:shuff:165,cs:Jirotka-Saturnin:0:shuff:173,asked,ask,ptala,ptát,impf
en:Jirotka-Saturnin:0:shuff:168,cs:Jirotka-Saturnin:0:shuff:176,nodded,nod,přikývl,přikývnout,pf
en:Jirotka-Saturnin:0:shuff:169,cs:Jirotka-Saturnin:0:shuff:177,gone,go,překročilo,překročit,pf
en:Jirotka-Saturnin:0:shuff:169,cs:Jirotka-Saturnin:0:shuff:177,told,tell,řekl,říci,pf
en:Jirotka-Saturnin:0:shuff:169,cs:Jirotka-Saturnin:0:shuff:177,bequeath,bequeath,odkážu,odkázat,pf
en:Jirotka-Saturnin:0:shuff:169,cs:Jirotka-Saturnin:0:shuff:177,gave,give,dá,dát,pf
en:Jirotka-Saturnin:0:shuff:170,cs:Jirotka-Saturnin:0:shuff:178,asked,ask,žádala,žádat,impf
en:Jirotka-Saturnin:0:shuff:170,cs:Jirotka-Saturnin:0:shuff:178,summon,summon,zavolal,zavolat,pf
en:Jirotka-Saturnin:0:shuff:171,cs:Jirotka-Saturnin:0:shuff:179,go,go,pokračoval,pokračovat,impf
en:Jirotka-Saturnin:0:shuff:171,cs:Jirotka-Saturnin:0:shuff:179,travel,travel,chodili,chodit,impf
en:Jirotka-Saturnin:0:shuff:171,cs:Jirotka-Saturnin:0:shuff:179,go,go,chodili,chodit,impf
en:Jirotka-Saturnin:0:shuff:171,cs:Jirotka-Saturnin:0:shuff:179,transport,transport,dopraví,dopravit,pf
en:Jirotka-Saturnin:0:shuff:171,cs:Jirotka-Saturnin:0:shuff:179,wish,wish,chcete,chtít,impf
en:Jirotka-Saturnin:0:shuff:172,cs:Jirotka-Saturnin:0:shuff:180,climb,climb,šplhat,šplhat,impf
en:Jirotka-Saturnin:0:shuff:176,cs:Jirotka-Saturnin:0:shuff:184,disappeared,disappear,zmizel,zmizet,pf
en:Jirotka-Saturnin:0:shuff:176,cs:Jirotka-Saturnin:0:shuff:184,returned,return,vrátil,vrátit,pf
en:Jirotka-Saturnin:0:shuff:177,cs:Jirotka-Saturnin:0:shuff:185,offered,offer,Nabídl,nabídnout,pf
en:Jirotka-Saturnin:0:shuff:177,cs:Jirotka-Saturnin:0:shuff:185,indicated,indicate,ukázal,ukázat,pf
en:Jirotka-Saturnin:0:shuff:180,cs:Jirotka-Saturnin:0:shuff:188,deserved,deserve,zaslouží,zasloužit,pf
en:Jirotka-Saturnin:0:shuff:181,cs:Jirotka-Saturnin:0:shuff:189,added,add,Dodal,dodat,pf
en:Jirotka-Saturnin:0:shuff:181,cs:Jirotka-Saturnin:0:shuff:189,jumps,jump,skočí,skočit,pf
en:Jirotka-Saturnin:0:shuff:181,cs:Jirotka-Saturnin:0:shuff:189,deserves,deserve,zaslouží,zasloužit,pf
en:Jirotka-Saturnin:0:shuff:182,cs:Jirotka-Saturnin:0:shuff:190,make,make,činily,činit,impf
en:Jirotka-Saturnin:0:shuff:186,cs:Jirotka-Saturnin:0:shuff:194,holding,hold,držel,držet,impf
en:Jirotka-Saturnin:0:shuff:186,cs:Jirotka-Saturnin:0:shuff:194,guessing,guess,odhadoval,odhadovat,impf
en:Jirotka-Saturnin:0:shuff:186,cs:Jirotka-Saturnin:0:shuff:194,see,see,vidět,vidět,impf
en:Jirotka-Saturnin:0:shuff:188,cs:Jirotka-Saturnin:0:shuff:196,living,live,bydlit,bydlet,impf
en:Jirotka-Saturnin:0:shuff:188,cs:Jirotka-Saturnin:0:shuff:196,see,see,vidí,vidět,impf
en:Jirotka-Saturnin:0:shuff:188,cs:Jirotka-Saturnin:0:shuff:196,longing,long,toužila,toužit,impf
en:Jirotka-Saturnin:0:shuff:189,cs:Jirotka-Saturnin:0:shuff:197,repair,repair,spravovat,spravovat,impf
en:Jirotka-Saturnin:0:shuff:190,cs:Jirotka-Saturnin:0:shuff:198,remarked,remark,Podotkl,podotknout,pf
en:Jirotka-Saturnin:0:shuff:190,cs:Jirotka-Saturnin:0:shuff:198,behaves,behave,choval,chovat,impf
en:Jirotka-Saturnin:0:shuff:191,cs:Jirotka-Saturnin:0:shuff:199,spoke,speak,mluvila,mluvit,impf
en:Jirotka-Saturnin:0:shuff:191,cs:Jirotka-Saturnin:0:shuff:199,said,say,mluvila,mluvit,impf
en:Jirotka-Saturnin:0:shuff:191,cs:Jirotka-Saturnin:0:shuff:199,say,say,mluvila,mluvit,impf
en:Jirotka-Saturnin:0:shuff:191,cs:Jirotka-Saturnin:0:shuff:199,decided,decide,rozhodla,rozhodnout,pf
en:Jirotka-Saturnin:0:shuff:191,cs:Jirotka-Saturnin:0:shuff:199,stay,stay,zůstat,zůstat,pf
en:Jirotka-Saturnin:0:shuff:191,cs:Jirotka-Saturnin:0:shuff:199,spoke,speak,mluvit,mluvit,impf
en:Jirotka-Saturnin:0:shuff:191,cs:Jirotka-Saturnin:0:shuff:199,said,say,mluvit,mluvit,impf
en:Jirotka-Saturnin:0:shuff:191,cs:Jirotka-Saturnin:0:shuff:199,say,say,mluvit,mluvit,impf
en:Jirotka-Saturnin:0:shuff:192,cs:Jirotka-Saturnin:0:shuff:200,announced,announce,prohlásila,prohlásit,pf
en:Jirotka-Saturnin:0:shuff:193,cs:Jirotka-Saturnin:0:shuff:201,go,go,šel,jít,impf
en:Jirotka-Saturnin:0:shuff:194,cs:Jirotka-Saturnin:0:shuff:202,told,tell,řečeno,říci,pf
en:Jirotka-Saturnin:0:shuff:196,cs:Jirotka-Saturnin:0:shuff:204,seemed,seem,Zdálo,zdát,impf
en:Jirotka-Saturnin:0:shuff:197,cs:Jirotka-Saturnin:0:shuff:205,concerned,concern,týkala,týkat,impf
en:Jirotka-Saturnin:0:shuff:197,cs:Jirotka-Saturnin:0:shuff:205,agreed,agree,souhlasit,souhlasit,impf
en:Jirotka-Saturnin:0:shuff:198,cs:Jirotka-Saturnin:0:shuff:206,ask,ask,Prosím,prosit,impf
en:Jirotka-Saturnin:0:shuff:198,cs:Jirotka-Saturnin:0:shuff:206,allow,allow,nepřipouštěl,připouštět,impf
en:Jirotka-Saturnin:0:shuff:198,cs:Jirotka-Saturnin:0:shuff:206,forgive,forgive,prominul,prominout,pf
en:Jirotka-Saturnin:0:shuff:198,cs:Jirotka-Saturnin:0:shuff:206,deceiving,deceive,klamal,klamat,impf
en:Jirotka-Saturnin:0:shuff:203,cs:Jirotka-Saturnin:0:shuff:212,arrived,arrive,Přijel,přijet,pf
en:Jirotka-Saturnin:0:shuff:203,cs:Jirotka-Saturnin:0:shuff:212,falling,fall,padal,padat,impf
en:Jirotka-Saturnin:0:shuff:203,cs:Jirotka-Saturnin:0:shuff:212,find,find,našel,najít,pf
en:Jirotka-Saturnin:0:shuff:205,cs:Jirotka-Saturnin:0:shuff:214,switched,switch,rozsvítil,rozsvítit,pf
en:Jirotka-Saturnin:0:shuff:208,cs:Jirotka-Saturnin:0:shuff:218,rose,rise,stoupalo,stoupat,impf
en:Jirotka-Saturnin:0:shuff:209,cs:Jirotka-Saturnin:0:shuff:219,starting,start,začaly,začít,pf
en:Jirotka-Saturnin:0:shuff:209,cs:Jirotka-Saturnin:0:shuff:219,began,begin,začaly,začít,pf
en:Jirotka-Saturnin:0:shuff:211,cs:Jirotka-Saturnin:0:shuff:221,spent,spend,strávil,strávit,pf
en:Jirotka-Saturnin:0:shuff:212,cs:Jirotka-Saturnin:0:shuff:222,gone,go,Jel,jet,impf
en:Jirotka-Saturnin:0:shuff:213,cs:Jirotka-Saturnin:0:shuff:223,mean,mean,Myslím,myslet,impf
en:Jirotka-Saturnin:0:shuff:216,cs:Jirotka-Saturnin:0:shuff:226,asked,ask,Ptal,ptát,impf
en:Jirotka-Saturnin:0:shuff:216,cs:Jirotka-Saturnin:0:shuff:226,asked,ask,Ptal,ptát,impf
en:Jirotka-Saturnin:0:shuff:216,cs:Jirotka-Saturnin:0:shuff:226,said,say,řekli,říci,pf
en:Jirotka-Saturnin:0:shuff:216,cs:Jirotka-Saturnin:0:shuff:226,asked,ask,ptali,ptát,impf
en:Jirotka-Saturnin:0:shuff:216,cs:Jirotka-Saturnin:0:shuff:226,asked,ask,ptali,ptát,impf
en:Jirotka-Saturnin:0:shuff:217,cs:Jirotka-Saturnin:0:shuff:227,said,say,Řekl,říci,pf
en:Jirotka-Saturnin:0:shuff:217,cs:Jirotka-Saturnin:0:shuff:227,thought,think,myslí,myslet,impf
en:Jirotka-Saturnin:0:shuff:218,cs:Jirotka-Saturnin:0:shuff:228,asked,ask,Ptali,ptát,impf
en:Jirotka-Saturnin:0:shuff:219,cs:Jirotka-Saturnin:0:shuff:229,began,begin,začal,začít,pf
en:Jirotka-Saturnin:0:shuff:219,cs:Jirotka-Saturnin:0:shuff:229,looking,look,hledat,hledat,impf
en:Jirotka-Saturnin:0:shuff:220,cs:Jirotka-Saturnin:0:shuff:230,rotated,rotate,Otáčel,otáčet,impf
en:Jirotka-Saturnin:0:shuff:220,cs:Jirotka-Saturnin:0:shuff:230,avoid,avoid,zbavit,zbavit,pf
en:Jirotka-Saturnin:0:shuff:221,cs:Jirotka-Saturnin:0:shuff:231,asked,ask,ptala,ptát,impf
en:Jirotka-Saturnin:0:shuff:222,cs:Jirotka-Saturnin:0:shuff:232,sat,sit,Posadila,posadit,pf
en:Jirotka-Saturnin:0:shuff:222,cs:Jirotka-Saturnin:0:shuff:232,wanted,want,chtěla,chtít,impf
en:Jirotka-Saturnin:0:shuff:222,cs:Jirotka-Saturnin:0:shuff:232,wrap,wrap,balit,balit,impf
en:Jirotka-Saturnin:0:shuff:223,cs:Jirotka-Saturnin:0:shuff:233,introduced,introduce,Představil,představit,pf
en:Jirotka-Saturnin:0:shuff:225,cs:Jirotka-Saturnin:0:shuff:235,asked,ask,Prosil,prosit,impf
en:Jirotka-Saturnin:0:shuff:228,cs:Jirotka-Saturnin:0:shuff:238,filled,fill,naplňovalo,naplňovat,impf
en:Jirotka-Saturnin:0:shuff:228,cs:Jirotka-Saturnin:0:shuff:238,conceal,conceal,skrývat,skrývat,impf
en:Jirotka-Saturnin:0:shuff:231,cs:Jirotka-Saturnin:0:shuff:241,compelled,compel,nutil,nutit,impf
en:Jirotka-Saturnin:0:shuff:231,cs:Jirotka-Saturnin:0:shuff:241,doing,do,prováděli,provádět,impf
en:Jirotka-Saturnin:0:shuff:232,cs:Jirotka-Saturnin:0:shuff:242,persuading,persuade,přemluvit,přemluvit,pf
en:Jirotka-Saturnin:0:shuff:232,cs:Jirotka-Saturnin:0:shuff:242,go,go,šla,jít,impf
en:Jirotka-Saturnin:0:shuff:234,cs:Jirotka-Saturnin:0:shuff:244,buy,buy,zakoupit,zakoupit,pf
en:Jirotka-Saturnin:0:shuff:235,cs:Jirotka-Saturnin:0:shuff:245,sell,sell,prodat,prodat,pf
en:Jirotka-Saturnin:0:shuff:236,cs:Jirotka-Saturnin:0:shuff:246,keep,keep,držela,držet,impf
en:Jirotka-Saturnin:0:shuff:238,cs:Jirotka-Saturnin:0:shuff:248,guessed,guess,tušil,tušit,impf
en:Jirotka-Saturnin:0:shuff:239,cs:Jirotka-Saturnin:0:shuff:249,imagine,imagine,představit,představit,pf
en:Jirotka-Saturnin:0:shuff:239,cs:Jirotka-Saturnin:0:shuff:249,wanting,want,chtěl,chtít,impf
en:Jirotka-Saturnin:0:shuff:241,cs:Jirotka-Saturnin:0:shuff:251,thought,think,mínil,mínit,impf
en:Jirotka-Saturnin:0:shuff:241,cs:Jirotka-Saturnin:0:shuff:251,convinced,convince,přesvědčen,přesvědčit,pf
en:Jirotka-Saturnin:0:shuff:241,cs:Jirotka-Saturnin:0:shuff:251,find,find,nenajde,najít,pf
en:Jirotka-Saturnin:0:shuff:242,cs:Jirotka-Saturnin:0:shuff:252,lying,lie,ležely,ležet,impf
en:Jirotka-Saturnin:0:shuff:244,cs:Jirotka-Saturnin:0:shuff:254,bore,bear,měly,mít,impf
en:Jirotka-Saturnin:0:shuff:246,cs:Jirotka-Saturnin:0:shuff:256,shining,shine,leskla,lesknout,impf
en:Jirotka-Saturnin:0:shuff:249,cs:Jirotka-Saturnin:0:shuff:260,reflect,reflect,přemýšlet,přemýšlet,impf
en:Jirotka-Saturnin:0:shuff:249,cs:Jirotka-Saturnin:0:shuff:260,make,make,přinutila,přinutit,pf
en:Jirotka-Saturnin:0:shuff:249,cs:Jirotka-Saturnin:0:shuff:260,forcing,force,přinutila,přinutit,pf
en:Jirotka-Saturnin:0:shuff:249,cs:Jirotka-Saturnin:0:shuff:260,make,make,přinutila,přinutit,pf
en:Jirotka-Saturnin:0:shuff:249,cs:Jirotka-Saturnin:0:shuff:260,make,make,přinutit,přinutit,pf
en:Jirotka-Saturnin:0:shuff:249,cs:Jirotka-Saturnin:0:shuff:260,forcing,force,přinutit,přinutit,pf
en:Jirotka-Saturnin:0:shuff:249,cs:Jirotka-Saturnin:0:shuff:260,make,make,přinutit,přinutit,pf
en:Jirotka-Saturnin:0:shuff:251,cs:Jirotka-Saturnin:0:shuff:263,said,say,pravil,pravit,pf
en:Jirotka-Saturnin:0:shuff:252,cs:Jirotka-Saturnin:0:shuff:264,reply,reply,odpovědět,odpovědět,pf
en:Jirotka-Saturnin:0:shuff:253,cs:Jirotka-Saturnin:0:shuff:265,closed,close,zavřeno,zavřít,pf
en:Jirotka-Saturnin:0:shuff:254,cs:Jirotka-Saturnin:0:shuff:266,wrap,wrap,balit,balit,impf
en:Jirotka-Saturnin:0:shuff:256,cs:Jirotka-Saturnin:0:shuff:268,said,say,říkala,říkat,impf
en:Jirotka-Saturnin:0:shuff:256,cs:Jirotka-Saturnin:0:shuff:268,followed,follow,následovalo,následovat,impf
en:Jirotka-Saturnin:0:shuff:257,cs:Jirotka-Saturnin:0:shuff:269,begin,begin,začneme,začít,pf
en:Jirotka-Saturnin:0:shuff:259,cs:Jirotka-Saturnin:0:shuff:271,speak,speak,mluvil,mluvit,impf
en:Jirotka-Saturnin:0:shuff:259,cs:Jirotka-Saturnin:0:shuff:271,talking,talk,mluvil,mluvit,impf
en:Jirotka-Saturnin:0:shuff:259,cs:Jirotka-Saturnin:0:shuff:271,recall,recall,nepamatuji,pamatovat,impf
en:Jirotka-Saturnin:0:shuff:260,cs:Jirotka-Saturnin:0:shuff:272,ended,end,Skončil,skončit,pf
en:Jirotka-Saturnin:0:shuff:264,cs:Jirotka-Saturnin:0:shuff:276,said,say,Řekl,říci,pf
en:Jirotka-Saturnin:0:shuff:264,cs:Jirotka-Saturnin:0:shuff:276,seemed,seem,zdá,zdát,impf
en:Jirotka-Saturnin:0:shuff:265,cs:Jirotka-Saturnin:0:shuff:277,offered,offer,Nabídl,nabídnout,pf
en:Jirotka-Saturnin:0:shuff:267,cs:Jirotka-Saturnin:0:shuff:279,ended,end,skončila,skončit,pf
en:Jirotka-Saturnin:0:shuff:268,cs:Jirotka-Saturnin:0:shuff:280,locking,lock,zamykal,zamykat,impf
en:Jirotka-Saturnin:0:shuff:272,cs:Jirotka-Saturnin:0:shuff:284,admire,admire,obdivovat,obdivovat,impf
en:Jirotka-Saturnin:0:shuff:272,cs:Jirotka-Saturnin:0:shuff:284,mint,mint,razili,razit,impf
en:Jirotka-Saturnin:0:shuff:273,cs:Jirotka-Saturnin:0:shuff:285,Take,take,Vezměte,vzít,pf
en:Jirotka-Saturnin:0:shuff:273,cs:Jirotka-Saturnin:0:shuff:285,catch,catch,nedohoní,dohonit,pf
en:Jirotka-Saturnin:0:shuff:274,cs:Jirotka-Saturnin:0:shuff:286,imagine,imagine,představit,představit,pf
en:Jirotka-Saturnin:0:shuff:274,cs:Jirotka-Saturnin:0:shuff:286,chasing,chase,honila,honit,impf
en:Jirotka-Saturnin:0:shuff:274,cs:Jirotka-Saturnin:0:shuff:286,do,do,dělala,dělat,impf
en:Jirotka-Saturnin:0:shuff:275,cs:Jirotka-Saturnin:0:shuff:287,tell,tell,neříká,říkat,impf
en:Jirotka-Saturnin:0:shuff:277,cs:Jirotka-Saturnin:0:shuff:289,felt,feel,cítili,cítit,impf
en:Jirotka-Saturnin:0:shuff:277,cs:Jirotka-Saturnin:0:shuff:289,improved,improve,zlepšilo,zlepšit,pf
en:Jirotka-Saturnin:0:shuff:278,cs:Jirotka-Saturnin:0:shuff:290,sent,send,poslal,poslat,pf
en:Jirotka-Saturnin:0:shuff:279,cs:Jirotka-Saturnin:0:shuff:291,disturb,disturb,neobtěžoval,obtěžovat,impf
en:Jirotka-Saturnin:0:shuff:280,cs:Jirotka-Saturnin:0:shuff:292,seemed,seem,zdálo,zdát,impf
en:Jirotka-Saturnin:0:shuff:280,cs:Jirotka-Saturnin:0:shuff:292,seemed,seem,zdálo,zdát,impf
en:Jirotka-Saturnin:0:shuff:282,cs:Jirotka-Saturnin:0:shuff:294,met,meet,Setkal,setkat,pf
en:Jirotka-Saturnin:0:shuff:283,cs:Jirotka-Saturnin:0:shuff:295,want,want,Nechtěl,chtít,impf
en:Jirotka-Saturnin:0:shuff:283,cs:Jirotka-Saturnin:0:shuff:295,ask,ask,ptát,ptát,impf
en:Jirotka-Saturnin:0:shuff:285,cs:Jirotka-Saturnin:0:shuff:297,found,find,Zjistil,zjistit,pf
en:Jirotka-Saturnin:0:shuff:285,cs:Jirotka-Saturnin:0:shuff:297,written,write,napsal,napsat,pf
en:Jirotka-Saturnin:0:shuff:285,cs:Jirotka-Saturnin:0:shuff:297,described,describe,vylíčil,vylíčit,pf
en:Jirotka-Saturnin:0:shuff:286,cs:Jirotka-Saturnin:0:shuff:298,moved,move,chodila,chodit,impf
en:Jirotka-Saturnin:0:shuff:286,cs:Jirotka-Saturnin:0:shuff:298,trying,try,zkoušela,zkoušet,impf
en:Jirotka-Saturnin:0:shuff:287,cs:Jirotka-Saturnin:0:shuff:299,came,come,přišlo,přijít,pf
en:Jirotka-Saturnin:0:shuff:287,cs:Jirotka-Saturnin:0:shuff:299,coming,come,přišlo,přijít,pf
en:Jirotka-Saturnin:0:shuff:288,cs:Jirotka-Saturnin:0:shuff:300,left,leave,odcházeli,odcházet,impf
en:Jirotka-Saturnin:0:shuff:288,cs:Jirotka-Saturnin:0:shuff:300,tried,try,pokoušela,pokoušet,impf
en:Jirotka-Saturnin:0:shuff:291,cs:Jirotka-Saturnin:0:shuff:303,take,take,trval,trvat,impf
en:Jirotka-Saturnin:0:shuff:291,cs:Jirotka-Saturnin:0:shuff:303,take,take,podniknout,podniknout,pf
en:Jirotka-Saturnin:0:shuff:292,cs:Jirotka-Saturnin:0:shuff:304,strengthened,strengthen,sílila,sílit,impf
en:Jirotka-Saturnin:0:shuff:292,cs:Jirotka-Saturnin:0:shuff:304,tossed,toss,obracela,obracet,impf
en:Jirotka-Saturnin:0:shuff:293,cs:Jirotka-Saturnin:0:shuff:305,say,say,říkáte,říkat,impf
en:Jirotka-Saturnin:0:shuff:293,cs:Jirotka-Saturnin:0:shuff:305,lives,live,bydlí,bydlet,impf
en:Jirotka-Saturnin:0:shuff:295,cs:Jirotka-Saturnin:0:shuff:307,watched,watch,Díval,dívat,impf
en:Jirotka-Saturnin:0:shuff:295,cs:Jirotka-Saturnin:0:shuff:307,closed,close,zavřel,zavřít,pf
en:Jirotka-Saturnin:0:shuff:298,cs:Jirotka-Saturnin:0:shuff:310,hung,hang,záleží,záležet,impf
en:Jirotka-Saturnin:0:shuff:299,cs:Jirotka-Saturnin:0:shuff:311,moved,move,dojata,dojmout,pf
en:Jirotka-Saturnin:0:shuff:302,cs:Jirotka-Saturnin:0:shuff:314,weeping,weep,plakala,plakat,impf
en:Jirotka-Saturnin:0:shuff:303,cs:Jirotka-Saturnin:0:shuff:315,speaking,speak,mluvil,mluvit,impf
en:Jirotka-Saturnin:0:shuff:304,cs:Jirotka-Saturnin:0:shuff:316,laughs,laugh,směje,smát,impf
en:Jirotka-Saturnin:0:shuff:304,cs:Jirotka-Saturnin:0:shuff:316,laughs,laugh,směje,smát,impf
en:Jirotka-Saturnin:0:shuff:305,cs:Jirotka-Saturnin:0:shuff:317,replied,reply,Odpověděl,odpovědět,pf
en:Jirotka-Saturnin:0:shuff:305,cs:Jirotka-Saturnin:0:shuff:317,laughing,laugh,nesměju,smát,impf
en:Jirotka-Saturnin:0:shuff:306,cs:Jirotka-Saturnin:0:shuff:318,pranced,prance,poskakovala,poskakovat,impf
en:Jirotka-Saturnin:0:shuff:307,cs:Jirotka-Saturnin:0:shuff:319,burnt,burn,spálil,spálit,pf
en:Jirotka-Saturnin:0:shuff:308,cs:Jirotka-Saturnin:0:shuff:320,burn,burn,spálit,spálit,pf
en:Jirotka-Saturnin:0:shuff:310,cs:Jirotka-Saturnin:0:shuff:322,wanted,want,chtěla,chtít,impf
en:Jirotka-Saturnin:0:shuff:312,cs:Jirotka-Saturnin:0:shuff:324,opened,open,otevřela,otevřít,pf
en:Jirotka-Saturnin:0:shuff:313,cs:Jirotka-Saturnin:0:shuff:325,saw,see,Uviděla,uvidět,pf
en:Jirotka-Saturnin:0:shuff:313,cs:Jirotka-Saturnin:0:shuff:325,saw,see,dívám,dívat,impf
en:Jirotka-Saturnin:0:shuff:313,cs:Jirotka-Saturnin:0:shuff:325,looking,look,dívám,dívat,impf
en:Jirotka-Saturnin:0:shuff:313,cs:Jirotka-Saturnin:0:shuff:325,discovered,discover,objevil,objevit,pf
en:Jirotka-Saturnin:0:shuff:314,cs:Jirotka-Saturnin:0:shuff:326,stroked,stroke,pohladil,pohladit,pf
en:Jirotka-Saturnin:0:shuff:315,cs:Jirotka-Saturnin:0:shuff:327,wakes,wake,Probudí,probudit,pf
en:Jirotka-Saturnin:0:shuff:315,cs:Jirotka-Saturnin:0:shuff:327,get,get,dostane,dostat,pf
en:Jirotka-Saturnin:0:shuff:316,cs:Jirotka-Saturnin:0:shuff:328,took,take,popadl,popadnout,pf
en:Jirotka-Saturnin:0:shuff:316,cs:Jirotka-Saturnin:0:shuff:328,chucked,chuck,vyhodil,vyhodit,pf
en:Jirotka-Saturnin:0:shuff:317,cs:Jirotka-Saturnin:0:shuff:329,following,follow,následovaly,následovat,impf
en:Jirotka-Saturnin:0:shuff:317,cs:Jirotka-Saturnin:0:shuff:329,describing,describe,popsat,popsat,pf
en:Jirotka-Saturnin:0:shuff:317,cs:Jirotka-Saturnin:0:shuff:329,took,take,trvat,trvat,impf
en:Jirotka-Saturnin:0:shuff:317,cs:Jirotka-Saturnin:0:shuff:329,take,take,trvat,trvat,impf
en:Jirotka-Saturnin:0:shuff:319,cs:Jirotka-Saturnin:0:shuff:331,sat,sit,seděl,sedět,impf
en:Jirotka-Saturnin:0:shuff:319,cs:Jirotka-Saturnin:0:shuff:331,reflected,reflect,přemýšlel,přemýšlet,impf
en:Jirotka-Saturnin:0:shuff:320,cs:Jirotka-Saturnin:0:shuff:332,considered,consider,považoval,považovat,impf
en:Jirotka-Saturnin:0:shuff:321,cs:Jirotka-Saturnin:0:shuff:333,seemed,seem,Zdálo,zdát,impf
en:Jirotka-Saturnin:0:shuff:323,cs:Jirotka-Saturnin:0:shuff:335,think,think,Myslím,myslet,impf
en:Jirotka-Saturnin:0:shuff:323,cs:Jirotka-Saturnin:0:shuff:335,agreed,agree,souhlasil,souhlasit,impf
en:Jirotka-Saturnin:0:shuff:324,cs:Jirotka-Saturnin:0:shuff:336,remembered,remember,Vzpomínal,vzpomínat,impf
en:Jirotka-Saturnin:0:shuff:325,cs:Jirotka-Saturnin:0:shuff:337,crossed,cross,přešli,přejít,pf
en:Jirotka-Saturnin:0:shuff:325,cs:Jirotka-Saturnin:0:shuff:337,arrived,arrive,dorazili,dorazit,pf
en:Jirotka-Saturnin:0:shuff:325,cs:Jirotka-Saturnin:0:shuff:337,found,find,našli,najít,pf
en:Jirotka-Saturnin:0:shuff:327,cs:Jirotka-Saturnin:0:shuff:339,climbed,climb,Stoupali,stoupat,impf
en:Jirotka-Saturnin:0:shuff:327,cs:Jirotka-Saturnin:0:shuff:339,turned,turn,obraceli,obracet,impf
en:Jirotka-Saturnin:0:shuff:327,cs:Jirotka-Saturnin:0:shuff:339,see,see,uvidíme,uvidět,pf
en:Jirotka-Saturnin:0:shuff:328,cs:Jirotka-Saturnin:0:shuff:340,found,find,našla,najít,pf
en:Jirotka-Saturnin:0:shuff:330,cs:Jirotka-Saturnin:0:shuff:342,learned,learn,dověděl,dovědět,pf
en:Jirotka-Saturnin:0:shuff:332,cs:Jirotka-Saturnin:0:shuff:344,consider,consider,domnívám,domnívat,impf
en:Jirotka-Saturnin:0:shuff:332,cs:Jirotka-Saturnin:0:shuff:344,mimics,mimic,napodobuje,napodobovat,impf
en:Jirotka-Saturnin:0:shuff:333,cs:Jirotka-Saturnin:0:shuff:345,taken,take,udělal,udělat,pf
en:Jirotka-Saturnin:0:shuff:333,cs:Jirotka-Saturnin:0:shuff:345,did,do,udělal,udělat,pf
en:Jirotka-Saturnin:0:shuff:333,cs:Jirotka-Saturnin:0:shuff:345,taking,take,udělal,udělat,pf
en:Jirotka-Saturnin:0:shuff:333,cs:Jirotka-Saturnin:0:shuff:345,buy,buy,koupil,koupit,pf
en:Jirotka-Saturnin:0:shuff:334,cs:Jirotka-Saturnin:0:shuff:346,recover,recover,vzpamatovat,vzpamatovat,pf
en:Jirotka-Saturnin:0:shuff:334,cs:Jirotka-Saturnin:0:shuff:346,assailed,assail,napaden,napadnout,pf
en:Jirotka-Saturnin:0:shuff:335,cs:Jirotka-Saturnin:0:shuff:347,contradict,contradict,vyvracel,vyvracet,impf
en:Jirotka-Saturnin:0:shuff:335,cs:Jirotka-Saturnin:0:shuff:347,want,want,chtěl,chtít,impf
en:Jirotka-Saturnin:0:shuff:335,cs:Jirotka-Saturnin:0:shuff:347,say,say,říci,říci,pf
en:Jirotka-Saturnin:0:shuff:335,cs:Jirotka-Saturnin:0:shuff:347,lying,lie,lhát,lhát,impf
en:Jirotka-Saturnin:0:shuff:336,cs:Jirotka-Saturnin:0:shuff:348,remember,remember,Pamatujete,pamatovat,impf
en:Jirotka-Saturnin:0:shuff:336,cs:Jirotka-Saturnin:0:shuff:348,asking,ask,ptala,ptát,impf
en:Jirotka-Saturnin:0:shuff:337,cs:Jirotka-Saturnin:0:shuff:349,told,tell,Řekl,říci,pf
en:Jirotka-Saturnin:0:shuff:338,cs:Jirotka-Saturnin:0:shuff:350,explain,explain,vysvětlujete,vysvětlovat,impf
en:Jirotka-Saturnin:0:shuff:339,cs:Jirotka-Saturnin:0:shuff:351,taught,teach,naučil,naučit,pf
en:Jirotka-Saturnin:0:shuff:340,cs:Jirotka-Saturnin:0:shuff:352,remember,remember,pamatuji,pamatovat,impf
en:Jirotka-Saturnin:0:shuff:340,cs:Jirotka-Saturnin:0:shuff:352,examined,examine,prohlížel,prohlížet,impf
en:Jirotka-Saturnin:0:shuff:343,cs:Jirotka-Saturnin:0:shuff:355,given,give,povoleno,povolit,pf
en:Jirotka-Saturnin:0:shuff:344,cs:Jirotka-Saturnin:0:shuff:356,remark,remark,podotknout,podotknout,pf
en:Jirotka-Saturnin:0:shuff:344,cs:Jirotka-Saturnin:0:shuff:356,walk,walk,jít,jít,impf
en:Jirotka-Saturnin:0:shuff:347,cs:Jirotka-Saturnin:0:shuff:359,think,think,má,mít,impf
en:Jirotka-Saturnin:0:shuff:348,cs:Jirotka-Saturnin:0:shuff:360,tell,tell,povídá,povídat,impf
en:Jirotka-Saturnin:0:shuff:349,cs:Jirotka-Saturnin:0:shuff:361,thought,think,myslil,myslit,impf
en:Jirotka-Saturnin:0:shuff:351,cs:Jirotka-Saturnin:0:shuff:363,mentioned,mention,zmínil,zmínit,pf
en:Jirotka-Saturnin:0:shuff:353,cs:Jirotka-Saturnin:0:shuff:365,told,tell,Řekl,říci,pf
en:Jirotka-Saturnin:0:shuff:353,cs:Jirotka-Saturnin:0:shuff:365,asked,ask,ptal,ptát,impf
en:Jirotka-Saturnin:0:shuff:354,cs:Jirotka-Saturnin:0:shuff:366,Considering,consider,Uvážíme,uvážit,pf
en:Jirotka-Saturnin:0:shuff:354,cs:Jirotka-Saturnin:0:shuff:366,prepare,prepare,připravovat,připravovat,impf
en:Jirotka-Saturnin:0:shuff:355,cs:Jirotka-Saturnin:0:shuff:367,spoil,spoil,kazit,kazit,impf
en:Jirotka-Saturnin:0:shuff:357,cs:Jirotka-Saturnin:0:shuff:369,held,hold,Přidržela,přidržet,pf
en:Jirotka-Saturnin:0:shuff:357,cs:Jirotka-Saturnin:0:shuff:369,leave,leave,odešla,odejít,pf
en:Jirotka-Saturnin:0:shuff:359,cs:Jirotka-Saturnin:0:shuff:371,kill,kill,nezabil,zabít,pf
en:Jirotka-Saturnin:0:shuff:360,cs:Jirotka-Saturnin:0:shuff:372,flew,fly,Letěl,letět,impf
en:Jirotka-Saturnin:0:shuff:361,cs:Jirotka-Saturnin:0:shuff:373,accused,accuse,obvinil,obvinit,pf
en:Jirotka-Saturnin:0:shuff:363,cs:Jirotka-Saturnin:0:shuff:375,remained,remain,zůstane,zůstat,pf
en:Jirotka-Saturnin:0:shuff:366,cs:Jirotka-Saturnin:0:shuff:378,guessed,guess,netušil,tušit,impf
en:Jirotka-Saturnin:0:shuff:366,cs:Jirotka-Saturnin:0:shuff:378,saw,see,vidí,vidět,impf
en:Jirotka-Saturnin:0:shuff:366,cs:Jirotka-Saturnin:0:shuff:378,longed,long,touží,toužit,impf
en:Jirotka-Saturnin:0:shuff:366,cs:Jirotka-Saturnin:0:shuff:378,capture,capture,zachytit,zachytit,pf
en:Jirotka-Saturnin:0:shuff:367,cs:Jirotka-Saturnin:0:shuff:379,ascertained,ascertain,zjistit,zjistit,pf
en:Jirotka-Saturnin:0:shuff:369,cs:Jirotka-Saturnin:0:shuff:381,reject,reject,zavrhnout,zavrhnout,pf
en:Jirotka-Saturnin:0:shuff:369,cs:Jirotka-Saturnin:0:shuff:381,reject,reject,zavrhnout,zavrhnout,pf
en:Jirotka-Saturnin:0:shuff:369,cs:Jirotka-Saturnin:0:shuff:381,reject,reject,zavrhnout,zavrhnout,pf
en:Jirotka-Saturnin:0:shuff:369,cs:Jirotka-Saturnin:0:shuff:381,reject,reject,zavrhnout,zavrhnout,pf
en:Jirotka-Saturnin:0:shuff:370,cs:Jirotka-Saturnin:0:shuff:382,sending,send,Pošle,poslat,pf
en:Jirotka-Saturnin:0:shuff:370,cs:Jirotka-Saturnin:0:shuff:382,visit,visit,navštěvovat,navštěvovat,impf
en:Jirotka-Saturnin:0:shuff:371,cs:Jirotka-Saturnin:0:shuff:383,considered,consider,považuje,považovat,impf
en:Jirotka-Saturnin:0:shuff:371,cs:Jirotka-Saturnin:0:shuff:383,hoped,hope,doufá,doufat,impf
en:Jirotka-Saturnin:0:shuff:371,cs:Jirotka-Saturnin:0:shuff:383,refuse,refuse,neodmítne,odmítnout,pf
en:Jirotka-Saturnin:0:shuff:372,cs:Jirotka-Saturnin:0:shuff:384,leaning,lean,opřena,opřít,pf
en:Jirotka-Saturnin:0:shuff:373,cs:Jirotka-Saturnin:0:shuff:385,coming,come,přicházíme,přicházet,impf
en:Jirotka-Saturnin:0:shuff:374,cs:Jirotka-Saturnin:0:shuff:386,came,come,udělaly,udělat,pf
en:Jirotka-Saturnin:0:shuff:374,cs:Jirotka-Saturnin:0:shuff:386,set,set,připravily,připravit,pf
en:Jirotka-Saturnin:0:shuff:374,cs:Jirotka-Saturnin:0:shuff:386,prepared,prepare,připravily,připravit,pf
en:Jirotka-Saturnin:0:shuff:375,cs:Jirotka-Saturnin:0:shuff:387,returned,return,vrátil,vrátit,pf
en:Jirotka-Saturnin:0:shuff:375,cs:Jirotka-Saturnin:0:shuff:387,sent,send,poslal,poslat,pf
en:Jirotka-Saturnin:0:shuff:375,cs:Jirotka-Saturnin:0:shuff:387,find,find,neobjevili,objevit,pf
en:Jirotka-Saturnin:0:shuff:376,cs:Jirotka-Saturnin:0:shuff:388,says,say,Říká,říkat,impf
en:Jirotka-Saturnin:0:shuff:376,cs:Jirotka-Saturnin:0:shuff:388,control,control,ovládat,ovládat,impf
en:Jirotka-Saturnin:0:shuff:376,cs:Jirotka-Saturnin:0:shuff:388,dodge,dodge,uhnul,uhnout,pf
en:Jirotka-Saturnin:0:shuff:377,cs:Jirotka-Saturnin:0:shuff:389,breaking,break,rozbije,rozbít,pf
en:Jirotka-Saturnin:0:shuff:382,cs:Jirotka-Saturnin:0:shuff:395,mean,mean,neznamená,znamenat,impf
en:Jirotka-Saturnin:0:shuff:382,cs:Jirotka-Saturnin:0:shuff:395,speak,speak,mluvit,mluvit,impf
en:Jirotka-Saturnin:0:shuff:384,cs:Jirotka-Saturnin:0:shuff:397,read,read,Četl,číst,impf
en:Jirotka-Saturnin:0:shuff:384,cs:Jirotka-Saturnin:0:shuff:397,say,say,neřekne,říci,pf
en:Jirotka-Saturnin:0:shuff:384,cs:Jirotka-Saturnin:0:shuff:397,lying,lie,lže,lhát,impf
en:Jirotka-Saturnin:0:shuff:386,cs:Jirotka-Saturnin:0:shuff:399,buy,buy,zakoupena,zakoupit,pf
en:Jirotka-Saturnin:0:shuff:386,cs:Jirotka-Saturnin:0:shuff:399,mend,mend,spravovat,spravovat,impf
en:Jirotka-Saturnin:0:shuff:386,cs:Jirotka-Saturnin:0:shuff:399,left,leave,zanechán,zanechat,pf
en:Jirotka-Saturnin:0:shuff:387,cs:Jirotka-Saturnin:0:shuff:400,tired,tire,unavena,unavit,pf
en:Jirotka-Saturnin:0:shuff:388,cs:Jirotka-Saturnin:0:shuff:401,said,say,Pravila,pravit,pf
en:Jirotka-Saturnin:0:shuff:388,cs:Jirotka-Saturnin:0:shuff:401,tried,try,pokusila,pokusit,pf
en:Jirotka-Saturnin:0:shuff:388,cs:Jirotka-Saturnin:0:shuff:401,look,look,podívat,podívat,pf
en:Jirotka-Saturnin:0:shuff:389,cs:Jirotka-Saturnin:0:shuff:402,discovered,discover,Zjistil,zjistit,pf
en:Jirotka-Saturnin:0:shuff:389,cs:Jirotka-Saturnin:0:shuff:402,point,point,ukazovat,ukazovat,impf
en:Jirotka-Saturnin:0:shuff:389,cs:Jirotka-Saturnin:0:shuff:402,spotted,spot,uviděla,uvidět,pf
en:Jirotka-Saturnin:0:shuff:390,cs:Jirotka-Saturnin:0:shuff:403,suggested,suggest,navrhl,navrhnout,pf
en:Jirotka-Saturnin:0:shuff:390,cs:Jirotka-Saturnin:0:shuff:403,smiled,smile,usmála,usmát,pf
en:Jirotka-Saturnin:0:shuff:390,cs:Jirotka-Saturnin:0:shuff:403,said,say,řekla,říci,pf
en:Jirotka-Saturnin:0:shuff:391,cs:Jirotka-Saturnin:0:shuff:404,asked,ask,Požádala,požádat,pf
en:Jirotka-Saturnin:0:shuff:391,cs:Jirotka-Saturnin:0:shuff:404,help,help,pomohl,pomoci,pf
en:Jirotka-Saturnin:0:shuff:391,cs:Jirotka-Saturnin:0:shuff:404,clean,clean,vyčistit,vyčistit,pf
en:Jirotka-Saturnin:0:shuff:391,cs:Jirotka-Saturnin:0:shuff:404,prepare,prepare,připravit,připravit,pf
en:Jirotka-Saturnin:0:shuff:393,cs:Jirotka-Saturnin:0:shuff:406,denied,deny,popřela,popřít,pf
en:Jirotka-Saturnin:0:shuff:393,cs:Jirotka-Saturnin:0:shuff:406,thinking,think,myslím,myslet,impf
en:Jirotka-Saturnin:0:shuff:393,cs:Jirotka-Saturnin:0:shuff:406,thinking,think,vzpomněla,vzpomenout,pf
en:Jirotka-Saturnin:0:shuff:394,cs:Jirotka-Saturnin:0:shuff:407,meant,mean,myslí,myslet,impf
en:Jirotka-Saturnin:0:shuff:395,cs:Jirotka-Saturnin:0:shuff:408,looking,look,Díval,dívat,impf
en:Jirotka-Saturnin:0:shuff:395,cs:Jirotka-Saturnin:0:shuff:408,see,see,Díval,dívat,impf
en:Jirotka-Saturnin:0:shuff:395,cs:Jirotka-Saturnin:0:shuff:408,looked,look,Díval,dívat,impf
en:Jirotka-Saturnin:0:shuff:395,cs:Jirotka-Saturnin:0:shuff:408,waiting,wait,čekal,čekat,impf
en:Jirotka-Saturnin:0:shuff:395,cs:Jirotka-Saturnin:0:shuff:408,looking,look,podívá,podívat,pf
en:Jirotka-Saturnin:0:shuff:395,cs:Jirotka-Saturnin:0:shuff:408,see,see,podívá,podívat,pf
en:Jirotka-Saturnin:0:shuff:395,cs:Jirotka-Saturnin:0:shuff:408,looked,look,podívá,podívat,pf
en:Jirotka-Saturnin:0:shuff:397,cs:Jirotka-Saturnin:0:shuff:410,haunting,haunt,straší,strašit,impf
en:Jirotka-Saturnin:0:shuff:397,cs:Jirotka-Saturnin:0:shuff:410,vanished,vanish,mizí,mizet,impf
en:Jirotka-Saturnin:0:shuff:398,cs:Jirotka-Saturnin:0:shuff:411,happened,happen,udála,udát,pf
en:Jirotka-Saturnin:0:shuff:398,cs:Jirotka-Saturnin:0:shuff:411,damaged,damage,poškozeno,poškodit,pf
en:Jirotka-Saturnin:0:shuff:400,cs:Jirotka-Saturnin:0:shuff:413,Attached,attach,připevněna,připevnit,pf
en:Jirotka-Saturnin:0:shuff:400,cs:Jirotka-Saturnin:0:shuff:413,examine,examine,prohlížet,prohlížet,impf
en:Jirotka-Saturnin:0:shuff:403,cs:Jirotka-Saturnin:0:shuff:416,live,live,bydlíte,bydlet,impf
en:Jirotka-Saturnin:0:shuff:403,cs:Jirotka-Saturnin:0:shuff:416,asked,ask,zeptal,zeptat,pf
en:Jirotka-Saturnin:0:shuff:404,cs:Jirotka-Saturnin:0:shuff:417,speaking,speak,Mluvím,mluvit,impf
en:Jirotka-Saturnin:0:shuff:404,cs:Jirotka-Saturnin:0:shuff:417,choose,choose,volím,volit,impf
en:Jirotka-Saturnin:0:shuff:404,cs:Jirotka-Saturnin:0:shuff:417,avoiding,avoid,vyhýbám,vyhýbat,impf
en:Jirotka-Saturnin:0:shuff:404,cs:Jirotka-Saturnin:0:shuff:417,explain,explain,vysvětlovat,vysvětlovat,impf
en:Jirotka-Saturnin:0:shuff:405,cs:Jirotka-Saturnin:0:shuff:418,asking,ask,požádat,požádat,pf
en:Jirotka-Saturnin:0:shuff:405,cs:Jirotka-Saturnin:0:shuff:418,do,do,udělal,udělat,pf
en:Jirotka-Saturnin:0:shuff:406,cs:Jirotka-Saturnin:0:shuff:419,like,like,Nechtěla,chtít,impf
en:Jirotka-Saturnin:0:shuff:406,cs:Jirotka-Saturnin:0:shuff:419,meet,meet,sejít,sejít,pf
en:Jirotka-Saturnin:0:shuff:406,cs:Jirotka-Saturnin:0:shuff:419,asked,ask,ptal,ptát,impf
en:Jirotka-Saturnin:0:shuff:407,cs:Jirotka-Saturnin:0:shuff:420,said,say,řekla,říci,pf
en:Jirotka-Saturnin:0:shuff:407,cs:Jirotka-Saturnin:0:shuff:420,smile,smile,usmívala,usmívat,impf
en:Jirotka-Saturnin:0:shuff:408,cs:Jirotka-Saturnin:0:shuff:421,asked,ask,ptal,ptát,impf
en:Jirotka-Saturnin:0:shuff:408,cs:Jirotka-Saturnin:0:shuff:421,exhausting,exhaust,spotřeboval,spotřebovat,pf
en:Jirotka-Saturnin:0:shuff:410,cs:Jirotka-Saturnin:0:shuff:423,arrived,arrive,přicházel,přicházet,impf
en:Jirotka-Saturnin:0:shuff:410,cs:Jirotka-Saturnin:0:shuff:423,carrying,carry,nesl,nést,impf
en:Jirotka-Saturnin:0:shuff:411,cs:Jirotka-Saturnin:0:shuff:424,wished,wish,Přál,přát,impf
en:Jirotka-Saturnin:0:shuff:411,cs:Jirotka-Saturnin:0:shuff:424,surprised,surprise,překvapil,překvapit,pf
en:Jirotka-Saturnin:0:shuff:412,cs:Jirotka-Saturnin:0:shuff:425,proposed,propose,navrhla,navrhnout,pf
en:Jirotka-Saturnin:0:shuff:412,cs:Jirotka-Saturnin:0:shuff:425,try,try,pokusili,pokusit,pf
en:Jirotka-Saturnin:0:shuff:412,cs:Jirotka-Saturnin:0:shuff:425,emulate,emulate,napodobit,napodobit,pf
en:Jirotka-Saturnin:0:shuff:416,cs:Jirotka-Saturnin:0:shuff:430,think,think,Myslím,myslet,impf
en:Jirotka-Saturnin:0:shuff:416,cs:Jirotka-Saturnin:0:shuff:430,spoil,spoil,nezkazil,zkazit,pf
en:Jirotka-Saturnin:0:shuff:417,cs:Jirotka-Saturnin:0:shuff:431,lost,lose,prohrál,prohrát,pf
en:Jirotka-Saturnin:0:shuff:418,cs:Jirotka-Saturnin:0:shuff:432,escape,escape,ušel,ujít,pf
en:Jirotka-Saturnin:0:shuff:420,cs:Jirotka-Saturnin:0:shuff:434,say,say,mluvme,mluvit,impf
en:Jirotka-Saturnin:0:shuff:420,cs:Jirotka-Saturnin:0:shuff:434,say,say,říkají,říkat,impf
en:Jirotka-Saturnin:0:shuff:422,cs:Jirotka-Saturnin:0:shuff:436,seems,seem,zdát,zdát,impf
en:Jirotka-Saturnin:0:shuff:424,cs:Jirotka-Saturnin:0:shuff:438,nodded,nod,kývla,kývnout,pf
en:Jirotka-Saturnin:0:shuff:426,cs:Jirotka-Saturnin:0:shuff:440,say,say,říci,říci,pf
en:Jirotka-Saturnin:0:shuff:427,cs:Jirotka-Saturnin:0:shuff:441,began,begin,Začalo,začít,pf
en:Jirotka-Saturnin:0:shuff:427,cs:Jirotka-Saturnin:0:shuff:441,reading,read,četl,číst,impf
en:Jirotka-Saturnin:0:shuff:429,cs:Jirotka-Saturnin:0:shuff:443,recalled,recall,vzpomínal,vzpomínat,impf
en:Jirotka-Saturnin:0:shuff:430,cs:Jirotka-Saturnin:0:shuff:444,left,leave,nechával,nechávat,impf
en:Jirotka-Saturnin:0:shuff:431,cs:Jirotka-Saturnin:0:shuff:445,said,say,povídal,povídat,impf
en:Jirotka-Saturnin:0:shuff:431,cs:Jirotka-Saturnin:0:shuff:445,lives,live,bydlí,bydlet,impf
en:Jirotka-Saturnin:0:shuff:433,cs:Jirotka-Saturnin:0:shuff:447,going,go,Šlo,jít,impf
en:Jirotka-Saturnin:0:shuff:434,cs:Jirotka-Saturnin:0:shuff:448,spread,spread,roztáhla,roztáhnout,pf
en:Jirotka-Saturnin:0:shuff:435,cs:Jirotka-Saturnin:0:shuff:449,went,go,šel,jít,impf
en:Jirotka-Saturnin:0:shuff:436,cs:Jirotka-Saturnin:0:shuff:450,sat,sit,posadil,posadit,pf
en:Jirotka-Saturnin:0:shuff:436,cs:Jirotka-Saturnin:0:shuff:450,hurt,hurt,bolí,bolet,impf
en:Jirotka-Saturnin:0:shuff:436,cs:Jirotka-Saturnin:0:shuff:450,gave,give,dával,dávat,impf
en:Jirotka-Saturnin:0:shuff:436,cs:Jirotka-Saturnin:0:shuff:450,left,leave,nechali,nechat,pf
en:Jirotka-Saturnin:0:shuff:437,cs:Jirotka-Saturnin:0:shuff:451,rescued,rescue,zachraňoval,zachraňovat,impf
en:Jirotka-Saturnin:0:shuff:438,cs:Jirotka-Saturnin:0:shuff:452,prancing,prance,poskakovala,poskakovat,impf
en:Jirotka-Saturnin:0:shuff:438,cs:Jirotka-Saturnin:0:shuff:452,talked,talk,mluvila,mluvit,impf
en:Jirotka-Saturnin:0:shuff:441,cs:Jirotka-Saturnin:0:shuff:455,wanted,want,chtěl,chtít,impf
en:Jirotka-Saturnin:0:shuff:441,cs:Jirotka-Saturnin:0:shuff:455,amaze,amaze,ohromit,ohromit,pf
en:Jirotka-Saturnin:0:shuff:441,cs:Jirotka-Saturnin:0:shuff:455,get,get,ohromit,ohromit,pf
en:Jirotka-Saturnin:0:shuff:441,cs:Jirotka-Saturnin:0:shuff:455,wanted,want,chtěl,chtít,impf
en:Jirotka-Saturnin:0:shuff:442,cs:Jirotka-Saturnin:0:shuff:456,arguing,argue,přeli,přít,impf
en:Jirotka-Saturnin:0:shuff:443,cs:Jirotka-Saturnin:0:shuff:457,leaped,leap,vyskočil,vyskočit,pf
en:Jirotka-Saturnin:0:shuff:447,cs:Jirotka-Saturnin:0:shuff:462,seen,see,vidět,vidět,impf
en:Jirotka-Saturnin:0:shuff:448,cs:Jirotka-Saturnin:0:shuff:463,occurred,occur,napadnout,napadnout,pf
en:Jirotka-Saturnin:0:shuff:449,cs:Jirotka-Saturnin:0:shuff:464,think,think,považuje,považovat,impf
en:Jirotka-Saturnin:0:shuff:451,cs:Jirotka-Saturnin:0:shuff:466,agreed,agree,souhlasil,souhlasit,impf
en:Jirotka-Saturnin:0:shuff:452,cs:Jirotka-Saturnin:0:shuff:467,walk,walk,chodit,chodit,impf
en:Jirotka-Saturnin:0:shuff:453,cs:Jirotka-Saturnin:0:shuff:468,sat,sit,posadila,posadit,pf
en:Jirotka-Saturnin:0:shuff:454,cs:Jirotka-Saturnin:0:shuff:469,offered,offer,Nabídl,nabídnout,pf
en:Jirotka-Saturnin:0:shuff:455,cs:Jirotka-Saturnin:0:shuff:470,showed,show,Ukázal,ukázat,pf
en:Jirotka-Saturnin:0:shuff:456,cs:Jirotka-Saturnin:0:shuff:471,tried,try,pokusil,pokusit,pf
en:Jirotka-Saturnin:0:shuff:457,cs:Jirotka-Saturnin:0:shuff:472,open,open,otevřít,otevřít,pf
en:Jirotka-Saturnin:0:shuff:459,cs:Jirotka-Saturnin:0:shuff:474,speaking,speak,mluvila,mluvit,impf
en:Jirotka-Saturnin:0:shuff:459,cs:Jirotka-Saturnin:0:shuff:474,telling,tell,mluvila,mluvit,impf
en:Jirotka-Saturnin:0:shuff:459,cs:Jirotka-Saturnin:0:shuff:474,locked,lock,zamkl,zamknout,pf
en:Jirotka-Saturnin:0:shuff:459,cs:Jirotka-Saturnin:0:shuff:474,do,do,udělat,udělat,pf
en:Jirotka-Saturnin:0:shuff:460,cs:Jirotka-Saturnin:0:shuff:475,said,say,řekla,říci,pf
en:Jirotka-Saturnin:0:shuff:460,cs:Jirotka-Saturnin:0:shuff:475,locked,lock,zamkl,zamknout,pf
en:Jirotka-Saturnin:0:shuff:465,cs:Jirotka-Saturnin:0:shuff:481,share,share,sdílet,sdílet,impf
en:Jirotka-Saturnin:0:shuff:465,cs:Jirotka-Saturnin:0:shuff:481,speaking,speak,mluvím,mluvit,impf
en:Jirotka-Saturnin:0:shuff:465,cs:Jirotka-Saturnin:0:shuff:481,concerned,concern,týkalo,týkat,impf
en:Jirotka-Saturnin:0:shuff:468,cs:Jirotka-Saturnin:0:shuff:484,living,live,bydlí,bydlet,impf
en:Jirotka-Saturnin:0:shuff:468,cs:Jirotka-Saturnin:0:shuff:484,leaves,leave,odešel,odejít,pf
en:Jirotka-Saturnin:0:shuff:468,cs:Jirotka-Saturnin:0:shuff:484,leaves,leave,odešel,odejít,pf
en:Jirotka-Saturnin:0:shuff:468,cs:Jirotka-Saturnin:0:shuff:484,leaves,leave,odešel,odejít,pf
en:Jirotka-Saturnin:0:shuff:468,cs:Jirotka-Saturnin:0:shuff:484,leaves,leave,odešel,odejít,pf
en:Jirotka-Saturnin:0:shuff:468,cs:Jirotka-Saturnin:0:shuff:484,tell,tell,vyprávět,vyprávět,impf
en:Jirotka-Saturnin:0:shuff:468,cs:Jirotka-Saturnin:0:shuff:484,tell,tell,vyprávět,vyprávět,impf
en:Jirotka-Saturnin:0:shuff:470,cs:Jirotka-Saturnin:0:shuff:486,examined,examine,Prohlížel,prohlížet,impf
en:Jirotka-Saturnin:0:shuff:470,cs:Jirotka-Saturnin:0:shuff:486,considered,consider,přemýšlel,přemýšlet,impf
en:Jirotka-Saturnin:0:shuff:470,cs:Jirotka-Saturnin:0:shuff:486,give,give,dal,dát,pf
en:Jirotka-Saturnin:0:shuff:470,cs:Jirotka-Saturnin:0:shuff:486,separated,separate,dělí,dělit,impf
en:Jirotka-Saturnin:0:shuff:470,cs:Jirotka-Saturnin:0:shuff:486,pluck,pluck,vytrhnout,vytrhnout,pf
en:Jirotka-Saturnin:0:shuff:470,cs:Jirotka-Saturnin:0:shuff:486,vault,vault,přeskočit,přeskočit,pf
en:Jirotka-Saturnin:0:shuff:470,cs:Jirotka-Saturnin:0:shuff:486,wake,wake,probudit,probudit,pf
en:Jirotka-Saturnin:0:shuff:470,cs:Jirotka-Saturnin:0:shuff:486,awaited,await,čeká,čekat,impf
en:Jirotka-Saturnin:0:shuff:471,cs:Jirotka-Saturnin:0:shuff:487,gained,gain,nabylo,nabýt,pf
en:Jirotka-Saturnin:0:shuff:474,cs:Jirotka-Saturnin:0:shuff:490,do,do,udělat,udělat,pf
en:Jirotka-Saturnin:0:shuff:474,cs:Jirotka-Saturnin:0:shuff:490,do,do,udělat,udělat,pf
en:Jirotka-Saturnin:0:shuff:475,cs:Jirotka-Saturnin:0:shuff:491,shut,shut,zavřel,zavřít,pf
en:Jirotka-Saturnin:0:shuff:477,cs:Jirotka-Saturnin:0:shuff:493,began,begin,začal,začít,pf
en:Jirotka-Saturnin:0:shuff:478,cs:Jirotka-Saturnin:0:shuff:494,wondered,wonder,přemýšlela,přemýšlet,impf
en:Jirotka-Saturnin:0:shuff:478,cs:Jirotka-Saturnin:0:shuff:494,consider,consider,přemýšlela,přemýšlet,impf
en:Jirotka-Saturnin:0:shuff:478,cs:Jirotka-Saturnin:0:shuff:494,excused,excuse,omlouvá,omlouvat,impf
en:Jirotka-Saturnin:0:shuff:479,cs:Jirotka-Saturnin:0:shuff:495,disappeared,disappear,Zmizel,zmizet,pf
en:Jirotka-Saturnin:0:shuff:480,cs:Jirotka-Saturnin:0:shuff:496,dreaded,dread,Bojí,bát,impf
en:Jirotka-Saturnin:0:shuff:480,cs:Jirotka-Saturnin:0:shuff:496,think,think,myslit,myslit,impf
en:Jirotka-Saturnin:0:shuff:481,cs:Jirotka-Saturnin:0:shuff:497,loved,love,Miloval,milovat,impf
en:Jirotka-Saturnin:0:shuff:482,cs:Jirotka-Saturnin:0:shuff:498,tried,try,snažila,snažit,impf
en:Jirotka-Saturnin:0:shuff:482,cs:Jirotka-Saturnin:0:shuff:498,forget,forget,zapomenout,zapomenout,pf
en:Jirotka-Saturnin:0:shuff:483,cs:Jirotka-Saturnin:0:shuff:499,swore,swear,Přísahali,přísahat,impf
en:Jirotka-Saturnin:0:shuff:483,cs:Jirotka-Saturnin:0:shuff:499,meant,mean,nemíníme,mínit,impf
en:Jirotka-Saturnin:0:shuff:483,cs:Jirotka-Saturnin:0:shuff:499,provoke,provoke,dráždit,dráždit,impf
en:Jirotka-Saturnin:0:shuff:483,cs:Jirotka-Saturnin:0:shuff:499,lived,live,bydlí,bydlet,impf
en:Jirotka-Saturnin:0:shuff:484,cs:Jirotka-Saturnin:0:shuff:500,live,live,nebydlí,bydlet,impf
en:Jirotka-Saturnin:0:shuff:484,cs:Jirotka-Saturnin:0:shuff:500,tell,tell,řekl,říci,pf
en:Jirotka-Saturnin:0:shuff:485,cs:Jirotka-Saturnin:0:shuff:501,exceed,exceed,nepřesahují,přesahovat,impf
en:Jirotka-Saturnin:0:shuff:486,cs:Jirotka-Saturnin:0:shuff:502,forgive,forgive,Promiňte,prominout,pf
en:Jirotka-Saturnin:0:shuff:486,cs:Jirotka-Saturnin:0:shuff:502,procure,procure,opatřit,opatřit,pf
en:Jirotka-Saturnin:0:shuff:488,cs:Jirotka-Saturnin:0:shuff:504,anticipating,anticipate,čekala,čekat,impf
en:Jirotka-Saturnin:0:shuff:489,cs:Jirotka-Saturnin:0:shuff:505,do,do,nedělejte,dělat,impf
en:Jirotka-Saturnin:0:shuff:489,cs:Jirotka-Saturnin:0:shuff:505,did,do,nedělejte,dělat,impf
en:Jirotka-Saturnin:0:shuff:490,cs:Jirotka-Saturnin:0:shuff:506,say,say,říci,říci,pf
en:Jirotka-Saturnin:0:shuff:493,cs:Jirotka-Saturnin:0:shuff:509,losing,lose,Prohrávám,prohrávat,impf
en:Jirotka-Saturnin:0:shuff:495,cs:Jirotka-Saturnin:0:shuff:511,handed,hand,podal,podat,pf
en:Jirotka-Saturnin:0:shuff:497,cs:Jirotka-Saturnin:0:shuff:513,fold,fold,skládat,skládat,impf
en:Jirotka-Saturnin:0:shuff:498,cs:Jirotka-Saturnin:0:shuff:514,said,say,pravil,pravit,pf
en:Jirotka-Saturnin:0:shuff:501,cs:Jirotka-Saturnin:0:shuff:517,summoned,summon,zavolat,zavolat,pf
en:Jirotka-Saturnin:0:shuff:501,cs:Jirotka-Saturnin:0:shuff:517,told,tell,vyprávěl,vyprávět,impf
en:Jirotka-Saturnin:0:shuff:503,cs:Jirotka-Saturnin:0:shuff:519,reflected,reflect,přemítal,přemítat,impf
en:Jirotka-Saturnin:0:shuff:504,cs:Jirotka-Saturnin:0:shuff:520,understand,understand,nechápal,chápat,impf
en:Jirotka-Saturnin:0:shuff:505,cs:Jirotka-Saturnin:0:shuff:521,avoided,avoid,vyhnul,vyhnout,pf
en:Jirotka-Saturnin:0:shuff:505,cs:Jirotka-Saturnin:0:shuff:521,looked,look,podíval,podívat,pf
en:Jirotka-Saturnin:0:shuff:505,cs:Jirotka-Saturnin:0:shuff:521,looking,look,podíval,podívat,pf
en:Jirotka-Saturnin:0:shuff:505,cs:Jirotka-Saturnin:0:shuff:521,discovered,discover,zjistil,zjistit,pf
en:Jirotka-Saturnin:0:shuff:505,cs:Jirotka-Saturnin:0:shuff:521,looked,look,dívá,dívat,impf
en:Jirotka-Saturnin:0:shuff:505,cs:Jirotka-Saturnin:0:shuff:521,looking,look,dívá,dívat,impf
en:Jirotka-Saturnin:0:shuff:506,cs:Jirotka-Saturnin:0:shuff:522,rubbing,rub,třel,třít,impf
en:Jirotka-Saturnin:0:shuff:506,cs:Jirotka-Saturnin:0:shuff:522,smiling,smile,usmíval,usmívat,impf
en:Jirotka-Saturnin:0:shuff:507,cs:Jirotka-Saturnin:0:shuff:523,took,take,vzal,vzít,pf
en:Jirotka-Saturnin:0:shuff:507,cs:Jirotka-Saturnin:0:shuff:523,offered,offer,nabídl,nabídnout,pf
en:Jirotka-Saturnin:0:shuff:508,cs:Jirotka-Saturnin:0:shuff:524,performing,perform,hraje,hrát,impf
en:Jirotka-Saturnin:0:shuff:508,cs:Jirotka-Saturnin:0:shuff:524,saying,say,praví,pravit,pf
en:Jirotka-Saturnin:0:shuff:511,cs:Jirotka-Saturnin:0:shuff:529,saw,see,viděl,vidět,impf
en:Jirotka-Saturnin:0:shuff:513,cs:Jirotka-Saturnin:0:shuff:531,approaching,approach,blížila,blížit,impf
en:Jirotka-Saturnin:0:shuff:514,cs:Jirotka-Saturnin:0:shuff:532,tell,tell,říkat,říkat,impf
en:Jirotka-Saturnin:0:shuff:514,cs:Jirotka-Saturnin:0:shuff:532,died,die,zemřela,zemřít,pf
en:Jirotka-Saturnin:0:shuff:515,cs:Jirotka-Saturnin:0:shuff:533,say,say,říci,říci,pf
en:Jirotka-Saturnin:0:shuff:516,cs:Jirotka-Saturnin:0:shuff:534,fell,fall,spadl,spadnout,pf
en:Jirotka-Saturnin:0:shuff:516,cs:Jirotka-Saturnin:0:shuff:534,crashing,crash,spadl,spadnout,pf
en:Jirotka-Saturnin:0:shuff:516,cs:Jirotka-Saturnin:0:shuff:534,fell,fall,spadl,spadnout,pf
en:Jirotka-Saturnin:0:shuff:516,cs:Jirotka-Saturnin:0:shuff:534,crashing,crash,spadl,spadnout,pf
en:Jirotka-Saturnin:0:shuff:517,cs:Jirotka-Saturnin:0:shuff:535,waiting,wait,čekal,čekat,impf
en:Jirotka-Saturnin:0:shuff:518,cs:Jirotka-Saturnin:0:shuff:536,said,say,pravil,pravit,pf
en:Jirotka-Saturnin:0:shuff:519,cs:Jirotka-Saturnin:0:shuff:537,attempted,attempt,Pokusil,pokusit,pf
en:Jirotka-Saturnin:0:shuff:519,cs:Jirotka-Saturnin:0:shuff:537,talk,talk,vymluvit,vymluvit,pf
en:Jirotka-Saturnin:0:shuff:520,cs:Jirotka-Saturnin:0:shuff:538,act,act,jednat,jednat,impf
