en:joyce-dubliners:0:shuff:7,cs:joyce-dubliners:0:shuff:9,seemed,seem,zdálo,zdát,impf
en:joyce-dubliners:0:shuff:7,cs:joyce-dubliners:0:shuff:9,feel,feel,cítí,cítit,impf
en:joyce-dubliners:0:shuff:7,cs:joyce-dubliners:0:shuff:9,touch,touch,cítí,cítit,impf
en:joyce-dubliners:0:shuff:7,cs:joyce-dubliners:0:shuff:9,touch,touch,cítí,cítit,impf
en:joyce-dubliners:0:shuff:7,cs:joyce-dubliners:0:shuff:9,touch,touch,dotýká,dotýkat,impf
en:joyce-dubliners:0:shuff:7,cs:joyce-dubliners:0:shuff:9,touch,touch,dotýká,dotýkat,impf
en:joyce-dubliners:0:shuff:7,cs:joyce-dubliners:0:shuff:9,touch,touch,dotýká,dotýkat,impf
en:joyce-dubliners:0:shuff:7,cs:joyce-dubliners:0:shuff:9,touch,touch,dotýká,dotýkat,impf
en:joyce-dubliners:0:shuff:8,cs:joyce-dubliners:0:shuff:10,listen,listen,naslouchal,naslouchat,impf
en:joyce-dubliners:0:shuff:9,cs:joyce-dubliners:0:shuff:11,withheld,withhold,odepřel,odepřít,pf
en:joyce-dubliners:0:shuff:10,cs:joyce-dubliners:0:shuff:12,sentenced,sentence,odsoudil,odsoudit,pf
en:joyce-dubliners:0:shuff:12,cs:joyce-dubliners:0:shuff:14,let,let,dovolila,dovolit,pf
en:joyce-dubliners:0:shuff:12,cs:joyce-dubliners:0:shuff:14,sat,sit,usedli,usednout,pf
en:joyce-dubliners:0:shuff:12,cs:joyce-dubliners:0:shuff:14,talking,talk,hovořili,hovořit,impf
en:joyce-dubliners:0:shuff:13,cs:joyce-dubliners:0:shuff:15,cried,cry,zvolal,zvolat,pf
en:joyce-dubliners:0:shuff:13,cs:joyce-dubliners:0:shuff:15,spoke,speak,promluví,promluvit,pf
en:joyce-dubliners:0:shuff:13,cs:joyce-dubliners:0:shuff:15,said,say,odpověděla,odpovědět,pf
en:joyce-dubliners:0:shuff:13,cs:joyce-dubliners:0:shuff:15,mentioned,mention,zmínila,zmínit,pf
en:joyce-dubliners:0:shuff:14,cs:joyce-dubliners:0:shuff:16,told,tell,mluví,mluvit,impf
en:joyce-dubliners:0:shuff:14,cs:joyce-dubliners:0:shuff:16,speak,speak,mluví,mluvit,impf
en:joyce-dubliners:0:shuff:18,cs:joyce-dubliners:0:shuff:22,read,read,přečetla,přečíst,pf
en:joyce-dubliners:0:shuff:19,cs:joyce-dubliners:0:shuff:23,watched,watch,pozoroval,pozorovat,impf
en:joyce-dubliners:0:shuff:19,cs:joyce-dubliners:0:shuff:23,said,say,řekl,říci,pf
en:joyce-dubliners:0:shuff:20,cs:joyce-dubliners:0:shuff:24,bet,bet,vsadit,vsadit,pf
en:joyce-dubliners:0:shuff:21,cs:joyce-dubliners:0:shuff:25,mean,mean,Chci,chtít,impf
en:joyce-dubliners:0:shuff:24,cs:joyce-dubliners:0:shuff:28,do,do,dělá,dělat,impf
en:joyce-dubliners:0:shuff:25,cs:joyce-dubliners:0:shuff:29,said,say,Říkal,říkat,impf
en:joyce-dubliners:0:shuff:26,cs:joyce-dubliners:0:shuff:30,sitting,sit,seděl,sedět,impf
en:joyce-dubliners:0:shuff:26,cs:joyce-dubliners:0:shuff:30,tapped,tap,zaklepala,zaklepat,pf
en:joyce-dubliners:0:shuff:26,cs:joyce-dubliners:0:shuff:30,entered,enter,vstoupila,vstoupit,pf
en:joyce-dubliners:0:shuff:27,cs:joyce-dubliners:0:shuff:31,told,tell,Řekla,říci,pf
en:joyce-dubliners:0:shuff:27,cs:joyce-dubliners:0:shuff:31,speak,speak,Řekla,říci,pf
en:joyce-dubliners:0:shuff:27,cs:joyce-dubliners:0:shuff:31,told,tell,mluvit,mluvit,impf
en:joyce-dubliners:0:shuff:27,cs:joyce-dubliners:0:shuff:31,speak,speak,mluvit,mluvit,impf
en:joyce-dubliners:0:shuff:28,cs:joyce-dubliners:0:shuff:32,cried,cry,Plakala,plakat,impf
en:joyce-dubliners:0:shuff:28,cs:joyce-dubliners:0:shuff:32,threw,throw,vrhla,vrhnout,pf
en:joyce-dubliners:0:shuff:28,cs:joyce-dubliners:0:shuff:32,round,round,vrhla,vrhnout,pf
en:joyce-dubliners:0:shuff:28,cs:joyce-dubliners:0:shuff:32,saying,say,řekla,říci,pf
en:joyce-dubliners:0:shuff:33,cs:joyce-dubliners:0:shuff:37,asked,ask,Zeptala,zeptat,pf
en:joyce-dubliners:0:shuff:33,cs:joyce-dubliners:0:shuff:37,write,write,nezapisuje,zapisovat,impf
en:joyce-dubliners:0:shuff:41,cs:joyce-dubliners:0:shuff:44,began,begin,Začal,začít,pf
en:joyce-dubliners:0:shuff:41,cs:joyce-dubliners:0:shuff:44,cry,cry,plakat,plakat,impf
en:joyce-dubliners:0:shuff:43,cs:joyce-dubliners:0:shuff:46,done,do,udělal,udělat,pf
en:joyce-dubliners:0:shuff:43,cs:joyce-dubliners:0:shuff:46,cried,cry,volala,volat,impf
en:joyce-dubliners:0:shuff:44,cs:joyce-dubliners:0:shuff:47,sustained,sustain,snesl,snést,pf
en:joyce-dubliners:0:shuff:44,cs:joyce-dubliners:0:shuff:47,closed,close,sevřelo,sevřít,pf
en:joyce-dubliners:0:shuff:44,cs:joyce-dubliners:0:shuff:47,met,meet,setkal,setkat,pf
en:joyce-dubliners:0:shuff:45,cs:joyce-dubliners:0:shuff:48,began,begin,Začal,začít,pf
en:joyce-dubliners:0:shuff:48,cs:joyce-dubliners:0:shuff:50,turned,turn,obrátil,obrátit,pf
en:joyce-dubliners:0:shuff:49,cs:joyce-dubliners:0:shuff:51,think,think,Myslíš,myslet,impf
en:joyce-dubliners:0:shuff:49,cs:joyce-dubliners:0:shuff:51,said,say,řekl,říci,pf
en:joyce-dubliners:0:shuff:50,cs:joyce-dubliners:0:shuff:52,repeated,repeat,Opakoval,opakovat,impf
en:joyce-dubliners:0:shuff:50,cs:joyce-dubliners:0:shuff:52,find,find,najdeš,najít,pf
en:joyce-dubliners:0:shuff:53,cs:joyce-dubliners:0:shuff:57,given,give,dali,dát,pf
en:joyce-dubliners:0:shuff:54,cs:joyce-dubliners:0:shuff:58,remembered,remember,Vzpomněla,vzpomenout,pf
en:joyce-dubliners:0:shuff:54,cs:joyce-dubliners:0:shuff:58,saying,say,řekl,říci,pf
en:joyce-dubliners:0:shuff:58,cs:joyce-dubliners:0:shuff:63,done,do,Jednal,jednat,impf
en:joyce-dubliners:0:shuff:59,cs:joyce-dubliners:0:shuff:64,blame,blame,viněn,vinit,impf
en:joyce-dubliners:0:shuff:60,cs:joyce-dubliners:0:shuff:65,understood,understand,chápal,chápat,impf
en:joyce-dubliners:0:shuff:61,cs:joyce-dubliners:0:shuff:66,died,die,zemře,zemřít,pf
en:joyce-dubliners:0:shuff:61,cs:joyce-dubliners:0:shuff:66,ceased,cease,přestane,přestat,pf
en:joyce-dubliners:0:shuff:61,cs:joyce-dubliners:0:shuff:66,exist,exist,existovat,existovat,impf
en:joyce-dubliners:0:shuff:61,cs:joyce-dubliners:0:shuff:66,remembered,remember,vzpomene,vzpomenout,pf
en:joyce-dubliners:0:shuff:62,cs:joyce-dubliners:0:shuff:67,left,leave,odešel,odejít,pf
en:joyce-dubliners:0:shuff:63,cs:joyce-dubliners:0:shuff:68,raised,raise,zvedl,zvednout,pf
en:joyce-dubliners:0:shuff:64,cs:joyce-dubliners:0:shuff:69,lay,lie,ležela,ležet,impf
en:joyce-dubliners:0:shuff:64,cs:joyce-dubliners:0:shuff:69,appeared,appear,objevilo,objevit,pf
en:joyce-dubliners:0:shuff:66,cs:joyce-dubliners:0:shuff:71,spoken,speak,mluvil,mluvit,impf
en:joyce-dubliners:0:shuff:69,cs:joyce-dubliners:0:shuff:76,sat,sit,seděla,sedět,impf
en:joyce-dubliners:0:shuff:69,cs:joyce-dubliners:0:shuff:76,crying,cry,plakala,plakat,impf
en:joyce-dubliners:0:shuff:70,cs:joyce-dubliners:0:shuff:77,dried,dry,osušila,osušit,pf
en:joyce-dubliners:0:shuff:70,cs:joyce-dubliners:0:shuff:77,went,go,šla,jít,impf
en:joyce-dubliners:0:shuff:73,cs:joyce-dubliners:0:shuff:81,beginning,begin,Začal,začít,pf
en:joyce-dubliners:0:shuff:74,cs:joyce-dubliners:0:shuff:82,expressing,express,vyjadřoval,vyjadřovat,impf
en:joyce-dubliners:0:shuff:74,cs:joyce-dubliners:0:shuff:82,please,please,nelíbily,líbit,impf
en:joyce-dubliners:0:shuff:75,cs:joyce-dubliners:0:shuff:83,observed,observe,nevšiml,všimnout,pf
en:joyce-dubliners:0:shuff:77,cs:joyce-dubliners:0:shuff:85,went,go,chodil,chodit,impf
en:joyce-dubliners:0:shuff:79,cs:joyce-dubliners:0:shuff:87,felt,feel,cítil,cítit,impf
en:joyce-dubliners:0:shuff:84,cs:joyce-dubliners:0:shuff:92,Spoils,spoil,Kazí,kazit,impf
en:joyce-dubliners:0:shuff:86,cs:joyce-dubliners:0:shuff:94,saw,see,viděl,vidět,impf
en:joyce-dubliners:0:shuff:88,cs:joyce-dubliners:0:shuff:96,ageing,age,stárnu,stárnout,impf
en:joyce-dubliners:0:shuff:91,cs:joyce-dubliners:0:shuff:99,laughed,laugh,zasmál,zasmát,pf
en:joyce-dubliners:0:shuff:92,cs:joyce-dubliners:0:shuff:100,said,say,řekl,říci,pf
en:joyce-dubliners:0:shuff:94,cs:joyce-dubliners:0:shuff:102,wait,wait,počkat,počkat,pf
en:joyce-dubliners:0:shuff:96,cs:joyce-dubliners:0:shuff:104,tasting,taste,ochutnával,ochutnávat,impf
en:joyce-dubliners:0:shuff:97,cs:joyce-dubliners:0:shuff:105,said,say,řekl,říci,pf
en:joyce-dubliners:0:shuff:98,cs:joyce-dubliners:0:shuff:106,promising,promise,slibovalo,slibovat,impf
en:joyce-dubliners:0:shuff:102,cs:joyce-dubliners:0:shuff:110,shone,shine,svítily,svítit,impf
en:joyce-dubliners:0:shuff:104,cs:joyce-dubliners:0:shuff:112,bent,bend,Sklonil,sklonit,pf
en:joyce-dubliners:0:shuff:106,cs:joyce-dubliners:0:shuff:114,put,put,posadil,posadit,pf
en:joyce-dubliners:0:shuff:107,cs:joyce-dubliners:0:shuff:115,said,say,řekl,říci,pf
en:joyce-dubliners:0:shuff:108,cs:joyce-dubliners:0:shuff:116,containing,contain,Měl,mít,impf
en:joyce-dubliners:0:shuff:108,cs:joyce-dubliners:0:shuff:116,led,lead,vedl,vést,impf
en:joyce-dubliners:0:shuff:109,cs:joyce-dubliners:0:shuff:117,gave,give,nedával,dávat,impf
en:joyce-dubliners:0:shuff:109,cs:joyce-dubliners:0:shuff:117,walked,walk,chodil,chodit,impf
en:joyce-dubliners:0:shuff:109,cs:joyce-dubliners:0:shuff:117,carrying,carry,nosil,nosit,impf
en:joyce-dubliners:0:shuff:114,cs:joyce-dubliners:0:shuff:123,leave,leave,dovolila,dovolit,pf
en:joyce-dubliners:0:shuff:114,cs:joyce-dubliners:0:shuff:123,leave,leave,odejít,odejít,pf
en:joyce-dubliners:0:shuff:114,cs:joyce-dubliners:0:shuff:123,go,go,odejít,odejít,pf
en:joyce-dubliners:0:shuff:115,cs:joyce-dubliners:0:shuff:124,said,say,řekla,říci,pf
en:joyce-dubliners:0:shuff:117,cs:joyce-dubliners:0:shuff:126,told,tell,říkal,říkat,impf
en:joyce-dubliners:0:shuff:117,cs:joyce-dubliners:0:shuff:126,tasted,taste,ochutnal,ochutnat,pf
en:joyce-dubliners:0:shuff:119,cs:joyce-dubliners:0:shuff:128,smiled,smile,usmál,usmát,pf
en:joyce-dubliners:0:shuff:122,cs:joyce-dubliners:0:shuff:130,hope,hope,Doufám,doufat,impf
en:joyce-dubliners:0:shuff:122,cs:joyce-dubliners:0:shuff:130,said,say,prohlásil,prohlásit,pf
en:joyce-dubliners:0:shuff:125,cs:joyce-dubliners:0:shuff:133,come,come,přijedu,přijet,pf
en:joyce-dubliners:0:shuff:127,cs:joyce-dubliners:0:shuff:135,looked,look,podíval,podívat,pf
en:joyce-dubliners:0:shuff:130,cs:joyce-dubliners:0:shuff:138,said,say,odpověděl,odpovědět,pf
en:joyce-dubliners:0:shuff:132,cs:joyce-dubliners:0:shuff:140,set,set,postavil,postavit,pf
en:joyce-dubliners:0:shuff:132,cs:joyce-dubliners:0:shuff:140,said,say,řekl,říci,pf
en:joyce-dubliners:0:shuff:135,cs:joyce-dubliners:0:shuff:143,said,say,pronesl,pronést,pf
en:joyce-dubliners:0:shuff:136,cs:joyce-dubliners:0:shuff:144,reached,reach,došel,dojít,pf
en:joyce-dubliners:0:shuff:136,cs:joyce-dubliners:0:shuff:144,read,read,přečetl,přečíst,pf
en:joyce-dubliners:0:shuff:137,cs:joyce-dubliners:0:shuff:145,read,read,Nečetl,číst,impf
en:joyce-dubliners:0:shuff:137,cs:joyce-dubliners:0:shuff:145,reads,read,Nečetl,číst,impf
en:joyce-dubliners:0:shuff:137,cs:joyce-dubliners:0:shuff:145,moving,move,pohyboval,pohybovat,impf
en:joyce-dubliners:0:shuff:137,cs:joyce-dubliners:0:shuff:145,read,read,čte,číst,impf
en:joyce-dubliners:0:shuff:137,cs:joyce-dubliners:0:shuff:145,reads,read,čte,číst,impf
en:joyce-dubliners:0:shuff:141,cs:joyce-dubliners:0:shuff:149,came,come,přijde,přijít,pf
en:joyce-dubliners:0:shuff:141,cs:joyce-dubliners:0:shuff:149,visit,visit,navštívit,navštívit,pf
en:joyce-dubliners:0:shuff:141,cs:joyce-dubliners:0:shuff:149,gave,give,dá,dát,pf
en:joyce-dubliners:0:shuff:143,cs:joyce-dubliners:0:shuff:152,told,tell,řekla,říci,pf
en:joyce-dubliners:0:shuff:143,cs:joyce-dubliners:0:shuff:152,went,go,odešla,odejít,pf
en:joyce-dubliners:0:shuff:143,cs:joyce-dubliners:0:shuff:152,went,go,začala,začít,pf
en:joyce-dubliners:0:shuff:143,cs:joyce-dubliners:0:shuff:152,began,begin,začala,začít,pf
en:joyce-dubliners:0:shuff:143,cs:joyce-dubliners:0:shuff:152,pull,pull,tahat,tahat,impf
en:joyce-dubliners:0:shuff:145,cs:joyce-dubliners:0:shuff:155,come,come,přišel,přijít,pf
en:joyce-dubliners:0:shuff:146,cs:joyce-dubliners:0:shuff:156,began,begin,Začal,začít,pf
en:joyce-dubliners:0:shuff:146,cs:joyce-dubliners:0:shuff:156,doubt,doubt,pochybovat,pochybovat,impf
en:joyce-dubliners:0:shuff:148,cs:joyce-dubliners:0:shuff:158,feel,feel,necítil,cítit,impf
en:joyce-dubliners:0:shuff:148,cs:joyce-dubliners:0:shuff:158,touches,touch,necítil,cítit,impf
en:joyce-dubliners:0:shuff:148,cs:joyce-dubliners:0:shuff:158,touches,touch,dotýká,dotýkat,impf
en:joyce-dubliners:0:shuff:149,cs:joyce-dubliners:0:shuff:159,waited,wait,čekal,čekat,impf
en:joyce-dubliners:0:shuff:150,cs:joyce-dubliners:0:shuff:160,confused,confuse,zmátl,zmást,pf
en:joyce-dubliners:0:shuff:151,cs:joyce-dubliners:0:shuff:161,meeting,meet,setkal,setkat,pf
en:joyce-dubliners:0:shuff:151,cs:joyce-dubliners:0:shuff:161,finding,find,octl,octnout,pf
en:joyce-dubliners:0:shuff:151,cs:joyce-dubliners:0:shuff:161,surrounded,surround,obklopen,obklopit,pf
en:joyce-dubliners:0:shuff:151,cs:joyce-dubliners:0:shuff:161,listening,listen,naslouchal,naslouchat,impf
en:joyce-dubliners:0:shuff:151,cs:joyce-dubliners:0:shuff:161,sharing,share,dělil,dělit,impf
en:joyce-dubliners:0:shuff:151,cs:joyce-dubliners:0:shuff:161,upset,upset,porušilo,porušit,pf
en:joyce-dubliners:0:shuff:152,cs:joyce-dubliners:0:shuff:162,walk,walk,chodit,chodit,impf
en:joyce-dubliners:0:shuff:152,cs:joyce-dubliners:0:shuff:162,found,find,octl,octnout,pf
en:joyce-dubliners:0:shuff:152,cs:joyce-dubliners:0:shuff:162,hurried,hurry,spěchal,spěchat,impf
en:joyce-dubliners:0:shuff:155,cs:joyce-dubliners:0:shuff:167,waiting,wait,čekal,čekat,impf
en:joyce-dubliners:0:shuff:155,cs:joyce-dubliners:0:shuff:167,trying,try,snažil,snažit,impf
en:joyce-dubliners:0:shuff:155,cs:joyce-dubliners:0:shuff:167,striving,strive,snažil,snažit,impf
en:joyce-dubliners:0:shuff:155,cs:joyce-dubliners:0:shuff:167,piled,pile,hromadilo,hromadit,impf
en:joyce-dubliners:0:shuff:155,cs:joyce-dubliners:0:shuff:167,standing,stand,platil,platit,impf
en:joyce-dubliners:0:shuff:155,cs:joyce-dubliners:0:shuff:167,paying,pay,platil,platit,impf
en:joyce-dubliners:0:shuff:155,cs:joyce-dubliners:0:shuff:167,forgetting,forget,zapomněl,zapomenout,pf
en:joyce-dubliners:0:shuff:155,cs:joyce-dubliners:0:shuff:167,left,leave,zapomněl,zapomenout,pf
en:joyce-dubliners:0:shuff:155,cs:joyce-dubliners:0:shuff:167,take,take,vzít,vzít,pf
en:joyce-dubliners:0:shuff:155,cs:joyce-dubliners:0:shuff:167,called,call,zavolal,zavolat,pf
en:joyce-dubliners:0:shuff:155,cs:joyce-dubliners:0:shuff:167,trying,try,snažil,snažit,impf
en:joyce-dubliners:0:shuff:155,cs:joyce-dubliners:0:shuff:167,striving,strive,snažil,snažit,impf
en:joyce-dubliners:0:shuff:155,cs:joyce-dubliners:0:shuff:167,examining,examine,prohlížel,prohlížet,impf
en:joyce-dubliners:0:shuff:156,cs:joyce-dubliners:0:shuff:168,begun,begin,začala,začít,pf
en:joyce-dubliners:0:shuff:158,cs:joyce-dubliners:0:shuff:170,started,start,Začal,začít,pf
en:joyce-dubliners:0:shuff:158,cs:joyce-dubliners:0:shuff:170,going,go,Začal,začít,pf
en:joyce-dubliners:0:shuff:160,cs:joyce-dubliners:0:shuff:173,tried,try,Snažila,snažit,impf
en:joyce-dubliners:0:shuff:162,cs:joyce-dubliners:0:shuff:176,work,work,pracovat,pracovat,impf
en:joyce-dubliners:0:shuff:163,cs:joyce-dubliners:0:shuff:177,say,say,řeknou,říci,pf
en:joyce-dubliners:0:shuff:163,cs:joyce-dubliners:0:shuff:177,run,run,utekla,utéci,pf
en:joyce-dubliners:0:shuff:166,cs:joyce-dubliners:0:shuff:181,said,say,odpověděla,odpovědět,pf
en:joyce-dubliners:0:shuff:166,cs:joyce-dubliners:0:shuff:181,brought,bring,přinesla,přinést,pf
en:joyce-dubliners:0:shuff:166,cs:joyce-dubliners:0:shuff:181,like,like,chutnat,chutnat,impf
en:joyce-dubliners:0:shuff:166,cs:joyce-dubliners:0:shuff:181,began,begin,začala,začít,pf
en:joyce-dubliners:0:shuff:166,cs:joyce-dubliners:0:shuff:181,look,look,hledat,hledat,impf
en:joyce-dubliners:0:shuff:171,cs:joyce-dubliners:0:shuff:186,felt,feel,Cítil,cítit,impf
en:joyce-dubliners:0:shuff:173,cs:joyce-dubliners:0:shuff:188,write,write,psát,psát,impf
en:joyce-dubliners:0:shuff:173,cs:joyce-dubliners:0:shuff:188,express,express,vyjádřit,vyjádřit,pf
en:joyce-dubliners:0:shuff:178,cs:joyce-dubliners:0:shuff:196,wanted,want,chce,chtít,impf
en:joyce-dubliners:0:shuff:178,cs:joyce-dubliners:0:shuff:196,buy,buy,koupit,koupit,pf
en:joyce-dubliners:0:shuff:181,cs:joyce-dubliners:0:shuff:200,suspect,suspect,podezřívat,podezřívat,impf
en:joyce-dubliners:0:shuff:185,cs:joyce-dubliners:0:shuff:204,lent,lend,Půjčoval,půjčovat,impf
en:joyce-dubliners:0:shuff:185,cs:joyce-dubliners:0:shuff:204,provide,provide,zásoboval,zásobovat,impf
en:joyce-dubliners:0:shuff:190,cs:joyce-dubliners:0:shuff:213,gone,go,zemřela,zemřít,pf
en:joyce-dubliners:0:shuff:191,cs:joyce-dubliners:0:shuff:214,began,begin,začaly,začít,pf
en:joyce-dubliners:0:shuff:191,cs:joyce-dubliners:0:shuff:214,wiping,wipe,utíraly,utírat,impf
en:joyce-dubliners:0:shuff:192,cs:joyce-dubliners:0:shuff:215,filled,fill,naplnily,naplnit,pf
en:joyce-dubliners:0:shuff:193,cs:joyce-dubliners:0:shuff:216,superintended,superintend,dohlížela,dohlížet,impf
en:joyce-dubliners:0:shuff:193,cs:joyce-dubliners:0:shuff:216,got,get,dostala,dostat,pf
en:joyce-dubliners:0:shuff:197,cs:joyce-dubliners:0:shuff:220,meet,meet,nesetkal,setkat,pf
en:joyce-dubliners:0:shuff:200,cs:joyce-dubliners:0:shuff:225,married,marry,Vdala,vdát,pf
en:joyce-dubliners:0:shuff:200,cs:joyce-dubliners:0:shuff:225,opened,open,otevřela,otevřít,pf
en:joyce-dubliners:0:shuff:201,cs:joyce-dubliners:0:shuff:226,began,begin,začalo,začít,pf
en:joyce-dubliners:0:shuff:202,cs:joyce-dubliners:0:shuff:227,drank,drink,Pil,pít,impf
en:joyce-dubliners:0:shuff:204,cs:joyce-dubliners:0:shuff:230,express,express,vyjádřil,vyjádřit,pf
en:joyce-dubliners:0:shuff:205,cs:joyce-dubliners:0:shuff:231,felt,feel,Cítí,cítit,impf
en:joyce-dubliners:0:shuff:206,cs:joyce-dubliners:0:shuff:232,tried,try,Snažil,snažit,impf
en:joyce-dubliners:0:shuff:206,cs:joyce-dubliners:0:shuff:232,weigh,weigh,zvážit,zvážit,pf
en:joyce-dubliners:0:shuff:208,cs:joyce-dubliners:0:shuff:234,give,give,vyjádřit,vyjádřit,pf
en:joyce-dubliners:0:shuff:208,cs:joyce-dubliners:0:shuff:234,listen,listen,naslouchali,naslouchat,impf
en:joyce-dubliners:0:shuff:215,cs:joyce-dubliners:0:shuff:241,read,read,přečetl,přečíst,pf
en:joyce-dubliners:0:shuff:216,cs:joyce-dubliners:0:shuff:242,stopped,stop,zarazila,zarazit,pf
en:joyce-dubliners:0:shuff:217,cs:joyce-dubliners:0:shuff:243,propped,prop,opřel,opřít,pf
en:joyce-dubliners:0:shuff:218,cs:joyce-dubliners:0:shuff:244,read,read,přečetl,přečíst,pf
en:joyce-dubliners:0:shuff:219,cs:joyce-dubliners:0:shuff:245,allowed,allow,Dovolila,dovolit,pf
en:joyce-dubliners:0:shuff:219,cs:joyce-dubliners:0:shuff:245,live,live,bydlel,bydlet,impf
en:joyce-dubliners:0:shuff:219,cs:joyce-dubliners:0:shuff:245,assuming,assume,předpokládala,předpokládat,impf
en:joyce-dubliners:0:shuff:219,cs:joyce-dubliners:0:shuff:245,abused,abuse,zneužil,zneužít,pf
en:joyce-dubliners:0:shuff:222,cs:joyce-dubliners:0:shuff:249,make,make,učiní,učinit,pf
en:joyce-dubliners:0:shuff:224,cs:joyce-dubliners:0:shuff:251,ruined,ruin,Zničil,zničit,pf
en:joyce-dubliners:0:shuff:226,cs:joyce-dubliners:0:shuff:253,lived,live,bydleli,bydlet,impf
en:joyce-dubliners:0:shuff:227,cs:joyce-dubliners:0:shuff:254,got,get,získala,získat,pf
en:joyce-dubliners:0:shuff:229,cs:joyce-dubliners:0:shuff:257,began,begin,začali,začít,pf
en:joyce-dubliners:0:shuff:229,cs:joyce-dubliners:0:shuff:257,talk,talk,mluvit,mluvit,impf
en:joyce-dubliners:0:shuff:229,cs:joyce-dubliners:0:shuff:257,intervene,intervene,nezasáhla,zasáhnout,pf
en:joyce-dubliners:0:shuff:230,cs:joyce-dubliners:0:shuff:258,began,begin,začala,začít,pf
en:joyce-dubliners:0:shuff:230,cs:joyce-dubliners:0:shuff:258,grow,grow,chovat,chovat,impf
en:joyce-dubliners:0:shuff:231,cs:joyce-dubliners:0:shuff:259,intervened,intervene,zasáhla,zasáhnout,pf
en:joyce-dubliners:0:shuff:234,cs:joyce-dubliners:0:shuff:262,stated,state,Prohlásil,prohlásit,pf
en:joyce-dubliners:0:shuff:237,cs:joyce-dubliners:0:shuff:265,buy,buy,kupovat,kupovat,impf
en:joyce-dubliners:0:shuff:240,cs:joyce-dubliners:0:shuff:268,deceived,deceive,mýlil,mýlit,impf
en:joyce-dubliners:0:shuff:241,cs:joyce-dubliners:0:shuff:269,remembered,remember,Vzpomněl,vzpomenout,pf
en:joyce-dubliners:0:shuff:243,cs:joyce-dubliners:0:shuff:271,dipped,dip,Namočila,namočit,pf
en:joyce-dubliners:0:shuff:244,cs:joyce-dubliners:0:shuff:272,looked,look,Podívala,podívat,pf
en:joyce-dubliners:0:shuff:244,cs:joyce-dubliners:0:shuff:272,readjusted,readjust,upravila,upravit,pf
en:joyce-dubliners:0:shuff:245,cs:joyce-dubliners:0:shuff:273,sat,sit,posadila,posadit,pf
en:joyce-dubliners:0:shuff:246,cs:joyce-dubliners:0:shuff:274,regarded,regard,dívala,dívat,impf
en:joyce-dubliners:0:shuff:246,cs:joyce-dubliners:0:shuff:274,awakened,awaken,probudil,probudit,pf
en:joyce-dubliners:0:shuff:251,cs:joyce-dubliners:0:shuff:280,do,do,udělat,udělat,pf
en:joyce-dubliners:0:shuff:251,cs:joyce-dubliners:0:shuff:280,marry,marry,oženit,oženit,pf
en:joyce-dubliners:0:shuff:253,cs:joyce-dubliners:0:shuff:282,talked,talk,mluvilo,mluvit,impf
en:joyce-dubliners:0:shuff:256,cs:joyce-dubliners:0:shuff:286,struggle,struggle,bojovat,bojovat,impf
en:joyce-dubliners:0:shuff:256,cs:joyce-dubliners:0:shuff:286,bequeathed,bequeath,odkázaly,odkázat,pf
en:joyce-dubliners:0:shuff:257,cs:joyce-dubliners:0:shuff:287,remembered,remember,Vzpomněl,vzpomenout,pf
en:joyce-dubliners:0:shuff:258,cs:joyce-dubliners:0:shuff:288,said,say,Vyslovil,vyslovit,pf
en:joyce-dubliners:0:shuff:259,cs:joyce-dubliners:0:shuff:289,agreed,agree,souhlasila,souhlasit,impf
en:joyce-dubliners:0:shuff:259,cs:joyce-dubliners:0:shuff:289,agreed,agree,odpovídala,odpovídat,impf
en:joyce-dubliners:0:shuff:262,cs:joyce-dubliners:0:shuff:292,took,take,Vzal,vzít,pf
en:joyce-dubliners:0:shuff:262,cs:joyce-dubliners:0:shuff:292,sat,sit,seděla,sedět,impf
en:joyce-dubliners:0:shuff:262,cs:joyce-dubliners:0:shuff:292,felt,feel,cítila,cítit,impf
en:joyce-dubliners:0:shuff:263,cs:joyce-dubliners:0:shuff:293,sang,sing,zpíval,zpívat,impf
en:joyce-dubliners:0:shuff:264,cs:joyce-dubliners:0:shuff:294,sang,sing,zpíval,zpívat,impf
en:joyce-dubliners:0:shuff:264,cs:joyce-dubliners:0:shuff:294,loves,love,miluje,milovat,impf
en:joyce-dubliners:0:shuff:264,cs:joyce-dubliners:0:shuff:294,felt,feel,pociťovala,pociťovat,impf
en:joyce-dubliners:0:shuff:268,cs:joyce-dubliners:0:shuff:298,sat,sit,seděl,sedět,impf
en:joyce-dubliners:0:shuff:268,cs:joyce-dubliners:0:shuff:298,thought,think,myslel,myslet,impf
en:joyce-dubliners:0:shuff:270,cs:joyce-dubliners:0:shuff:300,lifted,lift,zvedla,zvednout,pf
en:joyce-dubliners:0:shuff:270,cs:joyce-dubliners:0:shuff:300,said,say,pronesla,pronést,pf
en:joyce-dubliners:0:shuff:271,cs:joyce-dubliners:0:shuff:301,laughed,laugh,smála,smát,impf
en:joyce-dubliners:0:shuff:271,cs:joyce-dubliners:0:shuff:301,met,meet,dotýkala,dotýkat,impf
en:joyce-dubliners:0:shuff:271,cs:joyce-dubliners:0:shuff:301,meant,mean,myslí,myslet,impf
en:joyce-dubliners:0:shuff:272,cs:joyce-dubliners:0:shuff:302,wished,wish,chce,chtít,impf
en:joyce-dubliners:0:shuff:272,cs:joyce-dubliners:0:shuff:302,like,like,chce,chtít,impf
en:joyce-dubliners:0:shuff:272,cs:joyce-dubliners:0:shuff:302,express,express,vyjádřit,vyjádřit,pf
en:joyce-dubliners:0:shuff:273,cs:joyce-dubliners:0:shuff:303,stepped,step,kráčel,kráčet,impf
en:joyce-dubliners:0:shuff:277,cs:joyce-dubliners:0:shuff:307,said,say,říci,říci,pf
en:joyce-dubliners:0:shuff:278,cs:joyce-dubliners:0:shuff:308,felt,feel,cítí,cítit,impf
en:joyce-dubliners:0:shuff:281,cs:joyce-dubliners:0:shuff:312,protect,protect,bránil,bránit,impf
en:joyce-dubliners:0:shuff:283,cs:joyce-dubliners:0:shuff:316,listen,listen,poslouchaly,poslouchat,impf
en:joyce-dubliners:0:shuff:285,cs:joyce-dubliners:0:shuff:319,sang,sing,Zpívala,zpívat,impf
en:joyce-dubliners:0:shuff:285,cs:joyce-dubliners:0:shuff:319,sang,sing,Zpívala,zpívat,impf
en:joyce-dubliners:0:shuff:285,cs:joyce-dubliners:0:shuff:319,came,come,dospěla,dospět,pf
en:joyce-dubliners:0:shuff:285,cs:joyce-dubliners:0:shuff:319,sang,sing,zpívala,zpívat,impf
en:joyce-dubliners:0:shuff:285,cs:joyce-dubliners:0:shuff:319,sang,sing,zpívala,zpívat,impf
en:joyce-dubliners:0:shuff:286,cs:joyce-dubliners:0:shuff:320,dreamt,dream,Snil,snít,impf
en:joyce-dubliners:0:shuff:292,cs:joyce-dubliners:0:shuff:326,pleased,please,potěšilo,potěšit,pf
en:joyce-dubliners:0:shuff:295,cs:joyce-dubliners:0:shuff:330,satisfied,satisfy,uspokojil,uspokojit,pf
en:joyce-dubliners:0:shuff:295,cs:joyce-dubliners:0:shuff:330,thought,think,pomyslela,pomyslet,pf
en:joyce-dubliners:0:shuff:297,cs:joyce-dubliners:0:shuff:332,desist,desist,přestat,přestat,pf
en:joyce-dubliners:0:shuff:298,cs:joyce-dubliners:0:shuff:333,polish,polish,vyčistit,vyčistit,pf
en:joyce-dubliners:0:shuff:299,cs:joyce-dubliners:0:shuff:334,said,say,řekl,říci,pf
en:joyce-dubliners:0:shuff:300,cs:joyce-dubliners:0:shuff:335,drank,drink,vypili,vypít,pf
en:joyce-dubliners:0:shuff:301,cs:joyce-dubliners:0:shuff:336,met,meet,Potkal,potkat,pf
en:joyce-dubliners:0:shuff:303,cs:joyce-dubliners:0:shuff:338,doing,do,dělá,dělat,impf
en:joyce-dubliners:0:shuff:304,cs:joyce-dubliners:0:shuff:339,said,say,odpověděl,odpovědět,pf
en:joyce-dubliners:0:shuff:308,cs:joyce-dubliners:0:shuff:344,saw,see,spatřil,spatřit,pf
en:joyce-dubliners:0:shuff:309,cs:joyce-dubliners:0:shuff:345,remembered,remember,vzpomněl,vzpomenout,pf
en:joyce-dubliners:0:shuff:311,cs:joyce-dubliners:0:shuff:347,tried,try,snažili,snažit,impf
en:joyce-dubliners:0:shuff:312,cs:joyce-dubliners:0:shuff:348,Walking,walk,procházel,procházet,impf
en:joyce-dubliners:0:shuff:312,cs:joyce-dubliners:0:shuff:348,seen,see,viděl,vidět,impf
en:joyce-dubliners:0:shuff:312,cs:joyce-dubliners:0:shuff:348,Walking,walk,kráčejí,kráčet,impf
en:joyce-dubliners:0:shuff:317,cs:joyce-dubliners:0:shuff:353,feeling,feel,cítil,cítit,impf
en:joyce-dubliners:0:shuff:322,cs:joyce-dubliners:0:shuff:358,listened,listen,naslouchala,naslouchat,impf
en:joyce-dubliners:0:shuff:324,cs:joyce-dubliners:0:shuff:360,urged,urge,Naléhala,naléhat,impf
en:joyce-dubliners:0:shuff:325,cs:joyce-dubliners:0:shuff:361,told,tell,Pověděl,povědět,pf
en:joyce-dubliners:0:shuff:328,cs:joyce-dubliners:0:shuff:365,played,play,zahrála,zahrát,pf
en:joyce-dubliners:0:shuff:329,cs:joyce-dubliners:0:shuff:366,tried,try,Snažil,snažit,impf
en:joyce-dubliners:0:shuff:330,cs:joyce-dubliners:0:shuff:367,looked,look,Díval,dívat,impf
en:joyce-dubliners:0:shuff:332,cs:joyce-dubliners:0:shuff:369,died,die,zemřelo,zemřít,pf
en:joyce-dubliners:0:shuff:335,cs:joyce-dubliners:0:shuff:372,cried,cry,volala,volat,impf
en:joyce-dubliners:0:shuff:336,cs:joyce-dubliners:0:shuff:373,hearing,hear,uslyšelo,uslyšet,pf
en:joyce-dubliners:0:shuff:336,cs:joyce-dubliners:0:shuff:373,broke,break,propuklo,propuknout,pf
en:joyce-dubliners:0:shuff:337,cs:joyce-dubliners:0:shuff:374,gaze,gaze,hleděl,hledět,impf
en:joyce-dubliners:0:shuff:338,cs:joyce-dubliners:0:shuff:375,covered,cover,pokrývala,pokrývat,impf
en:joyce-dubliners:0:shuff:340,cs:joyce-dubliners:0:shuff:378,allowed,allow,připouštěl,připouštět,impf
en:joyce-dubliners:0:shuff:341,cs:joyce-dubliners:0:shuff:379,found,find,zjistil,zjistit,pf
en:joyce-dubliners:0:shuff:341,cs:joyce-dubliners:0:shuff:379,sitting,sit,sedí,sedět,impf
en:joyce-dubliners:0:shuff:343,cs:joyce-dubliners:0:shuff:381,said,say,řekla,říci,pf
en:joyce-dubliners:0:shuff:345,cs:joyce-dubliners:0:shuff:383,expressed,express,vyslovil,vyslovit,pf
en:joyce-dubliners:0:shuff:348,cs:joyce-dubliners:0:shuff:388,remained,remain,zbyly,zbýt,pf
en:joyce-dubliners:0:shuff:348,cs:joyce-dubliners:0:shuff:388,set,set,zařídila,zařídit,pf
en:joyce-dubliners:0:shuff:349,cs:joyce-dubliners:0:shuff:389,eat,eat,nesnědli,sníst,pf
en:joyce-dubliners:0:shuff:351,cs:joyce-dubliners:0:shuff:391,said,say,Pověz,povědět,pf
en:joyce-dubliners:0:shuff:351,cs:joyce-dubliners:0:shuff:391,say,say,Pověz,povědět,pf
en:joyce-dubliners:0:shuff:351,cs:joyce-dubliners:0:shuff:391,said,say,říkají,říkat,impf
en:joyce-dubliners:0:shuff:351,cs:joyce-dubliners:0:shuff:391,say,say,říkají,říkat,impf
en:joyce-dubliners:0:shuff:353,cs:joyce-dubliners:0:shuff:393,said,say,odpověděl,odpovědět,pf
en:joyce-dubliners:0:shuff:355,cs:joyce-dubliners:0:shuff:395,Go,go,jdi,jít,impf
en:joyce-dubliners:0:shuff:357,cs:joyce-dubliners:0:shuff:397,longed,long,Toužil,toužit,impf
en:joyce-dubliners:0:shuff:357,cs:joyce-dubliners:0:shuff:397,hear,hear,neslyšel,slyšet,impf
en:joyce-dubliners:0:shuff:357,cs:joyce-dubliners:0:shuff:397,pushed,push,strkala,strkat,impf
en:joyce-dubliners:0:shuff:359,cs:joyce-dubliners:0:shuff:399,coming,come,šel,jít,impf
en:joyce-dubliners:0:shuff:365,cs:joyce-dubliners:0:shuff:408,remembered,remember,vzpomněl,vzpomenout,pf
en:joyce-dubliners:0:shuff:366,cs:joyce-dubliners:0:shuff:409,say,say,pronesl,pronést,pf
en:joyce-dubliners:0:shuff:369,cs:joyce-dubliners:0:shuff:413,quickened,quicken,zrychlil,zrychlit,pf
en:joyce-dubliners:0:shuff:372,cs:joyce-dubliners:0:shuff:416,sat,sit,Seděla,sedět,impf
en:joyce-dubliners:0:shuff:372,cs:joyce-dubliners:0:shuff:416,watching,watch,pozorovala,pozorovat,impf
en:joyce-dubliners:0:shuff:373,cs:joyce-dubliners:0:shuff:417,lived,live,bydlel,bydlet,impf
en:joyce-dubliners:0:shuff:373,cs:joyce-dubliners:0:shuff:417,live,live,bydlel,bydlet,impf
en:joyce-dubliners:0:shuff:373,cs:joyce-dubliners:0:shuff:417,wished,wish,chtěl,chtít,impf
en:joyce-dubliners:0:shuff:373,cs:joyce-dubliners:0:shuff:417,mean,mean,chtěl,chtít,impf
en:joyce-dubliners:0:shuff:373,cs:joyce-dubliners:0:shuff:417,lived,live,bydlet,bydlet,impf
en:joyce-dubliners:0:shuff:373,cs:joyce-dubliners:0:shuff:417,live,live,bydlet,bydlet,impf
en:joyce-dubliners:0:shuff:374,cs:joyce-dubliners:0:shuff:418,lived,live,Bydlel,bydlet,impf
en:joyce-dubliners:0:shuff:379,cs:joyce-dubliners:0:shuff:422,began,begin,začala,začít,pf
en:joyce-dubliners:0:shuff:379,cs:joyce-dubliners:0:shuff:422,walk,walk,chodit,chodit,impf
en:joyce-dubliners:0:shuff:379,cs:joyce-dubliners:0:shuff:422,clasping,clasp,svírala,svírat,impf
en:joyce-dubliners:0:shuff:379,cs:joyce-dubliners:0:shuff:422,murmuring,murmur,šeptala,šeptat,impf
en:joyce-dubliners:0:shuff:388,cs:joyce-dubliners:0:shuff:428,felt,feel,cítil,cítit,impf
en:joyce-dubliners:0:shuff:389,cs:joyce-dubliners:0:shuff:429,spoke,speak,mluvila,mluvit,impf
en:joyce-dubliners:0:shuff:390,cs:joyce-dubliners:0:shuff:430,sent,send,poslala,poslat,pf
en:joyce-dubliners:0:shuff:390,cs:joyce-dubliners:0:shuff:430,taken,take,dělat,dělat,impf
en:joyce-dubliners:0:shuff:390,cs:joyce-dubliners:0:shuff:430,do,do,dělat,dělat,impf
en:joyce-dubliners:0:shuff:390,cs:joyce-dubliners:0:shuff:430,come,come,chodil,chodit,impf
en:joyce-dubliners:0:shuff:390,cs:joyce-dubliners:0:shuff:430,asking,ask,žádal,žádat,impf
en:joyce-dubliners:0:shuff:390,cs:joyce-dubliners:0:shuff:430,taken,take,žádal,žádat,impf
en:joyce-dubliners:0:shuff:390,cs:joyce-dubliners:0:shuff:430,allowed,allow,směl,smět,impf
en:joyce-dubliners:0:shuff:390,cs:joyce-dubliners:0:shuff:430,taken,take,vzala,vzít,pf
en:joyce-dubliners:0:shuff:390,cs:joyce-dubliners:0:shuff:430,do,do,vzala,vzít,pf
en:joyce-dubliners:0:shuff:393,cs:joyce-dubliners:0:shuff:433,brought,bring,přinesl,přinést,pf
en:joyce-dubliners:0:shuff:395,cs:joyce-dubliners:0:shuff:435,said,say,řekl,říci,pf
en:joyce-dubliners:0:shuff:396,cs:joyce-dubliners:0:shuff:436,come,come,přijedeš,přijet,pf
en:joyce-dubliners:0:shuff:396,cs:joyce-dubliners:0:shuff:436,wishing,wish,přát,přát,impf
en:joyce-dubliners:0:shuff:397,cs:joyce-dubliners:0:shuff:437,listening,listen,poslouchají,poslouchat,impf
en:joyce-dubliners:0:shuff:398,cs:joyce-dubliners:0:shuff:438,see,see,nevidíte,vidět,impf
en:joyce-dubliners:0:shuff:398,cs:joyce-dubliners:0:shuff:438,waiting,wait,čekají,čekat,impf
en:joyce-dubliners:0:shuff:402,cs:joyce-dubliners:0:shuff:442,married,marry,provdána,provdat,pf
en:joyce-dubliners:0:shuff:402,cs:joyce-dubliners:0:shuff:442,married,marry,provdána,provdat,pf
en:joyce-dubliners:0:shuff:403,cs:joyce-dubliners:0:shuff:443,treat,treat,jednat,jednat,impf
en:joyce-dubliners:0:shuff:406,cs:joyce-dubliners:0:shuff:447,met,meet,setkal,setkat,pf
en:joyce-dubliners:0:shuff:406,cs:joyce-dubliners:0:shuff:447,tell,tell,povědět,povědět,pf
en:joyce-dubliners:0:shuff:406,cs:joyce-dubliners:0:shuff:447,say,say,povědět,povědět,pf
en:joyce-dubliners:0:shuff:407,cs:joyce-dubliners:0:shuff:448,sang,sing,zpíval,zpívat,impf
en:joyce-dubliners:0:shuff:409,cs:joyce-dubliners:0:shuff:450,say,say,říct,říci,pf
en:joyce-dubliners:0:shuff:410,cs:joyce-dubliners:0:shuff:451,believe,believe,Nevěříš,věřit,impf
en:joyce-dubliners:0:shuff:414,cs:joyce-dubliners:0:shuff:454,See,see,uvidíš,uvidět,pf
en:joyce-dubliners:0:shuff:414,cs:joyce-dubliners:0:shuff:454,play,play,sehraju,sehrát,pf
en:joyce-dubliners:0:shuff:415,cs:joyce-dubliners:0:shuff:455,tell,tell,povídám,povídat,impf
en:joyce-dubliners:0:shuff:416,cs:joyce-dubliners:0:shuff:456,wait,wait,počkej,počkat,pf
en:joyce-dubliners:0:shuff:417,cs:joyce-dubliners:0:shuff:457,bought,buy,koupil,koupit,pf
en:joyce-dubliners:0:shuff:417,cs:joyce-dubliners:0:shuff:457,built,build,postavil,postavit,pf
en:joyce-dubliners:0:shuff:419,cs:joyce-dubliners:0:shuff:459,played,play,nehrál,hrát,impf
en:joyce-dubliners:0:shuff:420,cs:joyce-dubliners:0:shuff:460,said,say,řekl,říci,pf
en:joyce-dubliners:0:shuff:421,cs:joyce-dubliners:0:shuff:461,broken,break,prorazil,prorazit,pf
en:joyce-dubliners:0:shuff:423,cs:joyce-dubliners:0:shuff:463,said,say,odpověděl,odpovědět,pf
en:joyce-dubliners:0:shuff:423,cs:joyce-dubliners:0:shuff:463,come,come,přijedeš,přijet,pf
en:joyce-dubliners:0:shuff:425,cs:joyce-dubliners:0:shuff:465,said,say,řekl,říci,pf
en:joyce-dubliners:0:shuff:428,cs:joyce-dubliners:0:shuff:468,governed,govern,Spravovala,spravovat,impf
en:joyce-dubliners:0:shuff:428,cs:joyce-dubliners:0:shuff:468,give,give,poskytnout,poskytnout,pf
en:joyce-dubliners:0:shuff:429,cs:joyce-dubliners:0:shuff:469,spoke,speak,říkali,říkat,impf
en:joyce-dubliners:0:shuff:430,cs:joyce-dubliners:0:shuff:470,won,win,získat,získat,pf
en:joyce-dubliners:0:shuff:432,cs:joyce-dubliners:0:shuff:473,saw,see,Viděl,vidět,impf
en:joyce-dubliners:0:shuff:434,cs:joyce-dubliners:0:shuff:475,thought,think,Pomyslel,pomyslet,pf
en:joyce-dubliners:0:shuff:434,cs:joyce-dubliners:0:shuff:475,carrying,carry,nesou,nést,impf
en:joyce-dubliners:0:shuff:434,cs:joyce-dubliners:0:shuff:475,filled,fill,naplnil,naplnit,pf
en:joyce-dubliners:0:shuff:438,cs:joyce-dubliners:0:shuff:478,said,say,Řekla,říci,pf
en:joyce-dubliners:0:shuff:439,cs:joyce-dubliners:0:shuff:479,put,put,položila,položit,pf
en:joyce-dubliners:0:shuff:439,cs:joyce-dubliners:0:shuff:479,put,put,řekla,říci,pf
en:joyce-dubliners:0:shuff:439,cs:joyce-dubliners:0:shuff:479,said,say,řekla,říci,pf
en:joyce-dubliners:0:shuff:442,cs:joyce-dubliners:0:shuff:482,remembered,remember,Pamatuje,pamatovat,impf
en:joyce-dubliners:0:shuff:446,cs:joyce-dubliners:0:shuff:485,warned,warn,varoval,varovat,impf
en:joyce-dubliners:0:shuff:448,cs:joyce-dubliners:0:shuff:488,looked,look,Díval,dívat,impf
en:joyce-dubliners:0:shuff:448,cs:joyce-dubliners:0:shuff:488,answered,answer,odpovídaly,odpovídat,impf
en:joyce-dubliners:0:shuff:452,cs:joyce-dubliners:0:shuff:492,irritated,irritate,dráždil,dráždit,impf
en:joyce-dubliners:0:shuff:453,cs:joyce-dubliners:0:shuff:493,defied,defy,vyzývaly,vyzývat,impf
en:joyce-dubliners:0:shuff:454,cs:joyce-dubliners:0:shuff:494,thought,think,Pomyslel,pomyslet,pf
en:joyce-dubliners:0:shuff:454,cs:joyce-dubliners:0:shuff:494,said,say,říkal,říkat,impf
en:joyce-dubliners:0:shuff:455,cs:joyce-dubliners:0:shuff:495,thought,think,Myslel,myslet,impf
en:joyce-dubliners:0:shuff:456,cs:joyce-dubliners:0:shuff:496,go,go,odjet,odjet,pf
en:joyce-dubliners:0:shuff:457,cs:joyce-dubliners:0:shuff:497,paid,pay,zaplatit,zaplatit,pf
en:joyce-dubliners:0:shuff:458,cs:joyce-dubliners:0:shuff:498,write,write,napsat,napsat,pf
en:joyce-dubliners:0:shuff:458,cs:joyce-dubliners:0:shuff:498,published,publish,vydat,vydat,pf
en:joyce-dubliners:0:shuff:458,cs:joyce-dubliners:0:shuff:498,open,open,otevřít,otevřít,pf
en:joyce-dubliners:0:shuff:459,cs:joyce-dubliners:0:shuff:499,lay,lie,ležel,ležet,impf
en:joyce-dubliners:0:shuff:460,cs:joyce-dubliners:0:shuff:500,opened,open,otevřel,otevřít,pf
en:joyce-dubliners:0:shuff:460,cs:joyce-dubliners:0:shuff:500,began,begin,otevřel,otevřít,pf
en:joyce-dubliners:0:shuff:460,cs:joyce-dubliners:0:shuff:500,waken,waken,nevzbudil,vzbudit,pf
en:joyce-dubliners:0:shuff:460,cs:joyce-dubliners:0:shuff:500,opened,open,začal,začít,pf
en:joyce-dubliners:0:shuff:460,cs:joyce-dubliners:0:shuff:500,began,begin,začal,začít,pf
en:joyce-dubliners:0:shuff:460,cs:joyce-dubliners:0:shuff:500,read,read,číst,číst,impf
en:joyce-dubliners:0:shuff:463,cs:joyce-dubliners:0:shuff:503,said,say,řekl,říci,pf
en:joyce-dubliners:0:shuff:463,cs:joyce-dubliners:0:shuff:503,asked,ask,požádal,požádat,pf
en:joyce-dubliners:0:shuff:463,cs:joyce-dubliners:0:shuff:503,open,open,otevřela,otevřít,pf
en:joyce-dubliners:0:shuff:468,cs:joyce-dubliners:0:shuff:509,heard,hear,slyšela,slyšet,impf
en:joyce-dubliners:0:shuff:473,cs:joyce-dubliners:0:shuff:514,escape,escape,uprchnout,uprchnout,pf
en:joyce-dubliners:0:shuff:474,cs:joyce-dubliners:0:shuff:515,save,save,zachrání,zachránit,pf
en:joyce-dubliners:0:shuff:475,cs:joyce-dubliners:0:shuff:516,give,give,Dá,dát,pf
en:joyce-dubliners:0:shuff:476,cs:joyce-dubliners:0:shuff:517,wanted,want,chce,chtít,impf
en:joyce-dubliners:0:shuff:479,cs:joyce-dubliners:0:shuff:521,visiting,visit,navštěvoval,navštěvovat,impf
en:joyce-dubliners:0:shuff:479,cs:joyce-dubliners:0:shuff:521,died,die,zemřeli,zemřít,pf
en:joyce-dubliners:0:shuff:480,cs:joyce-dubliners:0:shuff:522,regulate,regulate,řídí,řídit,impf
en:joyce-dubliners:0:shuff:481,cs:joyce-dubliners:0:shuff:523,thought,think,Myslela,myslet,impf
en:joyce-dubliners:0:shuff:481,cs:joyce-dubliners:0:shuff:523,notice,notice,nevšiml,všimnout,pf
en:joyce-dubliners:0:shuff:483,cs:joyce-dubliners:0:shuff:526,thought,think,uvažovala,uvažovat,impf
en:joyce-dubliners:0:shuff:483,cs:joyce-dubliners:0:shuff:526,reflected,reflect,uvažovala,uvažovat,impf
en:joyce-dubliners:0:shuff:484,cs:joyce-dubliners:0:shuff:527,began,begin,začal,začít,pf
en:joyce-dubliners:0:shuff:484,cs:joyce-dubliners:0:shuff:527,chat,chat,hovořit,hovořit,impf
en:joyce-dubliners:0:shuff:489,cs:joyce-dubliners:0:shuff:534,wants,want,chce,chtít,impf
en:joyce-dubliners:0:shuff:489,cs:joyce-dubliners:0:shuff:534,speak,speak,mluvit,mluvit,impf
en:joyce-dubliners:0:shuff:490,cs:joyce-dubliners:0:shuff:535,remembered,remember,vzpomněla,vzpomenout,pf
en:joyce-dubliners:0:shuff:490,cs:joyce-dubliners:0:shuff:535,waiting,wait,čekala,čekat,impf
en:joyce-dubliners:0:shuff:492,cs:joyce-dubliners:0:shuff:537,wished,wish,popřál,popřát,pf
en:joyce-dubliners:0:shuff:495,cs:joyce-dubliners:0:shuff:540,remain,remain,zůstat,zůstat,pf
en:joyce-dubliners:0:shuff:496,cs:joyce-dubliners:0:shuff:541,deserved,deserve,zasloužil,zasloužit,pf
en:joyce-dubliners:0:shuff:497,cs:joyce-dubliners:0:shuff:542,married,marry,oženil,oženit,pf
en:joyce-dubliners:0:shuff:498,cs:joyce-dubliners:0:shuff:543,caught,catch,Přistihl,přistihnout,pf
en:joyce-dubliners:0:shuff:499,cs:joyce-dubliners:0:shuff:544,bought,buy,koupil,koupit,pf
en:joyce-dubliners:0:shuff:500,cs:joyce-dubliners:0:shuff:545,chosen,choose,Vybrala,vybrat,pf
en:joyce-dubliners:0:shuff:500,cs:joyce-dubliners:0:shuff:545,reminded,remind,připomínal,připomínat,impf
en:joyce-dubliners:0:shuff:502,cs:joyce-dubliners:0:shuff:547,awoke,awake,Probudil,probudit,pf
en:joyce-dubliners:0:shuff:503,cs:joyce-dubliners:0:shuff:548,escape,escape,uniknout,uniknout,pf
en:joyce-dubliners:0:shuff:504,cs:joyce-dubliners:0:shuff:549,try,try,zkusil,zkusit,pf
en:joyce-dubliners:0:shuff:505,cs:joyce-dubliners:0:shuff:550,received,receive,dostal,dostat,pf
en:joyce-dubliners:0:shuff:506,cs:joyce-dubliners:0:shuff:551,passed,pass,Uplynula,uplynout,pf
en:joyce-dubliners:0:shuff:507,cs:joyce-dubliners:0:shuff:552,returned,return,vrátil,vrátit,pf
en:joyce-dubliners:0:shuff:511,cs:joyce-dubliners:0:shuff:556,wrote,write,psal,psát,impf
en:joyce-dubliners:0:shuff:514,cs:joyce-dubliners:0:shuff:559,called,call,Říkali,říkat,impf
en:joyce-dubliners:0:shuff:517,cs:joyce-dubliners:0:shuff:562,smoked,smoke,kouřili,kouřit,impf
en:joyce-dubliners:0:shuff:518,cs:joyce-dubliners:0:shuff:563,sat,sit,seděl,sedět,impf
en:joyce-dubliners:0:shuff:518,cs:joyce-dubliners:0:shuff:563,seeing,see,viděl,vidět,impf
en:joyce-dubliners:0:shuff:518,cs:joyce-dubliners:0:shuff:563,hearing,hear,slyšel,slyšet,impf
en:joyce-dubliners:0:shuff:519,cs:joyce-dubliners:0:shuff:564,called,call,objednal,objednat,pf
en:joyce-dubliners:0:shuff:520,cs:joyce-dubliners:0:shuff:565,sat,sit,Seděl,sedět,impf
en:joyce-dubliners:0:shuff:523,cs:joyce-dubliners:0:shuff:568,revealing,reveal,prozradil,prozradit,pf
en:joyce-dubliners:0:shuff:525,cs:joyce-dubliners:0:shuff:570,held,hold,měl,mít,impf
en:joyce-dubliners:0:shuff:526,cs:joyce-dubliners:0:shuff:571,inscribed,inscribe,napsal,napsat,pf
en:joyce-dubliners:0:shuff:526,cs:joyce-dubliners:0:shuff:571,pasted,paste,nalepil,nalepit,pf
en:joyce-dubliners:0:shuff:528,cs:joyce-dubliners:0:shuff:574,watching,watch,pozorují,pozorovat,impf
en:joyce-dubliners:0:shuff:528,cs:joyce-dubliners:0:shuff:574,wished,wish,přejí,přát,impf
en:joyce-dubliners:0:shuff:528,cs:joyce-dubliners:0:shuff:574,gone,go,odešel,odejít,pf
en:joyce-dubliners:0:shuff:530,cs:joyce-dubliners:0:shuff:577,turned,turn,Obrátil,obrátit,pf
en:joyce-dubliners:0:shuff:533,cs:joyce-dubliners:0:shuff:580,touched,touch,nedotýkaly,dotýkat,impf
en:joyce-dubliners:0:shuff:538,cs:joyce-dubliners:0:shuff:586,paying,pay,zaplatí,zaplatit,pf
en:joyce-dubliners:0:shuff:540,cs:joyce-dubliners:0:shuff:588,hoped,hope,doufá,doufat,impf
en:joyce-dubliners:0:shuff:540,cs:joyce-dubliners:0:shuff:588,come,come,nepřijde,přijít,pf
en:joyce-dubliners:0:shuff:542,cs:joyce-dubliners:0:shuff:590,said,say,řekl,říci,pf
en:joyce-dubliners:0:shuff:542,cs:joyce-dubliners:0:shuff:590,wish,wish,přeju,přát,impf
en:joyce-dubliners:0:shuff:542,cs:joyce-dubliners:0:shuff:590,shoot,shoot,zastřelil,zastřelit,pf
en:joyce-dubliners:0:shuff:545,cs:joyce-dubliners:0:shuff:593,said,say,odpověděl,odpovědět,pf
en:joyce-dubliners:0:shuff:548,cs:joyce-dubliners:0:shuff:596,said,say,odpověděl,odpovědět,pf
en:joyce-dubliners:0:shuff:550,cs:joyce-dubliners:0:shuff:598,revealed,reveal,Odhaloval,odhalovat,impf
en:joyce-dubliners:0:shuff:550,cs:joyce-dubliners:0:shuff:598,ended,end,skončil,skončit,pf
en:joyce-dubliners:0:shuff:553,cs:joyce-dubliners:0:shuff:601,employed,employ,zaměstnán,zaměstnat,pf
en:joyce-dubliners:0:shuff:554,cs:joyce-dubliners:0:shuff:602,agreed,agree,souhlasil,souhlasit,impf
en:joyce-dubliners:0:shuff:555,cs:joyce-dubliners:0:shuff:603,put,put,uloženo,uložit,pf
en:joyce-dubliners:0:shuff:558,cs:joyce-dubliners:0:shuff:606,sat,sit,seděl,sedět,impf
en:joyce-dubliners:0:shuff:558,cs:joyce-dubliners:0:shuff:606,take,take,vzít,vzít,pf
en:joyce-dubliners:0:shuff:558,cs:joyce-dubliners:0:shuff:606,read,read,přečíst,přečíst,pf
en:joyce-dubliners:0:shuff:560,cs:joyce-dubliners:0:shuff:609,repeated,repeat,opakoval,opakovat,impf
en:joyce-dubliners:0:shuff:560,cs:joyce-dubliners:0:shuff:609,consoled,console,utěšovalo,utěšovat,impf
en:joyce-dubliners:0:shuff:562,cs:joyce-dubliners:0:shuff:611,led,lead,vedli,vést,impf
en:joyce-dubliners:0:shuff:563,cs:joyce-dubliners:0:shuff:612,moved,move,Pohybovala,pohybovat,impf
en:joyce-dubliners:0:shuff:563,cs:joyce-dubliners:0:shuff:612,descended,descend,sklonila,sklonit,pf
en:joyce-dubliners:0:shuff:564,cs:joyce-dubliners:0:shuff:613,surprised,surprise,překvapilo,překvapit,pf
en:joyce-dubliners:0:shuff:564,cs:joyce-dubliners:0:shuff:613,spoke,speak,nemluví,mluvit,impf
en:joyce-dubliners:0:shuff:566,cs:joyce-dubliners:0:shuff:616,bought,buy,koupil,koupit,pf
en:joyce-dubliners:0:shuff:567,cs:joyce-dubliners:0:shuff:617,made,make,vytvořil,vytvořit,pf
en:joyce-dubliners:0:shuff:568,cs:joyce-dubliners:0:shuff:618,covered,cover,pokrytu,pokrýt,pf
en:joyce-dubliners:0:shuff:569,cs:joyce-dubliners:0:shuff:619,thrown,throw,vyhodila,vyhodit,pf
en:joyce-dubliners:0:shuff:570,cs:joyce-dubliners:0:shuff:620,said,say,řekl,říci,pf
en:joyce-dubliners:0:shuff:570,cs:joyce-dubliners:0:shuff:620,sit,sit,posadila,posadit,pf
en:joyce-dubliners:0:shuff:572,cs:joyce-dubliners:0:shuff:622,told,tell,Vyprávěl,vyprávět,impf
en:joyce-dubliners:0:shuff:572,cs:joyce-dubliners:0:shuff:622,repeating,repeat,opakoval,opakovat,impf
en:joyce-dubliners:0:shuff:573,cs:joyce-dubliners:0:shuff:623,tell,tell,řekl,říci,pf
en:joyce-dubliners:0:shuff:573,cs:joyce-dubliners:0:shuff:623,said,say,řekl,říci,pf
en:joyce-dubliners:0:shuff:575,cs:joyce-dubliners:0:shuff:625,heard,hear,slyšel,slyšet,impf
en:joyce-dubliners:0:shuff:575,cs:joyce-dubliners:0:shuff:625,saying,say,říkám,říkat,impf
en:joyce-dubliners:0:shuff:577,cs:joyce-dubliners:0:shuff:627,got,get,opatřili,opatřit,pf
en:joyce-dubliners:0:shuff:577,cs:joyce-dubliners:0:shuff:627,liked,like,líbí,líbit,impf
en:joyce-dubliners:0:shuff:578,cs:joyce-dubliners:0:shuff:628,thought,think,myslí,myslet,impf
en:joyce-dubliners:0:shuff:580,cs:joyce-dubliners:0:shuff:630,hung,hang,viselo,viset,impf
en:joyce-dubliners:0:shuff:581,cs:joyce-dubliners:0:shuff:631,arranged,arrange,uspořádány,uspořádat,pf
en:joyce-dubliners:0:shuff:584,cs:joyce-dubliners:0:shuff:634,looked,look,pohlédl,pohlédnout,pf
en:joyce-dubliners:0:shuff:584,cs:joyce-dubliners:0:shuff:634,burned,burn,hořela,hořet,impf
en:joyce-dubliners:0:shuff:585,cs:joyce-dubliners:0:shuff:635,looked,look,Pohlédl,pohlédnout,pf
en:joyce-dubliners:0:shuff:585,cs:joyce-dubliners:0:shuff:635,saw,see,spatřil,spatřit,pf
en:joyce-dubliners:0:shuff:589,cs:joyce-dubliners:0:shuff:640,going,go,odejde,odejít,pf
en:joyce-dubliners:0:shuff:589,cs:joyce-dubliners:0:shuff:640,go,go,odejde,odejít,pf
en:joyce-dubliners:0:shuff:589,cs:joyce-dubliners:0:shuff:640,leave,leave,odejde,odejít,pf
en:joyce-dubliners:0:shuff:589,cs:joyce-dubliners:0:shuff:640,leave,leave,opustí,opustit,pf
en:joyce-dubliners:0:shuff:591,cs:joyce-dubliners:0:shuff:642,looked,look,podívala,podívat,pf
en:joyce-dubliners:0:shuff:591,cs:joyce-dubliners:0:shuff:642,wondering,wonder,divila,divit,impf
en:joyce-dubliners:0:shuff:592,cs:joyce-dubliners:0:shuff:643,see,see,neuvidí,uvidět,pf
en:joyce-dubliners:0:shuff:596,cs:joyce-dubliners:0:shuff:648,shake,shake,otřesou,otřást,pf
en:joyce-dubliners:0:shuff:596,cs:joyce-dubliners:0:shuff:648,gone,go,odejdou,odejít,pf
en:joyce-dubliners:0:shuff:597,cs:joyce-dubliners:0:shuff:649,write,write,napsat,napsat,pf
en:joyce-dubliners:0:shuff:597,cs:joyce-dubliners:0:shuff:649,express,express,vyjádřila,vyjádřit,pf
en:joyce-dubliners:0:shuff:599,cs:joyce-dubliners:0:shuff:651,write,write,napsat,napsat,pf
en:joyce-dubliners:0:shuff:600,cs:joyce-dubliners:0:shuff:652,drank,drink,Vypil,vypít,pf
en:joyce-dubliners:0:shuff:600,cs:joyce-dubliners:0:shuff:652,pushed,push,odstrčil,odstrčit,pf
en:joyce-dubliners:0:shuff:600,cs:joyce-dubliners:0:shuff:652,read,read,četl,číst,impf
en:joyce-dubliners:0:shuff:602,cs:joyce-dubliners:0:shuff:655,said,say,Odpověděl,odpovědět,pf
en:joyce-dubliners:0:shuff:602,cs:joyce-dubliners:0:shuff:655,ate,eat,snědl,sníst,pf
en:joyce-dubliners:0:shuff:603,cs:joyce-dubliners:0:shuff:656,paid,pay,zaplatil,zaplatit,pf
en:joyce-dubliners:0:shuff:603,cs:joyce-dubliners:0:shuff:656,went,go,odešel,odejít,pf
en:joyce-dubliners:0:shuff:604,cs:joyce-dubliners:0:shuff:657,grew,grow,rostly,růst,impf
en:joyce-dubliners:0:shuff:606,cs:joyce-dubliners:0:shuff:660,regarding,regard,pohlížel,pohlížet,impf
en:joyce-dubliners:0:shuff:607,cs:joyce-dubliners:0:shuff:661,stated,state,prohlásil,prohlásit,pf
en:joyce-dubliners:0:shuff:607,cs:joyce-dubliners:0:shuff:661,fractured,fracture,zlomena,zlomit,pf
en:joyce-dubliners:0:shuff:607,cs:joyce-dubliners:0:shuff:661,sustained,sustain,utrpěla,utrpět,pf
en:joyce-dubliners:0:shuff:608,cs:joyce-dubliners:0:shuff:662,injured,injure,poranila,poranit,pf
en:joyce-dubliners:0:shuff:609,cs:joyce-dubliners:0:shuff:663,caused,cause,způsobila,způsobit,pf
en:joyce-dubliners:0:shuff:614,cs:joyce-dubliners:0:shuff:669,standing,stand,měl,mít,impf
en:joyce-dubliners:0:shuff:616,cs:joyce-dubliners:0:shuff:671,insert,insert,vloží,vložit,pf
en:joyce-dubliners:0:shuff:618,cs:joyce-dubliners:0:shuff:674,speak,speak,Promluví,promluvit,pf
en:joyce-dubliners:0:shuff:619,cs:joyce-dubliners:0:shuff:675,passed,pass,minul,minout,pf
en:joyce-dubliners:0:shuff:619,cs:joyce-dubliners:0:shuff:675,turn,turn,zahnout,zahnout,pf
en:joyce-dubliners:0:shuff:620,cs:joyce-dubliners:0:shuff:676,began,begin,začalo,začít,pf
en:joyce-dubliners:0:shuff:621,cs:joyce-dubliners:0:shuff:677,opened,open,otevřel,otevřít,pf
en:joyce-dubliners:0:shuff:621,cs:joyce-dubliners:0:shuff:677,entered,enter,vstoupil,vstoupit,pf
en:joyce-dubliners:0:shuff:624,cs:joyce-dubliners:0:shuff:680,meant,mean,nemyslí,myslet,impf
en:joyce-dubliners:0:shuff:626,cs:joyce-dubliners:0:shuff:683,cut,cut,Nakrájela,nakrájet,pf
en:joyce-dubliners:0:shuff:628,cs:joyce-dubliners:0:shuff:685,talked,talk,Mluvila,mluvit,impf
en:joyce-dubliners:0:shuff:630,cs:joyce-dubliners:0:shuff:686,tried,try,Snažila,snažit,impf
en:joyce-dubliners:0:shuff:633,cs:joyce-dubliners:0:shuff:689,said,say,prohlásil,prohlásit,pf
en:joyce-dubliners:0:shuff:633,cs:joyce-dubliners:0:shuff:689,said,say,vyjádřil,vyjádřit,pf
en:joyce-dubliners:0:shuff:633,cs:joyce-dubliners:0:shuff:689,expressed,express,vyjádřil,vyjádřit,pf
en:joyce-dubliners:0:shuff:636,cs:joyce-dubliners:0:shuff:692,saw,see,podíval,podívat,pf
en:joyce-dubliners:0:shuff:636,cs:joyce-dubliners:0:shuff:692,look,look,podíval,podívat,pf
en:joyce-dubliners:0:shuff:636,cs:joyce-dubliners:0:shuff:692,appear,appear,zdálo,zdát,impf
en:joyce-dubliners:0:shuff:636,cs:joyce-dubliners:0:shuff:692,cleared,clear,vyjasnilo,vyjasnit,pf
en:joyce-dubliners:0:shuff:636,cs:joyce-dubliners:0:shuff:692,saw,see,nedívá,dívat,impf
en:joyce-dubliners:0:shuff:636,cs:joyce-dubliners:0:shuff:692,look,look,nedívá,dívat,impf
en:joyce-dubliners:0:shuff:642,cs:joyce-dubliners:0:shuff:699,reading,read,četl,číst,impf
en:joyce-dubliners:0:shuff:643,cs:joyce-dubliners:0:shuff:700,heard,hear,slyšet,slyšet,impf
en:joyce-dubliners:0:shuff:644,cs:joyce-dubliners:0:shuff:701,sat,sit,seděl,sedět,impf
en:joyce-dubliners:0:shuff:644,cs:joyce-dubliners:0:shuff:701,evoking,evoke,vyvolával,vyvolávat,impf
en:joyce-dubliners:0:shuff:644,cs:joyce-dubliners:0:shuff:701,realized,realize,uvědomil,uvědomit,pf
en:joyce-dubliners:0:shuff:644,cs:joyce-dubliners:0:shuff:701,ceased,cease,přestala,přestat,pf
en:joyce-dubliners:0:shuff:644,cs:joyce-dubliners:0:shuff:701,exist,exist,existovat,existovat,impf
en:joyce-dubliners:0:shuff:645,cs:joyce-dubliners:0:shuff:702,began,begin,Začal,začít,pf
en:joyce-dubliners:0:shuff:645,cs:joyce-dubliners:0:shuff:702,feel,feel,cítit,cítit,impf
en:joyce-dubliners:0:shuff:646,cs:joyce-dubliners:0:shuff:703,asked,ask,Tázal,tázat,impf
en:joyce-dubliners:0:shuff:652,cs:joyce-dubliners:0:shuff:709,wished,wish,Přál,přát,impf
en:joyce-dubliners:0:shuff:653,cs:joyce-dubliners:0:shuff:710,paid,pay,platili,platit,impf
en:joyce-dubliners:0:shuff:658,cs:joyce-dubliners:0:shuff:715,bending,bend,sklonil,sklonit,pf
en:joyce-dubliners:0:shuff:658,cs:joyce-dubliners:0:shuff:715,shouted,shout,vykřikl,vykřiknout,pf
en:joyce-dubliners:0:shuff:660,cs:joyce-dubliners:0:shuff:717,began,begin,začalo,začít,pf
en:joyce-dubliners:0:shuff:661,cs:joyce-dubliners:0:shuff:718,walked,walk,chodil,chodit,impf
en:joyce-dubliners:0:shuff:662,cs:joyce-dubliners:0:shuff:719,began,begin,Začalo,začít,pf
en:joyce-dubliners:0:shuff:662,cs:joyce-dubliners:0:shuff:719,losing,lose,ztratilo,ztratit,pf
en:joyce-dubliners:0:shuff:663,cs:joyce-dubliners:0:shuff:720,echoed,echo,odrážela,odrážet,impf
en:joyce-dubliners:0:shuff:664,cs:joyce-dubliners:0:shuff:721,sit,sit,sedět,sedět,impf
en:joyce-dubliners:0:shuff:664,cs:joyce-dubliners:0:shuff:721,touching,touch,dotýkala,dotýkat,impf
en:joyce-dubliners:0:shuff:665,cs:joyce-dubliners:0:shuff:722,arranged,arrange,Pořádala,pořádat,impf
en:joyce-dubliners:0:shuff:665,cs:joyce-dubliners:0:shuff:722,do,do,udělá,udělat,pf
en:joyce-dubliners:0:shuff:665,cs:joyce-dubliners:0:shuff:722,thought,think,myslela,myslet,impf
en:joyce-dubliners:0:shuff:665,cs:joyce-dubliners:0:shuff:722,thought,think,mít,mít,impf
en:joyce-dubliners:0:shuff:666,cs:joyce-dubliners:0:shuff:723,hoped,hope,Doufala,doufat,impf
en:joyce-dubliners:0:shuff:667,cs:joyce-dubliners:0:shuff:724,speaking,speak,nemluví,mluvit,impf
en:joyce-dubliners:0:shuff:668,cs:joyce-dubliners:0:shuff:725,shown,show,projevila,projevit,pf
en:joyce-dubliners:0:shuff:668,cs:joyce-dubliners:0:shuff:725,caught,catch,uchopila,uchopit,pf
en:joyce-dubliners:0:shuff:668,cs:joyce-dubliners:0:shuff:725,pressed,press,přitiskla,přitisknout,pf
en:joyce-dubliners:0:shuff:669,cs:joyce-dubliners:0:shuff:726,surprised,surprise,překvapen,překvapit,pf
en:joyce-dubliners:0:shuff:672,cs:joyce-dubliners:0:shuff:730,wish,wish,nechtěl,chtít,impf
en:joyce-dubliners:0:shuff:672,cs:joyce-dubliners:0:shuff:730,met,meet,setkali,setkat,pf
en:joyce-dubliners:0:shuff:673,cs:joyce-dubliners:0:shuff:731,held,hold,zadržely,zadržet,pf
en:joyce-dubliners:0:shuff:674,cs:joyce-dubliners:0:shuff:732,confused,confuse,mátl,mást,impf
en:joyce-dubliners:0:shuff:678,cs:joyce-dubliners:0:shuff:736,take,take,vezme,vzít,pf
en:joyce-dubliners:0:shuff:679,cs:joyce-dubliners:0:shuff:737,save,save,Zachrání,zachránit,pf
en:joyce-dubliners:0:shuff:682,cs:joyce-dubliners:0:shuff:740,held,hold,Držel,držet,impf
en:joyce-dubliners:0:shuff:682,cs:joyce-dubliners:0:shuff:740,speaking,speak,mluví,mluvit,impf
en:joyce-dubliners:0:shuff:682,cs:joyce-dubliners:0:shuff:740,saying,say,mluví,mluvit,impf
en:joyce-dubliners:0:shuff:682,cs:joyce-dubliners:0:shuff:740,speaking,speak,říká,říkat,impf
en:joyce-dubliners:0:shuff:682,cs:joyce-dubliners:0:shuff:740,saying,say,říká,říkat,impf
en:joyce-dubliners:0:shuff:685,cs:joyce-dubliners:0:shuff:743,met,meet,Potkal,potkat,pf
en:joyce-dubliners:0:shuff:688,cs:joyce-dubliners:0:shuff:746,said,say,odpověděl,odpovědět,pf
en:joyce-dubliners:0:shuff:689,cs:joyce-dubliners:0:shuff:747,laughed,laugh,zasmál,zasmát,pf
en:joyce-dubliners:0:shuff:690,cs:joyce-dubliners:0:shuff:748,said,say,řekl,říci,pf
en:joyce-dubliners:0:shuff:690,cs:joyce-dubliners:0:shuff:748,see,see,vidím,vidět,impf
en:joyce-dubliners:0:shuff:690,cs:joyce-dubliners:0:shuff:748,changed,change,nezměnil,změnit,pf
en:joyce-dubliners:0:shuff:691,cs:joyce-dubliners:0:shuff:749,shouted,shout,vykřikl,vykřiknout,pf
en:joyce-dubliners:0:shuff:691,cs:joyce-dubliners:0:shuff:749,reach,reach,dosáhnout,dosáhnout,pf
en:joyce-dubliners:0:shuff:691,cs:joyce-dubliners:0:shuff:749,caught,catch,zachytil,zachytit,pf
en:joyce-dubliners:0:shuff:691,cs:joyce-dubliners:0:shuff:749,fell,fall,upadla,upadnout,pf
en:joyce-dubliners:0:shuff:693,cs:joyce-dubliners:0:shuff:751,saw,see,Viděl,vidět,impf
en:joyce-dubliners:0:shuff:696,cs:joyce-dubliners:0:shuff:754,lying,lie,ležela,ležet,impf
en:joyce-dubliners:0:shuff:698,cs:joyce-dubliners:0:shuff:756,corroborated,corroborate,potvrdil,potvrdit,pf
en:joyce-dubliners:0:shuff:700,cs:joyce-dubliners:0:shuff:759,wanted,want,chtěla,chtít,impf
en:joyce-dubliners:0:shuff:700,cs:joyce-dubliners:0:shuff:759,tried,try,vyzkoušela,vyzkoušet,pf
en:joyce-dubliners:0:shuff:700,cs:joyce-dubliners:0:shuff:759,think,think,měla,mít,impf
en:joyce-dubliners:0:shuff:700,cs:joyce-dubliners:0:shuff:759,kissed,kiss,políbila,políbit,pf
en:joyce-dubliners:0:shuff:700,cs:joyce-dubliners:0:shuff:759,said,say,řekla,říci,pf
en:joyce-dubliners:0:shuff:700,cs:joyce-dubliners:0:shuff:759,think,think,pamatuje,pamatovat,impf
en:joyce-dubliners:0:shuff:702,cs:joyce-dubliners:0:shuff:761,went,go,začala,začít,pf
en:joyce-dubliners:0:shuff:702,cs:joyce-dubliners:0:shuff:761,began,begin,začala,začít,pf
en:joyce-dubliners:0:shuff:702,cs:joyce-dubliners:0:shuff:761,going,go,začala,začít,pf
en:joyce-dubliners:0:shuff:702,cs:joyce-dubliners:0:shuff:761,sending,send,pošle,poslat,pf
en:joyce-dubliners:0:shuff:703,cs:joyce-dubliners:0:shuff:762,watched,watch,Pozorovala,pozorovat,impf
en:joyce-dubliners:0:shuff:703,cs:joyce-dubliners:0:shuff:762,kept,keep,držela,držet,impf
en:joyce-dubliners:0:shuff:704,cs:joyce-dubliners:0:shuff:763,watched,watch,pozorována,pozorovat,impf
en:joyce-dubliners:0:shuff:705,cs:joyce-dubliners:0:shuff:764,understand,understand,nechápala,chápat,impf
en:joyce-dubliners:0:shuff:705,cs:joyce-dubliners:0:shuff:764,laughed,laugh,směje,smát,impf
en:joyce-dubliners:0:shuff:705,cs:joyce-dubliners:0:shuff:764,said,say,řekla,říci,pf
en:joyce-dubliners:0:shuff:706,cs:joyce-dubliners:0:shuff:765,take,take,pochopit,pochopit,pf
en:joyce-dubliners:0:shuff:707,cs:joyce-dubliners:0:shuff:766,played,play,zahrála,zahrát,pf
en:joyce-dubliners:0:shuff:707,cs:joyce-dubliners:0:shuff:766,danced,dance,tančily,tančit,impf
en:joyce-dubliners:0:shuff:707,cs:joyce-dubliners:0:shuff:766,sang,sing,zpívaly,zpívat,impf
en:joyce-dubliners:0:shuff:709,cs:joyce-dubliners:0:shuff:768,turned,turn,Zahnul,zahnout,pf
en:joyce-dubliners:0:shuff:711,cs:joyce-dubliners:0:shuff:770,thought,think,pomyslil,pomyslit,pf
en:joyce-dubliners:0:shuff:715,cs:joyce-dubliners:0:shuff:775,waited,wait,Čekala,čekat,impf
en:joyce-dubliners:0:shuff:716,cs:joyce-dubliners:0:shuff:776,saw,see,neviděla,vidět,impf
en:joyce-dubliners:0:shuff:716,cs:joyce-dubliners:0:shuff:776,remembered,remember,nepamatovala,pamatovat,impf
en:joyce-dubliners:0:shuff:716,cs:joyce-dubliners:0:shuff:776,waiting,wait,čeká,čekat,impf
en:joyce-dubliners:0:shuff:717,cs:joyce-dubliners:0:shuff:777,heard,hear,uslyšela,uslyšet,pf
en:joyce-dubliners:0:shuff:718,cs:joyce-dubliners:0:shuff:778,ran,run,běžela,běžet,impf
en:joyce-dubliners:0:shuff:722,cs:joyce-dubliners:0:shuff:782,Come,come,Pojď,jít,impf
en:joyce-dubliners:0:shuff:725,cs:joyce-dubliners:0:shuff:785,looked,look,díval,dívat,impf
en:joyce-dubliners:0:shuff:726,cs:joyce-dubliners:0:shuff:786,said,say,řekl,říci,pf
en:joyce-dubliners:0:shuff:727,cs:joyce-dubliners:0:shuff:787,think,think,má,mít,impf
en:joyce-dubliners:0:shuff:727,cs:joyce-dubliners:0:shuff:787,enjoying,enjoy,užívat,užívat,impf
en:joyce-dubliners:0:shuff:727,cs:joyce-dubliners:0:shuff:787,believe,believe,nemyslíš,myslet,impf
en:joyce-dubliners:0:shuff:727,cs:joyce-dubliners:0:shuff:787,think,think,nemyslíš,myslet,impf
en:joyce-dubliners:0:shuff:727,cs:joyce-dubliners:0:shuff:787,think,think,mají,mít,impf
en:joyce-dubliners:0:shuff:728,cs:joyce-dubliners:0:shuff:788,want,want,chceš,chtít,impf
en:joyce-dubliners:0:shuff:735,cs:joyce-dubliners:0:shuff:796,wishing,wish,přála,přát,impf
en:joyce-dubliners:0:shuff:735,cs:joyce-dubliners:0:shuff:796,wish,wish,přála,přát,impf
en:joyce-dubliners:0:shuff:735,cs:joyce-dubliners:0:shuff:796,seem,seem,nezdálo,zdát,impf
en:joyce-dubliners:0:shuff:735,cs:joyce-dubliners:0:shuff:796,thought,think,nezdálo,zdát,impf
en:joyce-dubliners:0:shuff:735,cs:joyce-dubliners:0:shuff:796,receive,receive,přijímá,přijímat,impf
en:joyce-dubliners:0:shuff:735,cs:joyce-dubliners:0:shuff:796,wishing,wish,nepřála,přát,impf
en:joyce-dubliners:0:shuff:735,cs:joyce-dubliners:0:shuff:796,wish,wish,nepřála,přát,impf
en:joyce-dubliners:0:shuff:735,cs:joyce-dubliners:0:shuff:796,thought,think,myslela,myslet,impf
en:joyce-dubliners:0:shuff:736,cs:joyce-dubliners:0:shuff:797,counted,count,spočítala,spočítat,pf
en:joyce-dubliners:0:shuff:736,cs:joyce-dubliners:0:shuff:797,wished,wish,přeje,přát,impf
en:joyce-dubliners:0:shuff:736,cs:joyce-dubliners:0:shuff:797,say,say,mluvit,mluvit,impf
en:joyce-dubliners:0:shuff:736,cs:joyce-dubliners:0:shuff:797,speak,speak,mluvit,mluvit,impf
en:joyce-dubliners:0:shuff:737,cs:joyce-dubliners:0:shuff:798,win,win,vyhraje,vyhrát,pf
en:joyce-dubliners:0:shuff:741,cs:joyce-dubliners:0:shuff:804,killed,kill,zabita,zabít,pf
en:joyce-dubliners:0:shuff:742,cs:joyce-dubliners:0:shuff:805,showed,show,prokázala,prokázat,pf
en:joyce-dubliners:0:shuff:742,cs:joyce-dubliners:0:shuff:805,cross,cross,přejít,přejít,pf
en:joyce-dubliners:0:shuff:742,cs:joyce-dubliners:0:shuff:805,knocked,knock,sražena,srazit,pf
en:joyce-dubliners:0:shuff:742,cs:joyce-dubliners:0:shuff:805,sustaining,sustain,utrpěla,utrpět,pf
en:joyce-dubliners:0:shuff:746,cs:joyce-dubliners:0:shuff:810,bought,buy,Koupila,koupit,pf
en:joyce-dubliners:0:shuff:747,cs:joyce-dubliners:0:shuff:811,awoke,awake,probudilo,probudit,pf
en:joyce-dubliners:0:shuff:747,cs:joyce-dubliners:0:shuff:811,began,begin,začalo,začít,pf
en:joyce-dubliners:0:shuff:747,cs:joyce-dubliners:0:shuff:811,cry,cry,plakat,plakat,impf
en:joyce-dubliners:0:shuff:748,cs:joyce-dubliners:0:shuff:812,turned,turn,Odvrátil,odvrátit,pf
en:joyce-dubliners:0:shuff:748,cs:joyce-dubliners:0:shuff:812,tried,try,snažil,snažit,impf
en:joyce-dubliners:0:shuff:749,cs:joyce-dubliners:0:shuff:814,began,begin,Začal,začít,pf
en:joyce-dubliners:0:shuff:749,cs:joyce-dubliners:0:shuff:814,rock,rock,houpat,houpat,impf
en:joyce-dubliners:0:shuff:750,cs:joyce-dubliners:0:shuff:815,rocked,rock,Houpal,houpat,impf
en:joyce-dubliners:0:shuff:750,cs:joyce-dubliners:0:shuff:815,began,begin,začaly,začít,pf
en:joyce-dubliners:0:shuff:750,cs:joyce-dubliners:0:shuff:815,read,read,číst,číst,impf
en:joyce-dubliners:0:shuff:751,cs:joyce-dubliners:0:shuff:816,reclines,recline,leží,ležet,impf
en:joyce-dubliners:0:shuff:754,cs:joyce-dubliners:0:shuff:819,read,read,číst,číst,impf
en:joyce-dubliners:0:shuff:760,cs:joyce-dubliners:0:shuff:826,began,begin,Začal,začít,pf
en:joyce-dubliners:0:shuff:760,cs:joyce-dubliners:0:shuff:826,invent,invent,vymýšlet,vymýšlet,impf
en:joyce-dubliners:0:shuff:762,cs:joyce-dubliners:0:shuff:828,pervades,pervade,proniká,pronikat,impf
en:joyce-dubliners:0:shuff:765,cs:joyce-dubliners:0:shuff:832,rush,rush,spěchat,spěchat,impf
en:joyce-dubliners:0:shuff:765,cs:joyce-dubliners:0:shuff:832,returning,return,vracela,vracet,impf
en:joyce-dubliners:0:shuff:765,cs:joyce-dubliners:0:shuff:832,holding,hold,svírala,svírat,impf
en:joyce-dubliners:0:shuff:766,cs:joyce-dubliners:0:shuff:833,walked,walk,Kráčel,kráčet,impf
en:joyce-dubliners:0:shuff:766,cs:joyce-dubliners:0:shuff:833,striking,strike,bila,bít,impf
en:joyce-dubliners:0:shuff:768,cs:joyce-dubliners:0:shuff:835,struck,strike,bila,bít,impf
en:joyce-dubliners:0:shuff:768,cs:joyce-dubliners:0:shuff:835,condensed,condense,srážel,srážet,impf
en:joyce-dubliners:0:shuff:770,cs:joyce-dubliners:0:shuff:837,catch,catch,stihnout,stihnout,pf
en:joyce-dubliners:0:shuff:771,cs:joyce-dubliners:0:shuff:838,win,win,vyhraje,vyhrát,pf
en:joyce-dubliners:0:shuff:774,cs:joyce-dubliners:0:shuff:841,answered,answer,Neodpovídala,odpovídat,impf
en:joyce-dubliners:0:shuff:775,cs:joyce-dubliners:0:shuff:842,felt,feel,Cítila,cítit,impf
en:joyce-dubliners:0:shuff:775,cs:joyce-dubliners:0:shuff:842,prayed,pray,modlila,modlit,impf
en:joyce-dubliners:0:shuff:775,cs:joyce-dubliners:0:shuff:842,direct,direct,vedl,vést,impf
en:joyce-dubliners:0:shuff:775,cs:joyce-dubliners:0:shuff:842,show,show,ukázal,ukázat,pf
en:joyce-dubliners:0:shuff:777,cs:joyce-dubliners:0:shuff:844,went,go,odejít,odejít,pf
en:joyce-dubliners:0:shuff:779,cs:joyce-dubliners:0:shuff:847,sing,sing,Zpívala,zpívat,impf
en:joyce-dubliners:0:shuff:780,cs:joyce-dubliners:0:shuff:848,sang,sing,Zpívala,zpívat,impf
en:joyce-dubliners:0:shuff:786,cs:joyce-dubliners:0:shuff:855,wanted,want,chce,chtít,impf
en:joyce-dubliners:0:shuff:786,cs:joyce-dubliners:0:shuff:855,go,go,odejít,odejít,pf
en:joyce-dubliners:0:shuff:787,cs:joyce-dubliners:0:shuff:856,do,do,dělat,dělat,impf
en:joyce-dubliners:0:shuff:788,cs:joyce-dubliners:0:shuff:857,looked,look,díval,dívat,impf
en:joyce-dubliners:0:shuff:789,cs:joyce-dubliners:0:shuff:858,put,put,Řekla,říci,pf
en:joyce-dubliners:0:shuff:789,cs:joyce-dubliners:0:shuff:858,said,say,Řekla,říci,pf
en:joyce-dubliners:0:shuff:790,cs:joyce-dubliners:0:shuff:859,comforted,comfort,utěšoval,utěšovat,impf
en:joyce-dubliners:0:shuff:790,cs:joyce-dubliners:0:shuff:859,cry,cry,neplakala,plakat,impf
en:joyce-dubliners:0:shuff:790,cs:joyce-dubliners:0:shuff:859,fear,fear,nebojí,bát,impf
en:joyce-dubliners:0:shuff:791,cs:joyce-dubliners:0:shuff:860,felt,feel,Cítil,cítit,impf
en:joyce-dubliners:0:shuff:793,cs:joyce-dubliners:0:shuff:862,remembered,remember,pamatoval,pamatovat,impf
en:joyce-dubliners:0:shuff:795,cs:joyce-dubliners:0:shuff:864,bought,buy,kupuje,kupovat,impf
en:joyce-dubliners:0:shuff:797,cs:joyce-dubliners:0:shuff:867,look,look,dívala,dívat,impf
en:joyce-dubliners:0:shuff:798,cs:joyce-dubliners:0:shuff:868,beginning,begin,začíná,začínat,impf
en:joyce-dubliners:0:shuff:799,cs:joyce-dubliners:0:shuff:869,allowed,allow,nechal,nechat,pf
en:joyce-dubliners:0:shuff:800,cs:joyce-dubliners:0:shuff:870,said,say,řekl,říci,pf
en:joyce-dubliners:0:shuff:801,cs:joyce-dubliners:0:shuff:871,drink,drink,piju,pít,impf
en:joyce-dubliners:0:shuff:802,cs:joyce-dubliners:0:shuff:872,drink,drink,Piju,pít,impf
en:joyce-dubliners:0:shuff:802,cs:joyce-dubliners:0:shuff:872,said,say,odpověděl,odpovědět,pf
en:joyce-dubliners:0:shuff:803,cs:joyce-dubliners:0:shuff:873,meet,meet,potkám,potkat,pf
en:joyce-dubliners:0:shuff:806,cs:joyce-dubliners:0:shuff:876,succeeded,succeed,podařilo,podařit,pf
en:joyce-dubliners:0:shuff:806,cs:joyce-dubliners:0:shuff:876,catching,catch,zachytit,zachytit,pf
en:joyce-dubliners:0:shuff:807,cs:joyce-dubliners:0:shuff:877,ordered,order,Objednal,objednat,pf
en:joyce-dubliners:0:shuff:808,cs:joyce-dubliners:0:shuff:878,continued,continue,pokračoval,pokračovat,impf
en:joyce-dubliners:0:shuff:811,cs:joyce-dubliners:0:shuff:881,done,do,vykonal,vykonat,pf
en:joyce-dubliners:0:shuff:812,cs:joyce-dubliners:0:shuff:882,moving,move,pohybovaly,pohybovat,impf
en:joyce-dubliners:0:shuff:814,cs:joyce-dubliners:0:shuff:884,felt,feel,Ucítila,ucítit,pf
en:joyce-dubliners:0:shuff:814,cs:joyce-dubliners:0:shuff:884,seize,seize,vzal,vzít,pf
en:joyce-dubliners:0:shuff:824,cs:joyce-dubliners:0:shuff:893,find,find,najít,najít,pf
en:joyce-dubliners:0:shuff:824,cs:joyce-dubliners:0:shuff:893,expect,expect,myslí,myslet,impf
en:joyce-dubliners:0:shuff:825,cs:joyce-dubliners:0:shuff:894,said,say,odpověděla,odpovědět,pf
en:joyce-dubliners:0:shuff:826,cs:joyce-dubliners:0:shuff:895,asked,ask,zeptal,zeptat,pf
en:joyce-dubliners:0:shuff:826,cs:joyce-dubliners:0:shuff:895,said,say,řekla,říci,pf
en:joyce-dubliners:0:shuff:831,cs:joyce-dubliners:0:shuff:902,buy,buy,koupí,koupit,pf
en:joyce-dubliners:0:shuff:831,cs:joyce-dubliners:0:shuff:902,went,go,odešla,odejít,pf
en:joyce-dubliners:0:shuff:836,cs:joyce-dubliners:0:shuff:907,say,say,říkají,říkat,impf
en:joyce-dubliners:0:shuff:836,cs:joyce-dubliners:0:shuff:907,asked,ask,zeptal,zeptat,pf
en:joyce-dubliners:0:shuff:838,cs:joyce-dubliners:0:shuff:909,said,say,řekl,říci,pf
en:joyce-dubliners:0:shuff:841,cs:joyce-dubliners:0:shuff:912,stated,state,prohlásil,prohlásit,pf
en:joyce-dubliners:0:shuff:842,cs:joyce-dubliners:0:shuff:913,hearing,hear,uslyšel,uslyšet,pf
en:joyce-dubliners:0:shuff:842,cs:joyce-dubliners:0:shuff:913,hearing,hear,uslyšel,uslyšet,pf
en:joyce-dubliners:0:shuff:843,cs:joyce-dubliners:0:shuff:914,going,go,jel,jet,impf
en:joyce-dubliners:0:shuff:844,cs:joyce-dubliners:0:shuff:915,stated,state,prohlásil,prohlásit,pf
en:joyce-dubliners:0:shuff:844,cs:joyce-dubliners:0:shuff:915,cross,cross,přejít,přejít,pf
en:joyce-dubliners:0:shuff:846,cs:joyce-dubliners:0:shuff:917,forbidden,forbid,zakázal,zakázat,pf
en:joyce-dubliners:0:shuff:847,cs:joyce-dubliners:0:shuff:918,said,say,řekl,říci,pf
en:joyce-dubliners:0:shuff:848,cs:joyce-dubliners:0:shuff:919,quarrelled,quarrel,pohádal,pohádat,pf
en:joyce-dubliners:0:shuff:848,cs:joyce-dubliners:0:shuff:919,meet,meet,setkávat,setkávat,impf
en:joyce-dubliners:0:shuff:851,cs:joyce-dubliners:0:shuff:922,covered,cover,pokrývaly,pokrývat,impf
en:joyce-dubliners:0:shuff:852,cs:joyce-dubliners:0:shuff:923,sat,sit,seděla,sedět,impf
en:joyce-dubliners:0:shuff:854,cs:joyce-dubliners:0:shuff:925,began,begin,začala,začít,pf
en:joyce-dubliners:0:shuff:854,cs:joyce-dubliners:0:shuff:925,wander,wander,bloudit,bloudit,impf
en:joyce-dubliners:0:shuff:854,cs:joyce-dubliners:0:shuff:925,thought,think,měl,mít,impf
en:joyce-dubliners:0:shuff:854,cs:joyce-dubliners:0:shuff:925,touched,touch,dotkla,dotknout,pf
en:joyce-dubliners:0:shuff:855,cs:joyce-dubliners:0:shuff:926,attacked,attack,zaútočil,zaútočit,pf
en:joyce-dubliners:0:shuff:855,cs:joyce-dubliners:0:shuff:926,attacking,attack,zaútočil,zaútočit,pf
en:joyce-dubliners:0:shuff:858,cs:joyce-dubliners:0:shuff:930,came,come,došel,dojít,pf
en:joyce-dubliners:0:shuff:858,cs:joyce-dubliners:0:shuff:930,ordered,order,objednal,objednat,pf
en:joyce-dubliners:0:shuff:859,cs:joyce-dubliners:0:shuff:931,talk,talk,nepromluvil,promluvit,pf
en:joyce-dubliners:0:shuff:863,cs:joyce-dubliners:0:shuff:936,united,unite,Spojovala,spojovat,impf
en:joyce-dubliners:0:shuff:865,cs:joyce-dubliners:0:shuff:938,listening,listen,naslouchá,naslouchat,impf
en:joyce-dubliners:0:shuff:868,cs:joyce-dubliners:0:shuff:941,gave,give,odevzdala,odevzdat,pf
en:joyce-dubliners:0:shuff:868,cs:joyce-dubliners:0:shuff:941,divide,divide,rozdělil,rozdělit,pf
en:joyce-dubliners:0:shuff:868,cs:joyce-dubliners:0:shuff:941,said,say,řekla,říci,pf
en:joyce-dubliners:0:shuff:868,cs:joyce-dubliners:0:shuff:941,say,say,řekla,říci,pf
en:joyce-dubliners:0:shuff:868,cs:joyce-dubliners:0:shuff:941,bring,bring,přinesla,přinést,pf
en:joyce-dubliners:0:shuff:868,cs:joyce-dubliners:0:shuff:941,said,say,řekly,říci,pf
en:joyce-dubliners:0:shuff:868,cs:joyce-dubliners:0:shuff:941,say,say,řekly,říci,pf
en:joyce-dubliners:0:shuff:870,cs:joyce-dubliners:0:shuff:943,said,say,řekl,říci,pf
en:joyce-dubliners:0:shuff:871,cs:joyce-dubliners:0:shuff:944,said,say,řekl,říci,pf
en:joyce-dubliners:0:shuff:871,cs:joyce-dubliners:0:shuff:944,said,say,odpověděl,odpovědět,pf
en:joyce-dubliners:0:shuff:871,cs:joyce-dubliners:0:shuff:944,come,come,přijet,přijet,pf
en:joyce-dubliners:0:shuff:872,cs:joyce-dubliners:0:shuff:945,say,say,říká,říkat,impf
en:joyce-dubliners:0:shuff:875,cs:joyce-dubliners:0:shuff:948,tell,tell,pověz,povědět,pf
en:joyce-dubliners:0:shuff:876,cs:joyce-dubliners:0:shuff:949,undressing,undress,svlékal,svlékat,impf
en:joyce-dubliners:0:shuff:876,cs:joyce-dubliners:0:shuff:949,tapped,tap,zaklepala,zaklepat,pf
en:joyce-dubliners:0:shuff:877,cs:joyce-dubliners:0:shuff:950,wanted,want,Potřebovala,potřebovat,impf
en:joyce-dubliners:0:shuff:879,cs:joyce-dubliners:0:shuff:952,wore,wear,Měla,mít,impf
en:joyce-dubliners:0:shuff:880,cs:joyce-dubliners:0:shuff:953,shone,shine,zářily,zářit,impf
en:joyce-dubliners:0:shuff:880,cs:joyce-dubliners:0:shuff:953,glowed,glow,zářily,zářit,impf
en:joyce-dubliners:0:shuff:881,cs:joyce-dubliners:0:shuff:954,lit,light,zapalovala,zapalovat,impf
en:joyce-dubliners:0:shuff:883,cs:joyce-dubliners:0:shuff:956,imagine,imagine,představit,představit,pf
en:joyce-dubliners:0:shuff:883,cs:joyce-dubliners:0:shuff:956,talking,talk,mluví,mluvit,impf
en:joyce-dubliners:0:shuff:885,cs:joyce-dubliners:0:shuff:961,loved,love,miloval,milovat,impf
en:joyce-dubliners:0:shuff:886,cs:joyce-dubliners:0:shuff:962,make,make,udělala,udělat,pf
en:joyce-dubliners:0:shuff:886,cs:joyce-dubliners:0:shuff:962,done,do,udělala,udělat,pf
en:joyce-dubliners:0:shuff:886,cs:joyce-dubliners:0:shuff:962,despise,despise,pohrdat,pohrdat,impf
en:joyce-dubliners:0:shuff:887,cs:joyce-dubliners:0:shuff:963,done,do,Udělal,udělat,pf
en:joyce-dubliners:0:shuff:888,cs:joyce-dubliners:0:shuff:964,remain,remain,zůstal,zůstat,pf
en:joyce-dubliners:0:shuff:890,cs:joyce-dubliners:0:shuff:966,begun,begin,začaly,začít,pf
en:joyce-dubliners:0:shuff:891,cs:joyce-dubliners:0:shuff:967,gave,give,dávala,dávat,impf
en:joyce-dubliners:0:shuff:891,cs:joyce-dubliners:0:shuff:967,sent,send,posílal,posílat,impf
en:joyce-dubliners:0:shuff:891,cs:joyce-dubliners:0:shuff:967,get,get,získat,získat,pf
en:joyce-dubliners:0:shuff:893,cs:joyce-dubliners:0:shuff:968,said,say,řekla,říci,pf
en:joyce-dubliners:0:shuff:896,cs:joyce-dubliners:0:shuff:971,do,do,udělala,udělat,pf
en:joyce-dubliners:0:shuff:898,cs:joyce-dubliners:0:shuff:973,sitting,sit,seděl,sedět,impf
en:joyce-dubliners:0:shuff:898,cs:joyce-dubliners:0:shuff:973,come,come,přišla,přijít,pf
en:joyce-dubliners:0:shuff:898,cs:joyce-dubliners:0:shuff:973,see,see,přišla,přijít,pf
en:joyce-dubliners:0:shuff:898,cs:joyce-dubliners:0:shuff:973,wanted,want,přeje,přát,impf
en:joyce-dubliners:0:shuff:898,cs:joyce-dubliners:0:shuff:973,said,say,mluvit,mluvit,impf
en:joyce-dubliners:0:shuff:900,cs:joyce-dubliners:0:shuff:975,dressed,dress,oblečen,obléci,pf
en:joyce-dubliners:0:shuff:900,cs:joyce-dubliners:0:shuff:975,comfort,comfort,utěšil,utěšit,pf
en:joyce-dubliners:0:shuff:902,cs:joyce-dubliners:0:shuff:977,left,leave,Odešel,odejít,pf
en:joyce-dubliners:0:shuff:902,cs:joyce-dubliners:0:shuff:977,crying,cry,plakala,plakat,impf
en:joyce-dubliners:0:shuff:904,cs:joyce-dubliners:0:shuff:979,remembered,remember,Pamatovala,pamatovat,impf
en:joyce-dubliners:0:shuff:904,cs:joyce-dubliners:0:shuff:979,putting,put,posadil,posadit,pf
en:joyce-dubliners:0:shuff:905,cs:joyce-dubliners:0:shuff:980,sit,sit,seděla,sedět,impf
en:joyce-dubliners:0:shuff:906,cs:joyce-dubliners:0:shuff:981,hear,hear,slyšela,slyšet,impf
en:joyce-dubliners:0:shuff:908,cs:joyce-dubliners:0:shuff:983,remind,remind,připomíná,připomínat,impf
en:joyce-dubliners:0:shuff:908,cs:joyce-dubliners:0:shuff:983,promise,promise,slíbila,slíbit,pf
en:joyce-dubliners:0:shuff:908,cs:joyce-dubliners:0:shuff:983,keep,keep,starat,starat,impf
en:joyce-dubliners:0:shuff:909,cs:joyce-dubliners:0:shuff:984,cleared,clear,uklizen,uklidit,pf
en:joyce-dubliners:0:shuff:909,cs:joyce-dubliners:0:shuff:984,began,begin,začala,začít,pf
en:joyce-dubliners:0:shuff:913,cs:joyce-dubliners:0:shuff:989,felt,feel,Cítil,cítit,impf
en:joyce-dubliners:0:shuff:913,cs:joyce-dubliners:0:shuff:989,heard,hear,uslyšel,uslyšet,pf
en:joyce-dubliners:0:shuff:913,cs:joyce-dubliners:0:shuff:989,calling,call,volat,volat,impf
en:joyce-dubliners:0:shuff:919,cs:joyce-dubliners:0:shuff:997,listened,listen,naslouchal,naslouchat,impf
en:joyce-dubliners:0:shuff:921,cs:joyce-dubliners:0:shuff:999,divided,divide,rozdělila,rozdělit,pf
en:joyce-dubliners:0:shuff:921,cs:joyce-dubliners:0:shuff:999,discontinued,discontinue,přestal,přestat,pf
en:joyce-dubliners:0:shuff:924,cs:joyce-dubliners:0:shuff:1003,told,tell,Řekl,říci,pf
en:joyce-dubliners:0:shuff:925,cs:joyce-dubliners:0:shuff:1004,said,say,řekla,říci,pf
en:joyce-dubliners:0:shuff:925,cs:joyce-dubliners:0:shuff:1004,enter,enter,vstoupí,vstoupit,pf
en:joyce-dubliners:0:shuff:926,cs:joyce-dubliners:0:shuff:1005,seen,see,nezažila,zažít,pf
en:joyce-dubliners:0:shuff:927,cs:joyce-dubliners:0:shuff:1006,said,say,Řekla,říci,pf
en:joyce-dubliners:0:shuff:928,cs:joyce-dubliners:0:shuff:1007,went,go,začaly,začít,pf
en:joyce-dubliners:0:shuff:928,cs:joyce-dubliners:0:shuff:1007,asked,ask,vyzval,vyzvat,pf
en:joyce-dubliners:0:shuff:928,cs:joyce-dubliners:0:shuff:1007,sing,sing,zazpívala,zazpívat,pf
en:joyce-dubliners:0:shuff:929,cs:joyce-dubliners:0:shuff:1008,keep,keep,zachovat,zachovat,pf
en:joyce-dubliners:0:shuff:929,cs:joyce-dubliners:0:shuff:1008,left,leave,svěřeny,svěřit,pf
en:joyce-dubliners:0:shuff:929,cs:joyce-dubliners:0:shuff:1008,went,go,chodily,chodit,impf
en:joyce-dubliners:0:shuff:930,cs:joyce-dubliners:0:shuff:1009,leave,leave,opustit,opustit,pf
en:joyce-dubliners:0:shuff:933,cs:joyce-dubliners:0:shuff:1012,sing,sing,zpívat,zpívat,impf
en:joyce-dubliners:0:shuff:934,cs:joyce-dubliners:0:shuff:1013,took,take,Přijal,přijmout,pf
en:joyce-dubliners:0:shuff:935,cs:joyce-dubliners:0:shuff:1014,surprised,surprise,Překvapilo,překvapit,pf
en:joyce-dubliners:0:shuff:936,cs:joyce-dubliners:0:shuff:1015,tried,try,snažil,snažit,impf
en:joyce-dubliners:0:shuff:937,cs:joyce-dubliners:0:shuff:1016,learned,learn,dověděl,dovědět,pf
en:joyce-dubliners:0:shuff:938,cs:joyce-dubliners:0:shuff:1017,remained,remain,zůstal,zůstat,pf
en:joyce-dubliners:0:shuff:940,cs:joyce-dubliners:0:shuff:1019,walked,walk,šel,jít,impf
en:joyce-dubliners:0:shuff:943,cs:joyce-dubliners:0:shuff:1022,ran,run,běhaly,běhat,impf
en:joyce-dubliners:0:shuff:943,cs:joyce-dubliners:0:shuff:1022,crawled,crawl,lezly,lézt,impf
en:joyce-dubliners:0:shuff:944,cs:joyce-dubliners:0:shuff:1023,thought,think,nemyslel,myslet,impf
en:joyce-dubliners:0:shuff:947,cs:joyce-dubliners:0:shuff:1027,tell,tell,Řeknu,říci,pf
en:joyce-dubliners:0:shuff:948,cs:joyce-dubliners:0:shuff:1028,Does,do,jde,jít,impf
en:joyce-dubliners:0:shuff:949,cs:joyce-dubliners:0:shuff:1029,landed,land,přistál,přistát,pf
en:joyce-dubliners:0:shuff:952,cs:joyce-dubliners:0:shuff:1032,Say,say,Řekni,říci,pf
en:joyce-dubliners:0:shuff:954,cs:joyce-dubliners:0:shuff:1034,come,come,jdi,jít,impf
en:joyce-dubliners:0:shuff:954,cs:joyce-dubliners:0:shuff:1034,do,do,jdi,jít,impf
en:joyce-dubliners:0:shuff:961,cs:joyce-dubliners:0:shuff:1041,lit,light,zapálili,zapálit,pf
en:joyce-dubliners:0:shuff:962,cs:joyce-dubliners:0:shuff:1042,said,say,odpověděl,odpovědět,pf
en:joyce-dubliners:0:shuff:962,cs:joyce-dubliners:0:shuff:1042,meet,meet,nepotkali,potkat,pf
en:joyce-dubliners:0:shuff:963,cs:joyce-dubliners:0:shuff:1043,leave,leave,odjet,odjet,pf
en:joyce-dubliners:0:shuff:966,cs:joyce-dubliners:0:shuff:1046,see,see,Rozuměj,rozumět,impf
en:joyce-dubliners:0:shuff:969,cs:joyce-dubliners:0:shuff:1049,mean,mean,chci,chtít,impf
en:joyce-dubliners:0:shuff:969,cs:joyce-dubliners:0:shuff:1049,said,say,říci,říci,pf
en:joyce-dubliners:0:shuff:970,cs:joyce-dubliners:0:shuff:1050,said,say,řekl,říci,pf
en:joyce-dubliners:0:shuff:972,cs:joyce-dubliners:0:shuff:1052,ask,ask,Zeptej,zeptat,pf
en:joyce-dubliners:0:shuff:974,cs:joyce-dubliners:0:shuff:1054,open,open,otvíral,otvírat,impf
en:joyce-dubliners:0:shuff:976,cs:joyce-dubliners:0:shuff:1057,Meeting,meet,setkal,setkat,pf
en:joyce-dubliners:0:shuff:976,cs:joyce-dubliners:0:shuff:1057,found,find,našel,najít,pf
en:joyce-dubliners:0:shuff:977,cs:joyce-dubliners:0:shuff:1058,came,come,Přišla,přijít,pf
en:joyce-dubliners:0:shuff:979,cs:joyce-dubliners:0:shuff:1061,compelled,compel,nuceni,nutit,impf
en:joyce-dubliners:0:shuff:979,cs:joyce-dubliners:0:shuff:1061,forced,force,nuceni,nutit,impf
en:joyce-dubliners:0:shuff:979,cs:joyce-dubliners:0:shuff:1061,compelled,compel,přiměl,přimět,pf
en:joyce-dubliners:0:shuff:979,cs:joyce-dubliners:0:shuff:1061,forced,force,přiměl,přimět,pf
en:joyce-dubliners:0:shuff:980,cs:joyce-dubliners:0:shuff:1062,thinking,think,myslel,myslet,impf
en:joyce-dubliners:0:shuff:981,cs:joyce-dubliners:0:shuff:1063,waken,waken,neprobuď,probudit,pf
en:joyce-dubliners:0:shuff:985,cs:joyce-dubliners:0:shuff:1067,brought,bring,přinesl,přinést,pf
en:joyce-dubliners:0:shuff:987,cs:joyce-dubliners:0:shuff:1070,asked,ask,zeptala,zeptat,pf
en:joyce-dubliners:0:shuff:987,cs:joyce-dubliners:0:shuff:1070,eaten,eat,nesnědlo,sníst,pf
en:joyce-dubliners:0:shuff:987,cs:joyce-dubliners:0:shuff:1070,eat,eat,nesnědlo,sníst,pf
en:joyce-dubliners:0:shuff:987,cs:joyce-dubliners:0:shuff:1070,said,say,odpověděly,odpovědět,pf
en:joyce-dubliners:0:shuff:987,cs:joyce-dubliners:0:shuff:1070,like,like,nechutnaly,chutnat,impf
en:joyce-dubliners:0:shuff:987,cs:joyce-dubliners:0:shuff:1070,accused,accuse,obviňovány,obviňovat,impf
en:joyce-dubliners:0:shuff:988,cs:joyce-dubliners:0:shuff:1071,said,say,řekla,říci,pf
en:joyce-dubliners:0:shuff:988,cs:joyce-dubliners:0:shuff:1071,left,leave,zapomněla,zapomenout,pf
en:joyce-dubliners:0:shuff:989,cs:joyce-dubliners:0:shuff:1072,remembering,remember,vzpomněla,vzpomenout,pf
en:joyce-dubliners:0:shuff:990,cs:joyce-dubliners:0:shuff:1073,found,find,nezjistila,zjistit,pf
en:joyce-dubliners:0:shuff:990,cs:joyce-dubliners:0:shuff:1073,hung,hang,visela,viset,impf
en:joyce-dubliners:0:shuff:992,cs:joyce-dubliners:0:shuff:1075,showed,show,ukazoval,ukazovat,impf
en:joyce-dubliners:0:shuff:994,cs:joyce-dubliners:0:shuff:1077,go,go,odejde,odejít,pf
en:joyce-dubliners:0:shuff:994,cs:joyce-dubliners:0:shuff:1077,leave,leave,odejde,odejít,pf
en:joyce-dubliners:0:shuff:994,cs:joyce-dubliners:0:shuff:1077,leave,leave,opustí,opustit,pf
en:joyce-dubliners:0:shuff:996,cs:joyce-dubliners:0:shuff:1079,said,say,řekl,říci,pf
en:joyce-dubliners:0:shuff:996,cs:joyce-dubliners:0:shuff:1079,said,say,říká,říkat,impf
en:joyce-dubliners:0:shuff:997,cs:joyce-dubliners:0:shuff:1080,ordered,order,objednal,objednat,pf
en:joyce-dubliners:0:shuff:998,cs:joyce-dubliners:0:shuff:1081,risen,rise,stoupla,stoupnout,pf
en:joyce-dubliners:0:shuff:1000,cs:joyce-dubliners:0:shuff:1084,sat,sit,seděl,sedět,impf
en:joyce-dubliners:0:shuff:1000,cs:joyce-dubliners:0:shuff:1084,holding,hold,držel,držet,impf
en:joyce-dubliners:0:shuff:1001,cs:joyce-dubliners:0:shuff:1085,save,save,ušetřili,ušetřit,pf
en:joyce-dubliners:0:shuff:1001,cs:joyce-dubliners:0:shuff:1085,kept,keep,neměli,mít,impf
en:joyce-dubliners:0:shuff:1001,cs:joyce-dubliners:0:shuff:1085,kept,keep,měla,mít,impf
en:joyce-dubliners:0:shuff:1001,cs:joyce-dubliners:0:shuff:1085,came,come,přicházela,přicházet,impf
en:joyce-dubliners:0:shuff:1001,cs:joyce-dubliners:0:shuff:1085,help,help,pomáhat,pomáhat,impf
en:joyce-dubliners:0:shuff:1002,cs:joyce-dubliners:0:shuff:1086,gone,go,šla,jít,impf
en:joyce-dubliners:0:shuff:1004,cs:joyce-dubliners:0:shuff:1088,like,like,chceš,chtít,impf
en:joyce-dubliners:0:shuff:1004,cs:joyce-dubliners:0:shuff:1088,begin,begin,začnou,začít,pf
en:joyce-dubliners:0:shuff:1006,cs:joyce-dubliners:0:shuff:1090,heard,hear,Slyšel,slyšet,impf
en:joyce-dubliners:0:shuff:1006,cs:joyce-dubliners:0:shuff:1090,said,say,řekl,říci,pf
en:joyce-dubliners:0:shuff:1008,cs:joyce-dubliners:0:shuff:1092,said,say,říkej,říkat,impf
en:joyce-dubliners:0:shuff:1008,cs:joyce-dubliners:0:shuff:1092,say,say,říkej,říkat,impf
en:joyce-dubliners:0:shuff:1008,cs:joyce-dubliners:0:shuff:1092,like,like,chceš,chtít,impf
en:joyce-dubliners:0:shuff:1010,cs:joyce-dubliners:0:shuff:1094,lifting,lift,Zvedla,zvednout,pf
en:joyce-dubliners:0:shuff:1010,cs:joyce-dubliners:0:shuff:1094,escaped,escape,unikla,uniknout,pf
en:joyce-dubliners:0:shuff:1010,cs:joyce-dubliners:0:shuff:1094,left,leave,zapomenuto,zapomenout,pf
en:joyce-dubliners:0:shuff:1010,cs:joyce-dubliners:0:shuff:1094,forgotten,forget,zapomenuto,zapomenout,pf
en:joyce-dubliners:0:shuff:1011,cs:joyce-dubliners:0:shuff:1095,betokened,betoken,ukazovalo,ukazovat,impf
en:joyce-dubliners:0:shuff:1013,cs:joyce-dubliners:0:shuff:1097,carried,carry,měl,mít,impf
en:joyce-dubliners:0:shuff:1014,cs:joyce-dubliners:0:shuff:1098,begun,begin,začaly,začít,pf
en:joyce-dubliners:0:shuff:1015,cs:joyce-dubliners:0:shuff:1099,went,go,Odešla,odejít,pf
en:joyce-dubliners:0:shuff:1015,cs:joyce-dubliners:0:shuff:1099,remembering,remember,vzpomněla,vzpomenout,pf
en:joyce-dubliners:0:shuff:1017,cs:joyce-dubliners:0:shuff:1101,sketch,sketch,kreslit,kreslit,impf
en:joyce-dubliners:0:shuff:1018,cs:joyce-dubliners:0:shuff:1102,summarized,summarize,Shrnul,shrnout,pf
en:joyce-dubliners:0:shuff:1019,cs:joyce-dubliners:0:shuff:1103,told,tell,říkali,říkat,impf
en:joyce-dubliners:0:shuff:1023,cs:joyce-dubliners:0:shuff:1107,said,say,řekl,říci,pf
en:joyce-dubliners:0:shuff:1023,cs:joyce-dubliners:0:shuff:1107,doubt,doubt,nepochyboval,pochybovat,impf
en:joyce-dubliners:0:shuff:1024,cs:joyce-dubliners:0:shuff:1108,smiled,smile,usmál,usmát,pf
en:joyce-dubliners:0:shuff:1024,cs:joyce-dubliners:0:shuff:1108,looked,look,podíval,podívat,pf
en:joyce-dubliners:0:shuff:1025,cs:joyce-dubliners:0:shuff:1109,hope,hope,Doufám,doufat,impf
en:joyce-dubliners:0:shuff:1025,cs:joyce-dubliners:0:shuff:1109,said,say,řekl,říci,pf
en:joyce-dubliners:0:shuff:1025,cs:joyce-dubliners:0:shuff:1109,go,go,odjedeš,odjet,pf
en:joyce-dubliners:0:shuff:1028,cs:joyce-dubliners:0:shuff:1112,met,meet,Setkal,setkat,pf
en:joyce-dubliners:0:shuff:1031,cs:joyce-dubliners:0:shuff:1115,come,come,pocházel,pocházet,impf
en:joyce-dubliners:0:shuff:1037,cs:joyce-dubliners:0:shuff:1124,read,read,četl,číst,impf
en:joyce-dubliners:0:shuff:1040,cs:joyce-dubliners:0:shuff:1127,want,want,Potřeboval,potřebovat,impf
en:joyce-dubliners:0:shuff:1042,cs:joyce-dubliners:0:shuff:1129,said,say,odpověděl,odpovědět,pf
en:joyce-dubliners:0:shuff:1043,cs:joyce-dubliners:0:shuff:1130,laughed,laugh,zasmál,zasmát,pf
en:joyce-dubliners:0:shuff:1044,cs:joyce-dubliners:0:shuff:1131,said,say,řekl,říci,pf
en:joyce-dubliners:0:shuff:1048,cs:joyce-dubliners:0:shuff:1135,clutched,clutch,svírala,svírat,impf
en:joyce-dubliners:0:shuff:1052,cs:joyce-dubliners:0:shuff:1139,called,call,volal,volat,impf
en:joyce-dubliners:0:shuff:1053,cs:joyce-dubliners:0:shuff:1140,shouted,shout,křičeli,křičet,impf
en:joyce-dubliners:0:shuff:1053,cs:joyce-dubliners:0:shuff:1140,called,call,křičeli,křičet,impf
en:joyce-dubliners:0:shuff:1053,cs:joyce-dubliners:0:shuff:1140,called,call,volal,volat,impf
en:joyce-dubliners:0:shuff:1061,cs:joyce-dubliners:0:shuff:1149,kept,keep,zachovával,zachovávat,impf
