en:Kafka-Promena:0:shuff:5,cs:Kafka-Promena:0:shuff:3,sleep,sleep,spali,spát,impf
en:Kafka-Promena:0:shuff:5,cs:Kafka-Promena:0:shuff:3,send,send,poslala,poslat,pf
en:Kafka-Promena:0:shuff:9,cs:Kafka-Promena:0:shuff:5,heard,hear,uslyšel,uslyšet,pf
en:Kafka-Promena:0:shuff:9,cs:Kafka-Promena:0:shuff:5,heard,hear,uslyšel,uslyšet,pf
en:Kafka-Promena:0:shuff:10,cs:Kafka-Promena:0:shuff:6,thought,think,Měl,mít,impf
en:Kafka-Promena:0:shuff:10,cs:Kafka-Promena:0:shuff:6,remained,remain,nezbylo,zbýt,pf
en:Kafka-Promena:0:shuff:10,cs:Kafka-Promena:0:shuff:6,told,tell,neřekl,říci,pf
en:Kafka-Promena:0:shuff:10,cs:Kafka-Promena:0:shuff:6,asked,ask,neptal,ptát,impf
en:Kafka-Promena:0:shuff:11,cs:Kafka-Promena:0:shuff:7,forget,forget,zapomněla,zapomenout,pf
en:Kafka-Promena:0:shuff:12,cs:Kafka-Promena:0:shuff:8,left,leave,opustili,opustit,pf
en:Kafka-Promena:0:shuff:16,cs:Kafka-Promena:0:shuff:11,chosen,choose,vybíral,vybírat,impf
en:Kafka-Promena:0:shuff:21,cs:Kafka-Promena:0:shuff:16,ran,run,prchal,prchat,impf
en:Kafka-Promena:0:shuff:21,cs:Kafka-Promena:0:shuff:16,stopped,stop,zarazil,zarazit,pf
en:Kafka-Promena:0:shuff:21,cs:Kafka-Promena:0:shuff:16,stopped,stop,zarazil,zarazit,pf
en:Kafka-Promena:0:shuff:21,cs:Kafka-Promena:0:shuff:16,stopped,stop,zůstal,zůstat,pf
en:Kafka-Promena:0:shuff:21,cs:Kafka-Promena:0:shuff:16,stopped,stop,zůstal,zůstat,pf
en:Kafka-Promena:0:shuff:21,cs:Kafka-Promena:0:shuff:16,moved,move,hnul,hnout,pf
en:Kafka-Promena:0:shuff:22,cs:Kafka-Promena:0:shuff:17,see,see,vidět,vidět,impf
en:Kafka-Promena:0:shuff:23,cs:Kafka-Promena:0:shuff:18,said,say,řekl,říci,pf
en:Kafka-Promena:0:shuff:23,cs:Kafka-Promena:0:shuff:18,kept,keep,zachoval,zachovat,pf
en:Kafka-Promena:0:shuff:23,cs:Kafka-Promena:0:shuff:18,dressed,dress,obléknu,obléknout,pf
en:Kafka-Promena:0:shuff:23,cs:Kafka-Promena:0:shuff:18,pack,pack,sbalím,sbalit,pf
en:Kafka-Promena:0:shuff:24,cs:Kafka-Promena:0:shuff:19,please,please,Chcete,chtít,impf
en:Kafka-Promena:0:shuff:24,cs:Kafka-Promena:0:shuff:19,please,please,chcete,chtít,impf
en:Kafka-Promena:0:shuff:26,cs:Kafka-Promena:0:shuff:21,did,do,Šli,jít,impf
en:Kafka-Promena:0:shuff:28,cs:Kafka-Promena:0:shuff:22,opened,open,otevřely,otevřít,pf
en:Kafka-Promena:0:shuff:28,cs:Kafka-Promena:0:shuff:22,appeared,appear,objevil,objevit,pf
en:Kafka-Promena:0:shuff:30,cs:Kafka-Promena:0:shuff:24,pressed,press,tiskla,tisknout,impf
en:Kafka-Promena:0:shuff:32,cs:Kafka-Promena:0:shuff:26,agitated,agitate,rozčilili,rozčilit,pf
en:Kafka-Promena:0:shuff:33,cs:Kafka-Promena:0:shuff:27,leaving,leave,nenechala,nechat,pf
en:Kafka-Promena:0:shuff:34,cs:Kafka-Promena:0:shuff:28,screamed,scream,křičel,křičet,impf
en:Kafka-Promena:0:shuff:34,cs:Kafka-Promena:0:shuff:28,clean,clean,uklízet,uklízet,impf
en:Kafka-Promena:0:shuff:35,cs:Kafka-Promena:0:shuff:29,tidied,tidy,uklízela,uklízet,impf
en:Kafka-Promena:0:shuff:35,cs:Kafka-Promena:0:shuff:29,tell,tell,vyprávět,vyprávět,impf
en:Kafka-Promena:0:shuff:35,cs:Kafka-Promena:0:shuff:29,eaten,eat,jedl,jíst,impf
en:Kafka-Promena:0:shuff:35,cs:Kafka-Promena:0:shuff:29,behaved,behave,choval,chovat,impf
en:Kafka-Promena:0:shuff:37,cs:Kafka-Promena:0:shuff:30,came,come,přicházela,přicházet,impf
en:Kafka-Promena:0:shuff:37,cs:Kafka-Promena:0:shuff:30,do,do,vykonat,vykonat,pf
en:Kafka-Promena:0:shuff:39,cs:Kafka-Promena:0:shuff:32,learned,learn,dověděl,dovědět,pf
en:Kafka-Promena:0:shuff:40,cs:Kafka-Promena:0:shuff:33,taken,take,nevezme,vzít,pf
en:Kafka-Promena:0:shuff:42,cs:Kafka-Promena:0:shuff:35,came,come,přicházely,přicházet,impf
en:Kafka-Promena:0:shuff:43,cs:Kafka-Promena:0:shuff:36,carrying,carry,nesla,nést,impf
en:Kafka-Promena:0:shuff:44,cs:Kafka-Promena:0:shuff:37,take,take,vezmeme,vzít,pf
en:Kafka-Promena:0:shuff:44,cs:Kafka-Promena:0:shuff:37,said,say,řekla,říci,pf
en:Kafka-Promena:0:shuff:45,cs:Kafka-Promena:0:shuff:38,met,meet,setkal,setkat,pf
en:Kafka-Promena:0:shuff:48,cs:Kafka-Promena:0:shuff:40,thought,think,pomyslel,pomyslet,pf
en:Kafka-Promena:0:shuff:49,cs:Kafka-Promena:0:shuff:41,did,do,nejde,jít,impf
en:Kafka-Promena:0:shuff:49,cs:Kafka-Promena:0:shuff:41,come,come,nejde,jít,impf
en:Kafka-Promena:0:shuff:49,cs:Kafka-Promena:0:shuff:41,did,do,nejde,jít,impf
en:Kafka-Promena:0:shuff:49,cs:Kafka-Promena:0:shuff:41,come,come,přijít,přijít,pf
en:Kafka-Promena:0:shuff:50,cs:Kafka-Promena:0:shuff:42,made,make,vyvolaly,vyvolat,pf
en:Kafka-Promena:0:shuff:51,cs:Kafka-Promena:0:shuff:43,test,test,vyzkoušet,vyzkoušet,pf
en:Kafka-Promena:0:shuff:51,cs:Kafka-Promena:0:shuff:43,opened,open,otevřela,otevřít,pf
en:Kafka-Promena:0:shuff:51,cs:Kafka-Promena:0:shuff:43,looked,look,dívala,dívat,impf
en:Kafka-Promena:0:shuff:52,cs:Kafka-Promena:0:shuff:44,notice,notice,zpozorovala,zpozorovat,pf
en:Kafka-Promena:0:shuff:52,cs:Kafka-Promena:0:shuff:44,shocked,shock,vyděsila,vyděsit,pf
en:Kafka-Promena:0:shuff:53,cs:Kafka-Promena:0:shuff:45,said,say,řekl,říci,pf
en:Kafka-Promena:0:shuff:54,cs:Kafka-Promena:0:shuff:46,lay,lay,ležet,ležet,impf
en:Kafka-Promena:0:shuff:54,cs:Kafka-Promena:0:shuff:46,breathing,breathe,oddychoval,oddychovat,impf
en:Kafka-Promena:0:shuff:54,cs:Kafka-Promena:0:shuff:46,expected,expect,očekával,očekávat,impf
en:Kafka-Promena:0:shuff:55,cs:Kafka-Promena:0:shuff:47,said,say,řekl,říci,pf
en:Kafka-Promena:0:shuff:57,cs:Kafka-Promena:0:shuff:49,opened,open,otevřela,otevřít,pf
en:Kafka-Promena:0:shuff:57,cs:Kafka-Promena:0:shuff:49,shout,shout,zavolala,zavolat,pf
en:Kafka-Promena:0:shuff:59,cs:Kafka-Promena:0:shuff:52,make,make,dělat,dělat,impf
en:Kafka-Promena:0:shuff:59,cs:Kafka-Promena:0:shuff:52,make,make,způsobila,způsobit,pf
en:Kafka-Promena:0:shuff:59,cs:Kafka-Promena:0:shuff:52,caused,cause,způsobila,způsobit,pf
en:Kafka-Promena:0:shuff:60,cs:Kafka-Promena:0:shuff:53,slid,slide,sklouzlo,sklouznout,pf
en:Kafka-Promena:0:shuff:62,cs:Kafka-Promena:0:shuff:55,wanted,want,chtěl,chtít,impf
en:Kafka-Promena:0:shuff:62,cs:Kafka-Promena:0:shuff:55,changing,change,přejít,přejít,pf
en:Kafka-Promena:0:shuff:62,cs:Kafka-Promena:0:shuff:55,changing,change,změní,změnit,pf
en:Kafka-Promena:0:shuff:66,cs:Kafka-Promena:0:shuff:59,sat,sit,sedli,sednout,pf
en:Kafka-Promena:0:shuff:66,cs:Kafka-Promena:0:shuff:59,wrote,write,napsali,napsat,pf
en:Kafka-Promena:0:shuff:67,cs:Kafka-Promena:0:shuff:60,writing,write,psali,psát,impf
en:Kafka-Promena:0:shuff:67,cs:Kafka-Promena:0:shuff:60,came,come,přišla,přijít,pf
en:Kafka-Promena:0:shuff:67,cs:Kafka-Promena:0:shuff:60,tell,tell,oznámit,oznámit,pf
en:Kafka-Promena:0:shuff:67,cs:Kafka-Promena:0:shuff:60,going,go,odchází,odcházet,impf
en:Kafka-Promena:0:shuff:69,cs:Kafka-Promena:0:shuff:62,see,see,uviděl,uvidět,pf
en:Kafka-Promena:0:shuff:69,cs:Kafka-Promena:0:shuff:62,see,see,přišla,přijít,pf
en:Kafka-Promena:0:shuff:69,cs:Kafka-Promena:0:shuff:62,come,come,přišla,přijít,pf
en:Kafka-Promena:0:shuff:70,cs:Kafka-Promena:0:shuff:63,come,come,pojď,jít,impf
en:Kafka-Promena:0:shuff:70,cs:Kafka-Promena:0:shuff:63,seen,see,vidět,vidět,impf
en:Kafka-Promena:0:shuff:70,cs:Kafka-Promena:0:shuff:63,said,say,řekla,říci,pf
en:Kafka-Promena:0:shuff:70,cs:Kafka-Promena:0:shuff:63,leading,lead,vedla,vést,impf
en:Kafka-Promena:0:shuff:71,cs:Kafka-Promena:0:shuff:64,appeared,appear,objevila,objevit,pf
en:Kafka-Promena:0:shuff:73,cs:Kafka-Promena:0:shuff:66,jump,jump,skočí,skočit,pf
en:Kafka-Promena:0:shuff:74,cs:Kafka-Promena:0:shuff:67,saw,see,uviděla,uvidět,pf
en:Kafka-Promena:0:shuff:74,cs:Kafka-Promena:0:shuff:67,saw,see,uviděla,uvidět,pf
en:Kafka-Promena:0:shuff:74,cs:Kafka-Promena:0:shuff:67,saw,see,vidí,vidět,impf
en:Kafka-Promena:0:shuff:74,cs:Kafka-Promena:0:shuff:67,saw,see,vidí,vidět,impf
en:Kafka-Promena:0:shuff:77,cs:Kafka-Promena:0:shuff:69,shouted,shout,zvolala,zvolat,pf
en:Kafka-Promena:0:shuff:79,cs:Kafka-Promena:0:shuff:70,try,try,pokoušela,pokoušet,impf
en:Kafka-Promena:0:shuff:79,cs:Kafka-Promena:0:shuff:70,wake,wake,probudit,probudit,pf
en:Kafka-Promena:0:shuff:79,cs:Kafka-Promena:0:shuff:70,get,get,přimět,přimět,pf
en:Kafka-Promena:0:shuff:79,cs:Kafka-Promena:0:shuff:70,get,get,přimět,přimět,pf
en:Kafka-Promena:0:shuff:79,cs:Kafka-Promena:0:shuff:70,go,go,šel,jít,impf
en:Kafka-Promena:0:shuff:79,cs:Kafka-Promena:0:shuff:70,work,work,šel,jít,impf
en:Kafka-Promena:0:shuff:82,cs:Kafka-Promena:0:shuff:72,fallen,fall,usnula,usnout,pf
en:Kafka-Promena:0:shuff:83,cs:Kafka-Promena:0:shuff:73,locked,lock,zapadly,zapadnout,pf
en:Kafka-Promena:0:shuff:87,cs:Kafka-Promena:0:shuff:76,tell,tell,vyprávěla,vyprávět,impf
en:Kafka-Promena:0:shuff:87,cs:Kafka-Promena:0:shuff:76,write,write,psala,psát,impf
en:Kafka-Promena:0:shuff:88,cs:Kafka-Promena:0:shuff:77,forgotten,forget,zapomněla,zapomenout,pf
en:Kafka-Promena:0:shuff:89,cs:Kafka-Promena:0:shuff:78,reached,reach,dorazila,dorazit,pf
en:Kafka-Promena:0:shuff:90,cs:Kafka-Promena:0:shuff:79,notice,notice,nepozoruje,pozorovat,impf
en:Kafka-Promena:0:shuff:90,cs:Kafka-Promena:0:shuff:79,pouring,pour,leje,lít,impf
en:Kafka-Promena:0:shuff:91,cs:Kafka-Promena:0:shuff:80,said,say,řekl,říci,pf
en:Kafka-Promena:0:shuff:92,cs:Kafka-Promena:0:shuff:81,trying,try,snažil,snažit,impf
en:Kafka-Promena:0:shuff:94,cs:Kafka-Promena:0:shuff:83,looking,look,podívala,podívat,pf
en:Kafka-Promena:0:shuff:95,cs:Kafka-Promena:0:shuff:84,said,say,řekla,říci,pf
en:Kafka-Promena:0:shuff:96,cs:Kafka-Promena:0:shuff:85,made,make,udělala,udělat,pf
en:Kafka-Promena:0:shuff:96,cs:Kafka-Promena:0:shuff:85,did,do,udělala,udělat,pf
en:Kafka-Promena:0:shuff:96,cs:Kafka-Promena:0:shuff:85,wanted,want,chtěla,chtít,impf
en:Kafka-Promena:0:shuff:96,cs:Kafka-Promena:0:shuff:85,hold,hold,zadržet,zadržet,pf
en:Kafka-Promena:0:shuff:96,cs:Kafka-Promena:0:shuff:85,made,make,neučinila,učinit,pf
en:Kafka-Promena:0:shuff:96,cs:Kafka-Promena:0:shuff:85,did,do,neučinila,učinit,pf
en:Kafka-Promena:0:shuff:100,cs:Kafka-Promena:0:shuff:89,open,open,otevírat,otevírat,impf
en:Kafka-Promena:0:shuff:100,cs:Kafka-Promena:0:shuff:89,open,open,otevřeny,otevřít,pf
en:Kafka-Promena:0:shuff:100,cs:Kafka-Promena:0:shuff:89,seen,see,vidět,vidět,impf
en:Kafka-Promena:0:shuff:101,cs:Kafka-Promena:0:shuff:90,did,do,nejde,jít,impf
en:Kafka-Promena:0:shuff:101,cs:Kafka-Promena:0:shuff:90,go,go,nejde,jít,impf
en:Kafka-Promena:0:shuff:102,cs:Kafka-Promena:0:shuff:91,begun,begin,nezačala,začít,pf
en:Kafka-Promena:0:shuff:104,cs:Kafka-Promena:0:shuff:93,losing,lose,ztratí,ztratit,pf
en:Kafka-Promena:0:shuff:104,cs:Kafka-Promena:0:shuff:93,pursue,pursue,pronásledoval,pronásledovat,impf
en:Kafka-Promena:0:shuff:108,cs:Kafka-Promena:0:shuff:97,lost,lose,ztrácejí,ztrácet,impf
en:Kafka-Promena:0:shuff:109,cs:Kafka-Promena:0:shuff:98,think,think,má,mít,impf
en:Kafka-Promena:0:shuff:110,cs:Kafka-Promena:0:shuff:99,held,hold,zadržet,zadržet,pf
en:Kafka-Promena:0:shuff:110,cs:Kafka-Promena:0:shuff:99,won,win,získat,získat,pf
en:Kafka-Promena:0:shuff:111,cs:Kafka-Promena:0:shuff:100,depended,depend,závisí,záviset,impf
en:Kafka-Promena:0:shuff:114,cs:Kafka-Promena:0:shuff:103,rung,ring,zvonil,zvonit,impf
en:Kafka-Promena:0:shuff:116,cs:Kafka-Promena:0:shuff:105,slept,sleep,nespal,spát,impf
en:Kafka-Promena:0:shuff:118,cs:Kafka-Promena:0:shuff:107,went,go,jede,jet,impf
en:Kafka-Promena:0:shuff:119,cs:Kafka-Promena:0:shuff:108,catch,catch,stihl,stihnout,pf
en:Kafka-Promena:0:shuff:129,cs:Kafka-Promena:0:shuff:116,awoke,awake,probudil,probudit,pf
en:Kafka-Promena:0:shuff:134,cs:Kafka-Promena:0:shuff:119,whispered,whisper,zašeptala,zašeptat,pf
en:Kafka-Promena:0:shuff:135,cs:Kafka-Promena:0:shuff:120,open,open,otevři,otevřít,pf
en:Kafka-Promena:0:shuff:136,cs:Kafka-Promena:0:shuff:121,opening,open,otevřít,otevřít,pf
en:Kafka-Promena:0:shuff:136,cs:Kafka-Promena:0:shuff:121,locking,lock,zamykal,zamykat,impf
en:Kafka-Promena:0:shuff:137,cs:Kafka-Promena:0:shuff:122,say,say,říci,říci,pf
en:Kafka-Promena:0:shuff:138,cs:Kafka-Promena:0:shuff:123,wants,want,chce,chtít,impf
en:Kafka-Promena:0:shuff:138,cs:Kafka-Promena:0:shuff:123,speak,speak,mluvit,mluvit,impf
en:Kafka-Promena:0:shuff:139,cs:Kafka-Promena:0:shuff:124,open,open,Otevři,otevřít,pf
en:Kafka-Promena:0:shuff:140,cs:Kafka-Promena:0:shuff:125,forgive,forgive,promine,prominout,pf
en:Kafka-Promena:0:shuff:141,cs:Kafka-Promena:0:shuff:126,called,call,volal,volat,impf
en:Kafka-Promena:0:shuff:144,cs:Kafka-Promena:0:shuff:128,Hearing,hear,Naslouchaje,naslouchat,impf
en:Kafka-Promena:0:shuff:144,cs:Kafka-Promena:0:shuff:128,explaining,explain,vysvětlit,vysvětlit,pf
en:Kafka-Promena:0:shuff:144,cs:Kafka-Promena:0:shuff:128,wanted,want,zatoužit,zatoužit,pf
en:Kafka-Promena:0:shuff:145,cs:Kafka-Promena:0:shuff:129,declare,declare,Prohlašuji,prohlašovat,impf
en:Kafka-Promena:0:shuff:145,cs:Kafka-Promena:0:shuff:129,said,say,řekl,říci,pf
en:Kafka-Promena:0:shuff:145,cs:Kafka-Promena:0:shuff:129,raising,raise,zvedl,zvednout,pf
en:Kafka-Promena:0:shuff:145,cs:Kafka-Promena:0:shuff:129,looked,look,vyhledal,vyhledat,pf
en:Kafka-Promena:0:shuff:145,cs:Kafka-Promena:0:shuff:129,give,give,dávám,dávat,impf
en:Kafka-Promena:0:shuff:148,cs:Kafka-Promena:0:shuff:131,called,call,volala,volat,impf
en:Kafka-Promena:0:shuff:153,cs:Kafka-Promena:0:shuff:136,hear,hear,Slyšelas,slyšet,impf
en:Kafka-Promena:0:shuff:153,cs:Kafka-Promena:0:shuff:136,spoke,speak,mluví,mluvit,impf
en:Kafka-Promena:0:shuff:154,cs:Kafka-Promena:0:shuff:137,said,say,řekl,říci,pf
en:Kafka-Promena:0:shuff:159,cs:Kafka-Promena:0:shuff:141,saw,see,pozoroval,pozorovat,impf
en:Kafka-Promena:0:shuff:160,cs:Kafka-Promena:0:shuff:142,sitting,sit,sednout,sednout,pf
en:Kafka-Promena:0:shuff:160,cs:Kafka-Promena:0:shuff:142,talking,talk,mluvit,mluvit,impf
en:Kafka-Promena:0:shuff:162,cs:Kafka-Promena:0:shuff:144,do,do,udělám,udělat,pf
en:Kafka-Promena:0:shuff:164,cs:Kafka-Promena:0:shuff:146,mixed,mix,mísilo,mísit,impf
en:Kafka-Promena:0:shuff:168,cs:Kafka-Promena:0:shuff:149,asked,ask,zeptal,zeptat,pf
en:Kafka-Promena:0:shuff:169,cs:Kafka-Promena:0:shuff:150,come,come,šli,jít,impf
en:Kafka-Promena:0:shuff:170,cs:Kafka-Promena:0:shuff:151,tried,try,pokoušela,pokoušet,impf
en:Kafka-Promena:0:shuff:171,cs:Kafka-Promena:0:shuff:152,thumped,thump,tloukla,tlouci,impf
en:Kafka-Promena:0:shuff:172,cs:Kafka-Promena:0:shuff:153,closing,close,zavřít,zavřít,pf
en:Kafka-Promena:0:shuff:172,cs:Kafka-Promena:0:shuff:153,save,save,ušetřit,ušetřit,pf
en:Kafka-Promena:0:shuff:173,cs:Kafka-Promena:0:shuff:154,understand,understand,nechápete,chápat,impf
en:Kafka-Promena:0:shuff:173,cs:Kafka-Promena:0:shuff:154,see,see,nechápete,chápat,impf
en:Kafka-Promena:0:shuff:173,cs:Kafka-Promena:0:shuff:154,think,think,pomyslel,pomyslet,pf
en:Kafka-Promena:0:shuff:174,cs:Kafka-Promena:0:shuff:155,understand,understand,rozumí,rozumět,impf
en:Kafka-Promena:0:shuff:175,cs:Kafka-Promena:0:shuff:156,see,see,spatřit,spatřit,pf
en:Kafka-Promena:0:shuff:177,cs:Kafka-Promena:0:shuff:159,set,set,dala,dát,pf
en:Kafka-Promena:0:shuff:177,cs:Kafka-Promena:0:shuff:159,fled,flee,utekla,utéci,pf
en:Kafka-Promena:0:shuff:181,cs:Kafka-Promena:0:shuff:163,spoken,speak,promluvila,promluvit,pf
en:Kafka-Promena:0:shuff:182,cs:Kafka-Promena:0:shuff:164,ran,run,Běžela,běžet,impf
en:Kafka-Promena:0:shuff:183,cs:Kafka-Promena:0:shuff:165,wanted,want,chtěl,chtít,impf
en:Kafka-Promena:0:shuff:183,cs:Kafka-Promena:0:shuff:165,help,help,pomoci,pomoci,pf
en:Kafka-Promena:0:shuff:183,cs:Kafka-Promena:0:shuff:165,stuck,stick,přilepil,přilepit,pf
en:Kafka-Promena:0:shuff:184,cs:Kafka-Promena:0:shuff:166,ran,run,běžel,běžet,impf
en:Kafka-Promena:0:shuff:184,cs:Kafka-Promena:0:shuff:166,advise,advise,poradit,poradit,pf
en:Kafka-Promena:0:shuff:186,cs:Kafka-Promena:0:shuff:167,kiss,kiss,políbí,políbit,pf
en:Kafka-Promena:0:shuff:186,cs:Kafka-Promena:0:shuff:167,going,go,chodí,chodit,impf
en:Kafka-Promena:0:shuff:187,cs:Kafka-Promena:0:shuff:168,shouted,shout,zavolal,zavolat,pf
en:Kafka-Promena:0:shuff:187,cs:Kafka-Promena:0:shuff:168,pointing,point,ukázal,ukázat,pf
en:Kafka-Promena:0:shuff:189,cs:Kafka-Promena:0:shuff:170,ate,eat,nejedli,jíst,impf
en:Kafka-Promena:0:shuff:191,cs:Kafka-Promena:0:shuff:173,drank,drink,nepili,pít,impf
en:Kafka-Promena:0:shuff:192,cs:Kafka-Promena:0:shuff:174,defend,defend,bránit,bránit,impf
en:Kafka-Promena:0:shuff:192,cs:Kafka-Promena:0:shuff:174,feel,feel,pocítí,pocítit,pf
en:Kafka-Promena:0:shuff:193,cs:Kafka-Promena:0:shuff:175,come,come,přijde,přijít,pf
en:Kafka-Promena:0:shuff:193,cs:Kafka-Promena:0:shuff:175,happened,happen,přijde,přijít,pf
en:Kafka-Promena:0:shuff:193,cs:Kafka-Promena:0:shuff:175,ask,ask,zeptat,zeptat,pf
en:Kafka-Promena:0:shuff:193,cs:Kafka-Promena:0:shuff:175,open,open,otvírá,otvírat,impf
en:Kafka-Promena:0:shuff:195,cs:Kafka-Promena:0:shuff:177,raised,raise,zvednout,zvednout,pf
en:Kafka-Promena:0:shuff:196,cs:Kafka-Promena:0:shuff:178,begin,begin,Začal,začít,pf
en:Kafka-Promena:0:shuff:196,cs:Kafka-Promena:0:shuff:178,go,go,Začal,začít,pf
en:Kafka-Promena:0:shuff:196,cs:Kafka-Promena:0:shuff:178,turn,turn,otáčet,otáčet,impf
en:Kafka-Promena:0:shuff:196,cs:Kafka-Promena:0:shuff:178,turning,turn,otáčet,otáčet,impf
en:Kafka-Promena:0:shuff:196,cs:Kafka-Promena:0:shuff:178,help,help,pomáhat,pomáhat,impf
en:Kafka-Promena:0:shuff:196,cs:Kafka-Promena:0:shuff:178,raising,raise,zvedl,zvednout,pf
en:Kafka-Promena:0:shuff:196,cs:Kafka-Promena:0:shuff:178,striking,strike,uhodil,uhodit,pf
en:Kafka-Promena:0:shuff:197,cs:Kafka-Promena:0:shuff:179,stopped,stop,Zarazil,zarazit,pf
en:Kafka-Promena:0:shuff:199,cs:Kafka-Promena:0:shuff:182,looked,look,dívali,dívat,impf
en:Kafka-Promena:0:shuff:200,cs:Kafka-Promena:0:shuff:183,say,say,říci,říci,pf
en:Kafka-Promena:0:shuff:200,cs:Kafka-Promena:0:shuff:183,like,like,chcete,chtít,impf
en:Kafka-Promena:0:shuff:200,cs:Kafka-Promena:0:shuff:183,overcome,overcome,přemoci,přemoci,pf
en:Kafka-Promena:0:shuff:201,cs:Kafka-Promena:0:shuff:184,asked,ask,ptal,ptát,impf
en:Kafka-Promena:0:shuff:201,cs:Kafka-Promena:0:shuff:184,knocking,knock,zaklepal,zaklepat,pf
en:Kafka-Promena:0:shuff:202,cs:Kafka-Promena:0:shuff:185,said,say,řekl,říci,pf
en:Kafka-Promena:0:shuff:207,cs:Kafka-Promena:0:shuff:190,bent,bend,sklonili,sklonit,pf
en:Kafka-Promena:0:shuff:207,cs:Kafka-Promena:0:shuff:190,set,set,postaveny,postavit,pf
en:Kafka-Promena:0:shuff:207,cs:Kafka-Promena:0:shuff:190,wanted,want,chtěli,chtít,impf
en:Kafka-Promena:0:shuff:207,cs:Kafka-Promena:0:shuff:190,wishing,wish,chtěli,chtít,impf
en:Kafka-Promena:0:shuff:207,cs:Kafka-Promena:0:shuff:190,eating,eat,jíst,jíst,impf
en:Kafka-Promena:0:shuff:207,cs:Kafka-Promena:0:shuff:190,set,set,pokládán,pokládat,impf
en:Kafka-Promena:0:shuff:207,cs:Kafka-Promena:0:shuff:190,sent,send,poslat,poslat,pf
en:Kafka-Promena:0:shuff:211,cs:Kafka-Promena:0:shuff:193,looked,look,podívala,podívat,pf
en:Kafka-Promena:0:shuff:211,cs:Kafka-Promena:0:shuff:193,see,see,podívala,podívat,pf
en:Kafka-Promena:0:shuff:215,cs:Kafka-Promena:0:shuff:197,call,call,volat,volat,impf
en:Kafka-Promena:0:shuff:216,cs:Kafka-Promena:0:shuff:198,suppress,suppress,potlačit,potlačit,pf
en:Kafka-Promena:0:shuff:217,cs:Kafka-Promena:0:shuff:199,lay,lie,ležela,ležet,impf
en:Kafka-Promena:0:shuff:217,cs:Kafka-Promena:0:shuff:199,closed,close,zavíraly,zavírat,impf
en:Kafka-Promena:0:shuff:218,cs:Kafka-Promena:0:shuff:200,sat,sit,seděli,sedět,impf
en:Kafka-Promena:0:shuff:219,cs:Kafka-Promena:0:shuff:201,turn,turn,otočit,otočit,pf
en:Kafka-Promena:0:shuff:219,cs:Kafka-Promena:0:shuff:201,thought,think,pomyslel,pomyslet,pf
en:Kafka-Promena:0:shuff:220,cs:Kafka-Promena:0:shuff:202,stop,stop,potlačit,potlačit,pf
en:Kafka-Promena:0:shuff:221,cs:Kafka-Promena:0:shuff:203,left,leave,nechávali,nechávat,impf
en:Kafka-Promena:0:shuff:222,cs:Kafka-Promena:0:shuff:204,abandoning,abandon,opustit,opustit,pf
en:Kafka-Promena:0:shuff:223,cs:Kafka-Promena:0:shuff:205,lay,lie,leží,ležet,impf
en:Kafka-Promena:0:shuff:224,cs:Kafka-Promena:0:shuff:206,found,find,našla,najít,pf
en:Kafka-Promena:0:shuff:224,cs:Kafka-Promena:0:shuff:206,sacked,sack,propustit,propustit,pf
en:Kafka-Promena:0:shuff:227,cs:Kafka-Promena:0:shuff:208,locked,lock,zamčeny,zamknout,pf
en:Kafka-Promena:0:shuff:227,cs:Kafka-Promena:0:shuff:208,wanted,want,chtěli,chtít,impf
en:Kafka-Promena:0:shuff:227,cs:Kafka-Promena:0:shuff:208,opened,open,otevřel,otevřít,pf
en:Kafka-Promena:0:shuff:227,cs:Kafka-Promena:0:shuff:208,unlocked,unlock,otevřel,otevřít,pf
en:Kafka-Promena:0:shuff:227,cs:Kafka-Promena:0:shuff:208,opened,open,otevřeny,otevřít,pf
en:Kafka-Promena:0:shuff:227,cs:Kafka-Promena:0:shuff:208,unlocked,unlock,otevřeny,otevřít,pf
en:Kafka-Promena:0:shuff:227,cs:Kafka-Promena:0:shuff:208,came,come,nepřicházel,přicházet,impf
en:Kafka-Promena:0:shuff:231,cs:Kafka-Promena:0:shuff:212,waiting,wait,čekalo,čekat,impf
en:Kafka-Promena:0:shuff:232,cs:Kafka-Promena:0:shuff:213,let,let,nechat,nechat,pf
en:Kafka-Promena:0:shuff:232,cs:Kafka-Promena:0:shuff:213,go,go,odejít,odejít,pf
en:Kafka-Promena:0:shuff:233,cs:Kafka-Promena:0:shuff:214,understand,understand,nechápou,chápat,impf
en:Kafka-Promena:0:shuff:234,cs:Kafka-Promena:0:shuff:215,see,see,vidíte,vidět,impf
en:Kafka-Promena:0:shuff:240,cs:Kafka-Promena:0:shuff:222,feared,fear,bál,bát,impf
en:Kafka-Promena:0:shuff:240,cs:Kafka-Promena:0:shuff:222,fled,flee,utekl,utéci,pf
en:Kafka-Promena:0:shuff:242,cs:Kafka-Promena:0:shuff:225,heard,hear,slyšet,slyšet,impf
en:Kafka-Promena:0:shuff:242,cs:Kafka-Promena:0:shuff:225,went,go,odcházejí,odcházet,impf
en:Kafka-Promena:0:shuff:243,cs:Kafka-Promena:0:shuff:226,come,come,nepřijde,přijít,pf
en:Kafka-Promena:0:shuff:244,cs:Kafka-Promena:0:shuff:227,think,think,měl,mít,impf
en:Kafka-Promena:0:shuff:244,cs:Kafka-Promena:0:shuff:227,think,think,měl,mít,impf
en:Kafka-Promena:0:shuff:245,cs:Kafka-Promena:0:shuff:228,go,go,šlo,jít,impf
en:Kafka-Promena:0:shuff:246,cs:Kafka-Promena:0:shuff:229,allowed,allow,směl,smět,impf
en:Kafka-Promena:0:shuff:246,cs:Kafka-Promena:0:shuff:229,turn,turn,otočit,otočit,pf
en:Kafka-Promena:0:shuff:250,cs:Kafka-Promena:0:shuff:232,woke,wake,probudil,probudit,pf
en:Kafka-Promena:0:shuff:250,cs:Kafka-Promena:0:shuff:232,found,find,shledal,shledat,pf
en:Kafka-Promena:0:shuff:250,cs:Kafka-Promena:0:shuff:232,transformed,transform,proměnil,proměnit,pf
en:Kafka-Promena:0:shuff:251,cs:Kafka-Promena:0:shuff:233,struck,strike,postihlo,postihnout,pf
en:Kafka-Promena:0:shuff:252,cs:Kafka-Promena:0:shuff:234,tidied,tidy,uklidila,uklidit,pf
en:Kafka-Promena:0:shuff:252,cs:Kafka-Promena:0:shuff:234,left,leave,nechávala,nechávat,impf
en:Kafka-Promena:0:shuff:253,cs:Kafka-Promena:0:shuff:235,speak,speak,promluvit,promluvit,pf
en:Kafka-Promena:0:shuff:253,cs:Kafka-Promena:0:shuff:235,thank,thank,poděkovat,poděkovat,pf
en:Kafka-Promena:0:shuff:253,cs:Kafka-Promena:0:shuff:235,do,do,udělat,udělat,pf
en:Kafka-Promena:0:shuff:253,cs:Kafka-Promena:0:shuff:235,bear,bear,snášel,snášet,impf
en:Kafka-Promena:0:shuff:255,cs:Kafka-Promena:0:shuff:237,move,move,pohybovat,pohybovat,impf
en:Kafka-Promena:0:shuff:255,cs:Kafka-Promena:0:shuff:237,understood,understand,rozumět,rozumět,impf
en:Kafka-Promena:0:shuff:258,cs:Kafka-Promena:0:shuff:240,sought,seek,hledaje,hledat,impf
en:Kafka-Promena:0:shuff:258,cs:Kafka-Promena:0:shuff:240,fell,fall,upadl,upadnout,pf
en:Kafka-Promena:0:shuff:260,cs:Kafka-Promena:0:shuff:242,thinks,think,nemyslí,myslet,impf
en:Kafka-Promena:0:shuff:263,cs:Kafka-Promena:0:shuff:245,sits,sit,Sedí,sedět,impf
en:Kafka-Promena:0:shuff:263,cs:Kafka-Promena:0:shuff:245,reads,read,čte,číst,impf
en:Kafka-Promena:0:shuff:263,cs:Kafka-Promena:0:shuff:245,reads,read,studuje,studovat,impf
en:Kafka-Promena:0:shuff:263,cs:Kafka-Promena:0:shuff:245,train,train,studuje,studovat,impf
en:Kafka-Promena:0:shuff:265,cs:Kafka-Promena:0:shuff:247,said,say,řekl,říci,pf
en:Kafka-Promena:0:shuff:267,cs:Kafka-Promena:0:shuff:249,said,say,řekla,říci,pf
en:Kafka-Promena:0:shuff:269,cs:Kafka-Promena:0:shuff:251,eat,eat,nejedl,jíst,impf
en:Kafka-Promena:0:shuff:270,cs:Kafka-Promena:0:shuff:252,came,come,přicházela,přicházet,impf
en:Kafka-Promena:0:shuff:270,cs:Kafka-Promena:0:shuff:252,went,go,odcházela,odcházet,impf
en:Kafka-Promena:0:shuff:271,cs:Kafka-Promena:0:shuff:253,opening,open,Neotevřou,otevřít,pf
en:Kafka-Promena:0:shuff:271,cs:Kafka-Promena:0:shuff:253,said,say,řekl,říci,pf
en:Kafka-Promena:0:shuff:272,cs:Kafka-Promena:0:shuff:254,opened,open,otevřela,otevřít,pf
en:Kafka-Promena:0:shuff:273,cs:Kafka-Promena:0:shuff:255,hear,hear,uslyšel,uslyšet,pf
en:Kafka-Promena:0:shuff:274,cs:Kafka-Promena:0:shuff:256,condemned,condemn,odsouzen,odsoudit,pf
en:Kafka-Promena:0:shuff:275,cs:Kafka-Promena:0:shuff:257,come,come,přišel,přijít,pf
en:Kafka-Promena:0:shuff:277,cs:Kafka-Promena:0:shuff:259,feel,feel,cítil,cítit,impf
en:Kafka-Promena:0:shuff:277,cs:Kafka-Promena:0:shuff:259,felt,feel,cítil,cítit,impf
en:Kafka-Promena:0:shuff:279,cs:Kafka-Promena:0:shuff:261,noticed,notice,všimla,všimnout,pf
en:Kafka-Promena:0:shuff:279,cs:Kafka-Promena:0:shuff:261,crawled,crawl,lezl,lézt,impf
en:Kafka-Promena:0:shuff:279,cs:Kafka-Promena:0:shuff:261,removing,remove,odstraní,odstranit,pf
en:Kafka-Promena:0:shuff:281,cs:Kafka-Promena:0:shuff:263,dare,dare,netroufala,troufat,impf
en:Kafka-Promena:0:shuff:281,cs:Kafka-Promena:0:shuff:263,ask,ask,žádat,žádat,impf
en:Kafka-Promena:0:shuff:284,cs:Kafka-Promena:0:shuff:266,said,say,řekl,říci,pf
en:Kafka-Promena:0:shuff:285,cs:Kafka-Promena:0:shuff:267,daring,dare,netroufal,troufat,impf
en:Kafka-Promena:0:shuff:285,cs:Kafka-Promena:0:shuff:267,hear,hear,uslyšela,uslyšet,pf
en:Kafka-Promena:0:shuff:286,cs:Kafka-Promena:0:shuff:268,said,say,řekl,říci,pf
en:Kafka-Promena:0:shuff:286,cs:Kafka-Promena:0:shuff:268,come,come,přišel,přijít,pf
en:Kafka-Promena:0:shuff:286,cs:Kafka-Promena:0:shuff:268,leave,leave,neodjel,odjet,pf
en:Kafka-Promena:0:shuff:287,cs:Kafka-Promena:0:shuff:269,spare,spare,ušetřil,ušetřit,pf
en:Kafka-Promena:0:shuff:287,cs:Kafka-Promena:0:shuff:269,arranged,arrange,upravil,upravit,pf
en:Kafka-Promena:0:shuff:287,cs:Kafka-Promena:0:shuff:269,covered,cover,zakryt,zakrýt,pf
en:Kafka-Promena:0:shuff:287,cs:Kafka-Promena:0:shuff:269,see,see,neuviděla,uvidět,pf
en:Kafka-Promena:0:shuff:288,cs:Kafka-Promena:0:shuff:270,answered,answer,odpověděla,odpovědět,pf
en:Kafka-Promena:0:shuff:288,cs:Kafka-Promena:0:shuff:270,need,need,nemusíte,muset,impf
en:Kafka-Promena:0:shuff:288,cs:Kafka-Promena:0:shuff:270,made,make,dělat,dělat,impf
en:Kafka-Promena:0:shuff:288,cs:Kafka-Promena:0:shuff:270,going,go,dělat,dělat,impf
en:Kafka-Promena:0:shuff:290,cs:Kafka-Promena:0:shuff:272,bent,bend,sklonily,sklonit,pf
en:Kafka-Promena:0:shuff:290,cs:Kafka-Promena:0:shuff:272,writing,write,psát,psát,impf
en:Kafka-Promena:0:shuff:293,cs:Kafka-Promena:0:shuff:274,drew,draw,vytáhl,vytáhnout,pf
en:Kafka-Promena:0:shuff:295,cs:Kafka-Promena:0:shuff:277,turning,turn,obrácen,obrátit,pf
en:Kafka-Promena:0:shuff:295,cs:Kafka-Promena:0:shuff:277,turned,turn,obrácen,obrátit,pf
en:Kafka-Promena:0:shuff:295,cs:Kafka-Promena:0:shuff:277,listening,listen,poslouchaje,poslouchat,impf
en:Kafka-Promena:0:shuff:296,cs:Kafka-Promena:0:shuff:278,get,get,dostal,dostat,pf
en:Kafka-Promena:0:shuff:297,cs:Kafka-Promena:0:shuff:279,thought,think,Měl,mít,impf
en:Kafka-Promena:0:shuff:297,cs:Kafka-Promena:0:shuff:279,showing,show,předvádět,předvádět,impf
en:Kafka-Promena:0:shuff:298,cs:Kafka-Promena:0:shuff:280,suggest,suggest,naznačil,naznačit,pf
en:Kafka-Promena:0:shuff:298,cs:Kafka-Promena:0:shuff:280,entrusted,entrust,svěřeno,svěřit,pf
en:Kafka-Promena:0:shuff:299,cs:Kafka-Promena:0:shuff:281,see,see,vidím,vidět,impf
en:Kafka-Promena:0:shuff:300,cs:Kafka-Promena:0:shuff:282,lifted,lift,zvedla,zvednout,pf
en:Kafka-Promena:0:shuff:300,cs:Kafka-Promena:0:shuff:282,intending,intend,nehodlá,hodlat,impf
en:Kafka-Promena:0:shuff:300,cs:Kafka-Promena:0:shuff:282,close,close,zavřít,zavřít,pf
en:Kafka-Promena:0:shuff:301,cs:Kafka-Promena:0:shuff:283,coming,come,nejde,jít,impf
en:Kafka-Promena:0:shuff:301,cs:Kafka-Promena:0:shuff:283,asked,ask,zeptala,zeptat,pf
en:Kafka-Promena:0:shuff:301,cs:Kafka-Promena:0:shuff:283,turned,turn,obrátil,obrátit,pf
en:Kafka-Promena:0:shuff:301,cs:Kafka-Promena:0:shuff:283,put,put,postavila,postavit,pf
en:Kafka-Promena:0:shuff:302,cs:Kafka-Promena:0:shuff:284,eating,eat,nejedl,jíst,impf
en:Kafka-Promena:0:shuff:307,cs:Kafka-Promena:0:shuff:287,decided,decide,Rozhodli,rozhodnout,pf
en:Kafka-Promena:0:shuff:308,cs:Kafka-Promena:0:shuff:288,heard,hear,slyšeli,slyšet,impf
en:Kafka-Promena:0:shuff:308,cs:Kafka-Promena:0:shuff:288,called,call,zavolal,zavolat,pf
en:Kafka-Promena:0:shuff:310,cs:Kafka-Promena:0:shuff:290,stop,stop,přestat,přestat,pf
en:Kafka-Promena:0:shuff:311,cs:Kafka-Promena:0:shuff:291,said,say,řekl,říci,pf
en:Kafka-Promena:0:shuff:311,cs:Kafka-Promena:0:shuff:291,like,like,nechtěla,chtít,impf
en:Kafka-Promena:0:shuff:311,cs:Kafka-Promena:0:shuff:291,come,come,přijít,přijít,pf
en:Kafka-Promena:0:shuff:311,cs:Kafka-Promena:0:shuff:291,play,play,hrát,hrát,impf
en:Kafka-Promena:0:shuff:313,cs:Kafka-Promena:0:shuff:293,sat,sit,sedí,sedět,impf
en:Kafka-Promena:0:shuff:313,cs:Kafka-Promena:0:shuff:293,whispering,whisper,šeptají,šeptat,impf
en:Kafka-Promena:0:shuff:316,cs:Kafka-Promena:0:shuff:295,turned,turn,otočila,otočit,pf
en:Kafka-Promena:0:shuff:317,cs:Kafka-Promena:0:shuff:296,fell,fall,spadla,spadnout,pf
en:Kafka-Promena:0:shuff:317,cs:Kafka-Promena:0:shuff:296,broke,break,rozbila,rozbít,pf
en:Kafka-Promena:0:shuff:319,cs:Kafka-Promena:0:shuff:298,delaying,delay,zdržovat,zdržovat,impf
en:Kafka-Promena:0:shuff:319,cs:Kafka-Promena:0:shuff:298,took,take,vzala,vzít,pf
en:Kafka-Promena:0:shuff:319,cs:Kafka-Promena:0:shuff:298,ran,run,utíkala,utíkat,impf
en:Kafka-Promena:0:shuff:322,cs:Kafka-Promena:0:shuff:301,turning,turn,otáčet,otáčet,impf
en:Kafka-Promena:0:shuff:323,cs:Kafka-Promena:0:shuff:302,seemed,seem,Zdálo,zdát,impf
en:Kafka-Promena:0:shuff:323,cs:Kafka-Promena:0:shuff:302,grasp,grasp,uchopit,uchopit,pf
en:Kafka-Promena:0:shuff:328,cs:Kafka-Promena:0:shuff:305,began,begin,začaly,začít,pf
en:Kafka-Promena:0:shuff:328,cs:Kafka-Promena:0:shuff:305,smiled,smile,usmívat,usmívat,impf
en:Kafka-Promena:0:shuff:329,cs:Kafka-Promena:0:shuff:306,ate,eat,jedla,jíst,impf
en:Kafka-Promena:0:shuff:330,cs:Kafka-Promena:0:shuff:307,came,come,šel,jít,impf
en:Kafka-Promena:0:shuff:330,cs:Kafka-Promena:0:shuff:307,went,go,šel,jít,impf
en:Kafka-Promena:0:shuff:330,cs:Kafka-Promena:0:shuff:307,did,do,šel,jít,impf
en:Kafka-Promena:0:shuff:330,cs:Kafka-Promena:0:shuff:307,came,come,vstoupil,vstoupit,pf
en:Kafka-Promena:0:shuff:331,cs:Kafka-Promena:0:shuff:308,mumbled,mumble,zamumlali,zamumlat,pf
en:Kafka-Promena:0:shuff:334,cs:Kafka-Promena:0:shuff:311,said,say,řekl,říci,pf
en:Kafka-Promena:0:shuff:334,cs:Kafka-Promena:0:shuff:311,moving,move,nehýbal,hýbat,impf
en:Kafka-Promena:0:shuff:335,cs:Kafka-Promena:0:shuff:312,explaining,explain,vysvětlit,vysvětlit,pf
en:Kafka-Promena:0:shuff:335,cs:Kafka-Promena:0:shuff:312,said,say,řekl,říci,pf
en:Kafka-Promena:0:shuff:335,cs:Kafka-Promena:0:shuff:312,hope,hope,doufejme,doufat,impf
en:Kafka-Promena:0:shuff:338,cs:Kafka-Promena:0:shuff:314,thought,think,myslel,myslet,impf
en:Kafka-Promena:0:shuff:345,cs:Kafka-Promena:0:shuff:321,understand,understand,nerozuměli,rozumět,impf
en:Kafka-Promena:0:shuff:346,cs:Kafka-Promena:0:shuff:322,help,help,pomoci,pomoci,pf
en:Kafka-Promena:0:shuff:347,cs:Kafka-Promena:0:shuff:323,made,make,učiněna,učinit,pf
en:Kafka-Promena:0:shuff:347,cs:Kafka-Promena:0:shuff:323,made,make,působily,působit,impf
en:Kafka-Promena:0:shuff:348,cs:Kafka-Promena:0:shuff:324,declared,declare,prohlásil,prohlásit,pf
en:Kafka-Promena:0:shuff:350,cs:Kafka-Promena:0:shuff:326,set,set,postavila,postavit,pf
en:Kafka-Promena:0:shuff:350,cs:Kafka-Promena:0:shuff:326,placed,place,postavila,postavit,pf
en:Kafka-Promena:0:shuff:350,cs:Kafka-Promena:0:shuff:326,poured,pour,nalila,nalít,pf
en:Kafka-Promena:0:shuff:351,cs:Kafka-Promena:0:shuff:327,spoke,speak,mluvilo,mluvit,impf
en:Kafka-Promena:0:shuff:351,cs:Kafka-Promena:0:shuff:327,wanted,want,nechtěl,chtít,impf
en:Kafka-Promena:0:shuff:351,cs:Kafka-Promena:0:shuff:327,leave,leave,nechat,nechat,pf
en:Kafka-Promena:0:shuff:353,cs:Kafka-Promena:0:shuff:329,say,say,říci,říci,pf
en:Kafka-Promena:0:shuff:353,cs:Kafka-Promena:0:shuff:329,learn,learn,dovědět,dovědět,pf
en:Kafka-Promena:0:shuff:355,cs:Kafka-Promena:0:shuff:331,recognise,recognise,uznáváme,uznávat,impf
en:Kafka-Promena:0:shuff:358,cs:Kafka-Promena:0:shuff:333,leapt,leap,přeskočil,přeskočit,pf
en:Kafka-Promena:0:shuff:358,cs:Kafka-Promena:0:shuff:333,disappeared,disappear,zmizel,zmizet,pf
en:Kafka-Promena:0:shuff:360,cs:Kafka-Promena:0:shuff:335,understood,understand,nerozuměl,rozumět,impf
en:Kafka-Promena:0:shuff:360,cs:Kafka-Promena:0:shuff:335,turned,turn,kroutil,kroutit,impf
en:Kafka-Promena:0:shuff:361,cs:Kafka-Promena:0:shuff:336,pressed,press,tiskla,tisknout,impf
en:Kafka-Promena:0:shuff:364,cs:Kafka-Promena:0:shuff:339,regret,regret,litovala,litovat,impf
en:Kafka-Promena:0:shuff:364,cs:Kafka-Promena:0:shuff:339,opened,open,otevřela,otevřít,pf
en:Kafka-Promena:0:shuff:364,cs:Kafka-Promena:0:shuff:339,entering,enter,vešla,vejít,pf
en:Kafka-Promena:0:shuff:365,cs:Kafka-Promena:0:shuff:340,watched,watch,pozoroval,pozorovat,impf
en:Kafka-Promena:0:shuff:366,cs:Kafka-Promena:0:shuff:341,bring,bring,přinese,přinést,pf
en:Kafka-Promena:0:shuff:367,cs:Kafka-Promena:0:shuff:342,see,see,nechápete,chápat,impf
en:Kafka-Promena:0:shuff:367,cs:Kafka-Promena:0:shuff:342,see,see,chápu,chápat,impf
en:Kafka-Promena:0:shuff:368,cs:Kafka-Promena:0:shuff:343,want,want,Nechci,chtít,impf
en:Kafka-Promena:0:shuff:368,cs:Kafka-Promena:0:shuff:343,say,say,vyslovovat,vyslovovat,impf
en:Kafka-Promena:0:shuff:368,cs:Kafka-Promena:0:shuff:343,say,say,řeknu,říci,pf
en:Kafka-Promena:0:shuff:368,cs:Kafka-Promena:0:shuff:343,try,try,pokusit,pokusit,pf
en:Kafka-Promena:0:shuff:369,cs:Kafka-Promena:0:shuff:344,think,think,myslím,myslet,impf
en:Kafka-Promena:0:shuff:370,cs:Kafka-Promena:0:shuff:345,said,say,řekl,říci,pf
en:Kafka-Promena:0:shuff:371,cs:Kafka-Promena:0:shuff:346,catch,catch,stihl,stihnout,pf
en:Kafka-Promena:0:shuff:373,cs:Kafka-Promena:0:shuff:348,reported,report,hlásil,hlásit,impf
en:Kafka-Promena:0:shuff:375,cs:Kafka-Promena:0:shuff:350,started,start,začal,začít,pf
en:Kafka-Promena:0:shuff:375,cs:Kafka-Promena:0:shuff:350,move,move,pohybovat,pohybovat,impf
en:Kafka-Promena:0:shuff:375,cs:Kafka-Promena:0:shuff:350,crawling,crawl,lezl,lézt,impf
en:Kafka-Promena:0:shuff:378,cs:Kafka-Promena:0:shuff:352,enter,enter,vejít,vejít,pf
en:Kafka-Promena:0:shuff:379,cs:Kafka-Promena:0:shuff:353,catch,catch,popadnout,popadnout,pf
en:Kafka-Promena:0:shuff:380,cs:Kafka-Promena:0:shuff:354,rushed,rush,běžela,běžet,impf
en:Kafka-Promena:0:shuff:380,cs:Kafka-Promena:0:shuff:354,put,put,položila,položit,pf
en:Kafka-Promena:0:shuff:383,cs:Kafka-Promena:0:shuff:356,bent,bend,sklonila,sklonit,pf
en:Kafka-Promena:0:shuff:383,cs:Kafka-Promena:0:shuff:356,said,say,řekla,říci,pf
en:Kafka-Promena:0:shuff:384,cs:Kafka-Promena:0:shuff:357,Come,come,Pojď,jít,impf
en:Kafka-Promena:0:shuff:384,cs:Kafka-Promena:0:shuff:357,go,go,Pojď,jít,impf
en:Kafka-Promena:0:shuff:385,cs:Kafka-Promena:0:shuff:358,wanted,want,chce,chtít,impf
en:Kafka-Promena:0:shuff:386,cs:Kafka-Promena:0:shuff:359,try,try,zkusí,zkusit,pf
en:Kafka-Promena:0:shuff:387,cs:Kafka-Promena:0:shuff:360,sat,sit,sedí,sedět,impf
en:Kafka-Promena:0:shuff:390,cs:Kafka-Promena:0:shuff:362,stretch,stretch,protáhla,protáhnout,pf
en:Kafka-Promena:0:shuff:391,cs:Kafka-Promena:0:shuff:363,tried,try,snažila,snažit,impf
en:Kafka-Promena:0:shuff:391,cs:Kafka-Promena:0:shuff:363,went,go,vedlo,vést,impf
en:Kafka-Promena:0:shuff:391,cs:Kafka-Promena:0:shuff:363,went,go,vedlo,vést,impf
en:Kafka-Promena:0:shuff:392,cs:Kafka-Promena:0:shuff:364,entered,enter,vcházela,vcházet,impf
en:Kafka-Promena:0:shuff:397,cs:Kafka-Promena:0:shuff:367,occurred,occur,napadlo,napadnout,pf
en:Kafka-Promena:0:shuff:397,cs:Kafka-Promena:0:shuff:367,occurred,occur,přišli,přijít,pf
en:Kafka-Promena:0:shuff:397,cs:Kafka-Promena:0:shuff:367,came,come,přišli,přijít,pf
en:Kafka-Promena:0:shuff:400,cs:Kafka-Promena:0:shuff:370,looked,look,podíval,podívat,pf
en:Kafka-Promena:0:shuff:401,cs:Kafka-Promena:0:shuff:371,thought,think,pomyslel,pomyslet,pf
en:Kafka-Promena:0:shuff:403,cs:Kafka-Promena:0:shuff:373,rung,ring,nezazvonil,zazvonit,pf
en:Kafka-Promena:0:shuff:404,cs:Kafka-Promena:0:shuff:374,see,see,vidět,vidět,impf
en:Kafka-Promena:0:shuff:405,cs:Kafka-Promena:0:shuff:375,injured,injure,poranila,poranit,pf
en:Kafka-Promena:0:shuff:405,cs:Kafka-Promena:0:shuff:375,dragged,drag,vlekl,vléci,impf
en:Kafka-Promena:0:shuff:406,cs:Kafka-Promena:0:shuff:376,drawn,draw,lákalo,lákat,impf
en:Kafka-Promena:0:shuff:408,cs:Kafka-Promena:0:shuff:378,floating,float,plavaly,plavat,impf
en:Kafka-Promena:0:shuff:411,cs:Kafka-Promena:0:shuff:381,expected,expect,čekal,čekat,impf
en:Kafka-Promena:0:shuff:411,cs:Kafka-Promena:0:shuff:381,said,say,řekl,říci,pf
en:Kafka-Promena:0:shuff:411,cs:Kafka-Promena:0:shuff:381,said,say,řekl,říci,pf
en:Kafka-Promena:0:shuff:411,cs:Kafka-Promena:0:shuff:381,said,say,říkal,říkat,impf
en:Kafka-Promena:0:shuff:411,cs:Kafka-Promena:0:shuff:381,said,say,říkal,říkat,impf
en:Kafka-Promena:0:shuff:413,cs:Kafka-Promena:0:shuff:383,lay,lie,ležel,ležet,impf
en:Kafka-Promena:0:shuff:415,cs:Kafka-Promena:0:shuff:385,locked,lock,zamčeno,zamknout,pf
en:Kafka-Promena:0:shuff:415,cs:Kafka-Promena:0:shuff:385,go,go,jít,jít,impf
en:Kafka-Promena:0:shuff:419,cs:Kafka-Promena:0:shuff:389,answered,answer,odpovídala,odpovídat,impf
en:Kafka-Promena:0:shuff:419,cs:Kafka-Promena:0:shuff:389,pressed,press,tiskla,tisknout,impf
en:Kafka-Promena:0:shuff:420,cs:Kafka-Promena:0:shuff:390,hurried,hurry,pospíchal,pospíchat,impf
en:Kafka-Promena:0:shuff:421,cs:Kafka-Promena:0:shuff:391,stay,stay,zůstal,zůstat,pf
en:Kafka-Promena:0:shuff:421,cs:Kafka-Promena:0:shuff:391,breathe,breathe,dýchal,dýchat,impf
en:Kafka-Promena:0:shuff:422,cs:Kafka-Promena:0:shuff:392,labouring,labour,pracovaly,pracovat,impf
en:Kafka-Promena:0:shuff:422,cs:Kafka-Promena:0:shuff:392,said,say,řekla,říci,pf
en:Kafka-Promena:0:shuff:422,cs:Kafka-Promena:0:shuff:392,leave,leave,nechat,nechat,pf
en:Kafka-Promena:0:shuff:422,cs:Kafka-Promena:0:shuff:392,leaving,leave,nechat,nechat,pf
en:Kafka-Promena:0:shuff:422,cs:Kafka-Promena:0:shuff:392,get,get,přijde,přijít,pf
en:Kafka-Promena:0:shuff:422,cs:Kafka-Promena:0:shuff:392,got,get,přijde,přijít,pf
en:Kafka-Promena:0:shuff:423,cs:Kafka-Promena:0:shuff:393,thought,think,zdá,zdát,impf
en:Kafka-Promena:0:shuff:424,cs:Kafka-Promena:0:shuff:394,sold,sell,nedaly,dát,pf
en:Kafka-Promena:0:shuff:424,cs:Kafka-Promena:0:shuff:394,sold,sell,prodat,prodat,pf
en:Kafka-Promena:0:shuff:424,cs:Kafka-Promena:0:shuff:394,discard,discard,vyhodit,vyhodit,pf
en:Kafka-Promena:0:shuff:428,cs:Kafka-Promena:0:shuff:399,held,hold,držela,držet,impf
en:Kafka-Promena:0:shuff:433,cs:Kafka-Promena:0:shuff:403,try,try,snažit,snažit,impf
en:Kafka-Promena:0:shuff:434,cs:Kafka-Promena:0:shuff:404,drive,drive,poháněl,pohánět,impf
en:Kafka-Promena:0:shuff:435,cs:Kafka-Promena:0:shuff:405,sounded,sound,neznělo,znít,impf
en:Kafka-Promena:0:shuff:441,cs:Kafka-Promena:0:shuff:410,wanted,want,chtěl,chtít,impf
en:Kafka-Promena:0:shuff:441,cs:Kafka-Promena:0:shuff:410,saying,say,odpovědět,odpovědět,pf
en:Kafka-Promena:0:shuff:441,cs:Kafka-Promena:0:shuff:410,explain,explain,vysvětlit,vysvětlit,pf
en:Kafka-Promena:0:shuff:445,cs:Kafka-Promena:0:shuff:414,see,see,hledět,hledět,impf
en:Kafka-Promena:0:shuff:445,cs:Kafka-Promena:0:shuff:414,said,say,řekla,říci,pf
en:Kafka-Promena:0:shuff:445,cs:Kafka-Promena:0:shuff:414,speaking,speak,řekla,říci,pf
en:Kafka-Promena:0:shuff:445,cs:Kafka-Promena:0:shuff:414,listen,listen,neslyšela,slyšet,impf
en:Kafka-Promena:0:shuff:445,cs:Kafka-Promena:0:shuff:414,see,see,vidím,vidět,impf
en:Kafka-Promena:0:shuff:446,cs:Kafka-Promena:0:shuff:415,work,work,pracovat,pracovat,impf
en:Kafka-Promena:0:shuff:447,cs:Kafka-Promena:0:shuff:416,endure,endure,nevydržím,vydržet,pf
en:Kafka-Promena:0:shuff:448,cs:Kafka-Promena:0:shuff:417,nodded,nod,kývli,kývnout,pf
en:Kafka-Promena:0:shuff:449,cs:Kafka-Promena:0:shuff:418,asked,ask,zeptal,zeptat,pf
en:Kafka-Promena:0:shuff:450,cs:Kafka-Promena:0:shuff:419,stood,stand,měla,mít,impf
en:Kafka-Promena:0:shuff:450,cs:Kafka-Promena:0:shuff:419,report,report,oznámí,oznámit,pf
en:Kafka-Promena:0:shuff:453,cs:Kafka-Promena:0:shuff:421,forget,forget,zapomněl,zapomenout,pf
en:Kafka-Promena:0:shuff:453,cs:Kafka-Promena:0:shuff:421,thought,think,pomyslel,pomyslet,pf
en:Kafka-Promena:0:shuff:453,cs:Kafka-Promena:0:shuff:421,sleep,sleep,spát,spát,impf
en:Kafka-Promena:0:shuff:453,cs:Kafka-Promena:0:shuff:421,sleeping,sleep,spát,spát,impf
en:Kafka-Promena:0:shuff:453,cs:Kafka-Promena:0:shuff:421,get,get,dostat,dostat,pf
en:Kafka-Promena:0:shuff:454,cs:Kafka-Promena:0:shuff:422,threw,throw,házel,házet,impf
en:Kafka-Promena:0:shuff:455,cs:Kafka-Promena:0:shuff:423,get,get,nenabudou,nabýt,pf
en:Kafka-Promena:0:shuff:457,cs:Kafka-Promena:0:shuff:425,felt,feel,Ucítil,ucítit,pf
en:Kafka-Promena:0:shuff:458,cs:Kafka-Promena:0:shuff:426,lift,lift,zvednout,zvednout,pf
en:Kafka-Promena:0:shuff:461,cs:Kafka-Promena:0:shuff:428,look,look,nahlédnout,nahlédnout,pf
en:Kafka-Promena:0:shuff:468,cs:Kafka-Promena:0:shuff:434,see,see,podívat,podívat,pf
en:Kafka-Promena:0:shuff:473,cs:Kafka-Promena:0:shuff:437,move,move,hnout,hnout,pf
en:Kafka-Promena:0:shuff:474,cs:Kafka-Promena:0:shuff:438,waited,wait,čekal,čekat,impf
en:Kafka-Promena:0:shuff:476,cs:Kafka-Promena:0:shuff:440,said,say,řekla,říci,pf
en:Kafka-Promena:0:shuff:476,cs:Kafka-Promena:0:shuff:440,hitting,hit,uhodila,uhodit,pf
en:Kafka-Promena:0:shuff:477,cs:Kafka-Promena:0:shuff:441,wanted,want,nechtěl,chtít,impf
en:Kafka-Promena:0:shuff:477,cs:Kafka-Promena:0:shuff:441,crawl,crawl,lézt,lézt,impf
en:Kafka-Promena:0:shuff:477,cs:Kafka-Promena:0:shuff:441,crawling,crawl,lézt,lézt,impf
en:Kafka-Promena:0:shuff:477,cs:Kafka-Promena:0:shuff:441,stopped,stop,přestalo,přestat,pf
en:Kafka-Promena:0:shuff:477,cs:Kafka-Promena:0:shuff:441,crawl,crawl,lézt,lézt,impf
en:Kafka-Promena:0:shuff:477,cs:Kafka-Promena:0:shuff:441,crawling,crawl,lézt,lézt,impf
en:Kafka-Promena:0:shuff:479,cs:Kafka-Promena:0:shuff:443,chose,choose,zvolil,zvolit,pf
en:Kafka-Promena:0:shuff:479,cs:Kafka-Promena:0:shuff:443,hit,hit,narazil,narazit,pf
en:Kafka-Promena:0:shuff:479,cs:Kafka-Promena:0:shuff:443,felt,feel,ucítil,ucítit,pf
en:Kafka-Promena:0:shuff:480,cs:Kafka-Promena:0:shuff:444,tried,try,Zkusil,zkusit,pf
en:Kafka-Promena:0:shuff:480,cs:Kafka-Promena:0:shuff:444,get,get,dostat,dostat,pf
en:Kafka-Promena:0:shuff:480,cs:Kafka-Promena:0:shuff:444,turning,turn,otáčel,otáčet,impf
en:Kafka-Promena:0:shuff:481,cs:Kafka-Promena:0:shuff:445,find,find,zjistit,zjistit,pf
en:Kafka-Promena:0:shuff:482,cs:Kafka-Promena:0:shuff:446,opened,open,neotevíraly,otevírat,impf
en:Kafka-Promena:0:shuff:482,cs:Kafka-Promena:0:shuff:446,waited,wait,čekal,čekat,impf
en:Kafka-Promena:0:shuff:483,cs:Kafka-Promena:0:shuff:447,found,find,našel,najít,pf
en:Kafka-Promena:0:shuff:485,cs:Kafka-Promena:0:shuff:449,slid,slide,Sklouzl,sklouznout,pf
en:Kafka-Promena:0:shuff:486,cs:Kafka-Promena:0:shuff:450,thought,think,pomyslel,pomyslet,pf
en:Kafka-Promena:0:shuff:491,cs:Kafka-Promena:0:shuff:454,said,say,řekl,říci,pf
en:Kafka-Promena:0:shuff:491,cs:Kafka-Promena:0:shuff:454,do,do,dělat,dělat,impf
en:Kafka-Promena:0:shuff:493,cs:Kafka-Promena:0:shuff:456,understand,understand,rozuměl,rozumět,impf
en:Kafka-Promena:0:shuff:493,cs:Kafka-Promena:0:shuff:456,said,say,řekl,říci,pf
en:Kafka-Promena:0:shuff:495,cs:Kafka-Promena:0:shuff:459,lifted,lift,zvedl,zvednout,pf
en:Kafka-Promena:0:shuff:496,cs:Kafka-Promena:0:shuff:460,imagined,imagine,nepředstavoval,představovat,impf
en:Kafka-Promena:0:shuff:498,cs:Kafka-Promena:0:shuff:463,make,make,vyvolá,vyvolat,pf
en:Kafka-Promena:0:shuff:498,cs:Kafka-Promena:0:shuff:463,raise,raise,vyvolá,vyvolat,pf
en:Kafka-Promena:0:shuff:500,cs:Kafka-Promena:0:shuff:465,hear,hear,zaslechl,zaslechnout,pf
en:Kafka-Promena:0:shuff:500,cs:Kafka-Promena:0:shuff:465,heard,hear,zaslechl,zaslechnout,pf
en:Kafka-Promena:0:shuff:506,cs:Kafka-Promena:0:shuff:472,touched,touch,sáhnout,sáhnout,pf
en:Kafka-Promena:0:shuff:506,cs:Kafka-Promena:0:shuff:472,set,set,uložit,uložit,pf
en:Kafka-Promena:0:shuff:507,cs:Kafka-Promena:0:shuff:473,earned,earn,vydělávat,vydělávat,impf
en:Kafka-Promena:0:shuff:510,cs:Kafka-Promena:0:shuff:476,lying,lie,ležel,ležet,impf
en:Kafka-Promena:0:shuff:512,cs:Kafka-Promena:0:shuff:478,close,close,zavřela,zavřít,pf
en:Kafka-Promena:0:shuff:512,cs:Kafka-Promena:0:shuff:478,talk,talk,vymluvila,vymluvit,pf
en:Kafka-Promena:0:shuff:513,cs:Kafka-Promena:0:shuff:479,do,do,jednat,jednat,impf
en:Kafka-Promena:0:shuff:514,cs:Kafka-Promena:0:shuff:480,remember,remember,nevzpomínal,vzpomínat,impf
en:Kafka-Promena:0:shuff:514,cs:Kafka-Promena:0:shuff:480,heard,hear,slyšel,slyšet,impf
en:Kafka-Promena:0:shuff:514,cs:Kafka-Promena:0:shuff:480,heard,hear,slyšel,slyšet,impf
en:Kafka-Promena:0:shuff:515,cs:Kafka-Promena:0:shuff:481,given,give,dal,dát,pf
en:Kafka-Promena:0:shuff:515,cs:Kafka-Promena:0:shuff:481,reading,read,četli,číst,impf
en:Kafka-Promena:0:shuff:516,cs:Kafka-Promena:0:shuff:482,went,go,šli,jít,impf
en:Kafka-Promena:0:shuff:517,cs:Kafka-Promena:0:shuff:483,thought,think,nepřemýšlela,přemýšlet,impf
en:Kafka-Promena:0:shuff:517,cs:Kafka-Promena:0:shuff:483,push,push,strčila,strčit,pf
en:Kafka-Promena:0:shuff:519,cs:Kafka-Promena:0:shuff:485,began,begin,přišla,přijít,pf
en:Kafka-Promena:0:shuff:519,cs:Kafka-Promena:0:shuff:485,earn,earn,vydělávat,vydělávat,impf
en:Kafka-Promena:0:shuff:523,cs:Kafka-Promena:0:shuff:488,turned,turn,otočila,otočit,pf
en:Kafka-Promena:0:shuff:523,cs:Kafka-Promena:0:shuff:488,stretched,stretch,protáhl,protáhnout,pf
en:Kafka-Promena:0:shuff:525,cs:Kafka-Promena:0:shuff:490,like,like,nechutnala,chutnat,impf
en:Kafka-Promena:0:shuff:525,cs:Kafka-Promena:0:shuff:490,stand,stand,nesnášel,snášet,impf
en:Kafka-Promena:0:shuff:525,cs:Kafka-Promena:0:shuff:490,eat,eat,sníst,sníst,pf
en:Kafka-Promena:0:shuff:526,cs:Kafka-Promena:0:shuff:491,lay,lay,ležel,ležet,impf
en:Kafka-Promena:0:shuff:526,cs:Kafka-Promena:0:shuff:491,turned,turn,otočila,otočit,pf
en:Kafka-Promena:0:shuff:528,cs:Kafka-Promena:0:shuff:493,believing,believe,věřili,věřit,impf
en:Kafka-Promena:0:shuff:530,cs:Kafka-Promena:0:shuff:495,gone,go,odešel,odejít,pf
en:Kafka-Promena:0:shuff:531,cs:Kafka-Promena:0:shuff:496,carry,carry,Neměli,mít,impf
en:Kafka-Promena:0:shuff:539,cs:Kafka-Promena:0:shuff:502,thought,think,pomyslel,pomyslet,pf
en:Kafka-Promena:0:shuff:541,cs:Kafka-Promena:0:shuff:504,causing,cause,působíte,působit,impf
en:Kafka-Promena:0:shuff:541,cs:Kafka-Promena:0:shuff:504,fail,fail,zanedbáváte,zanedbávat,impf
en:Kafka-Promena:0:shuff:541,cs:Kafka-Promena:0:shuff:504,fail,fail,zanedbáváte,zanedbávat,impf
en:Kafka-Promena:0:shuff:542,cs:Kafka-Promena:0:shuff:505,speaking,speak,Mluvím,mluvit,impf
en:Kafka-Promena:0:shuff:542,cs:Kafka-Promena:0:shuff:505,request,request,žádám,žádat,impf
en:Kafka-Promena:0:shuff:544,cs:Kafka-Promena:0:shuff:507,keep,keep,měli,mít,impf
en:Kafka-Promena:0:shuff:544,cs:Kafka-Promena:0:shuff:507,keep,keep,měli,mít,impf
en:Kafka-Promena:0:shuff:544,cs:Kafka-Promena:0:shuff:507,hold,hold,měli,mít,impf
en:Kafka-Promena:0:shuff:544,cs:Kafka-Promena:0:shuff:507,cried,cry,volat,volat,impf
en:Kafka-Promena:0:shuff:545,cs:Kafka-Promena:0:shuff:508,following,follow,sledují,sledovat,impf
en:Kafka-Promena:0:shuff:546,cs:Kafka-Promena:0:shuff:509,turned,turn,otáčel,otáčet,impf
en:Kafka-Promena:0:shuff:546,cs:Kafka-Promena:0:shuff:509,turned,turn,otáčel,otáčet,impf
en:Kafka-Promena:0:shuff:546,cs:Kafka-Promena:0:shuff:509,holding,hold,držel,držet,impf
en:Kafka-Promena:0:shuff:546,cs:Kafka-Promena:0:shuff:509,pushed,push,tlačil,tlačit,impf
en:Kafka-Promena:0:shuff:547,cs:Kafka-Promena:0:shuff:510,noticed,notice,pozorovala,pozorovat,impf
en:Kafka-Promena:0:shuff:547,cs:Kafka-Promena:0:shuff:510,see,see,pozorovala,pozorovat,impf
en:Kafka-Promena:0:shuff:547,cs:Kafka-Promena:0:shuff:510,needed,need,potřebuje,potřebovat,impf
en:Kafka-Promena:0:shuff:547,cs:Kafka-Promena:0:shuff:510,see,see,vidět,vidět,impf
en:Kafka-Promena:0:shuff:551,cs:Kafka-Promena:0:shuff:513,move,move,pohybovat,pohybovat,impf
en:Kafka-Promena:0:shuff:552,cs:Kafka-Promena:0:shuff:514,felt,feel,cítil,cítit,impf
en:Kafka-Promena:0:shuff:553,cs:Kafka-Promena:0:shuff:515,aching,ache,Bolelo,bolet,impf
en:Kafka-Promena:0:shuff:554,cs:Kafka-Promena:0:shuff:516,feel,feel,cítil,cítit,impf
en:Kafka-Promena:0:shuff:556,cs:Kafka-Promena:0:shuff:518,called,call,volal,volat,impf
en:Kafka-Promena:0:shuff:562,cs:Kafka-Promena:0:shuff:522,remembered,remember,Vzpomněl,vzpomenout,pf
en:Kafka-Promena:0:shuff:565,cs:Kafka-Promena:0:shuff:525,tried,try,Zkoušel,zkoušet,impf
en:Kafka-Promena:0:shuff:565,cs:Kafka-Promena:0:shuff:525,shut,shut,zavřel,zavřít,pf
en:Kafka-Promena:0:shuff:565,cs:Kafka-Promena:0:shuff:525,look,look,dívat,dívat,impf
en:Kafka-Promena:0:shuff:565,cs:Kafka-Promena:0:shuff:525,stopped,stop,přestal,přestat,pf
en:Kafka-Promena:0:shuff:565,cs:Kafka-Promena:0:shuff:525,feel,feel,ucítil,ucítit,pf
en:Kafka-Promena:0:shuff:565,cs:Kafka-Promena:0:shuff:525,felt,feel,ucítil,ucítit,pf
en:Kafka-Promena:0:shuff:565,cs:Kafka-Promena:0:shuff:525,feel,feel,nepocítil,pocítit,pf
en:Kafka-Promena:0:shuff:565,cs:Kafka-Promena:0:shuff:525,felt,feel,nepocítil,pocítit,pf
en:Kafka-Promena:0:shuff:566,cs:Kafka-Promena:0:shuff:526,thought,think,pomyslel,pomyslet,pf
en:Kafka-Promena:0:shuff:566,cs:Kafka-Promena:0:shuff:526,chosen,choose,vybral,vybrat,pf
en:Kafka-Promena:0:shuff:570,cs:Kafka-Promena:0:shuff:529,acquired,acquire,nabyla,nabýt,pf
en:Kafka-Promena:0:shuff:571,cs:Kafka-Promena:0:shuff:530,carried,carry,nosil,nosit,impf
en:Kafka-Promena:0:shuff:571,cs:Kafka-Promena:0:shuff:530,brought,bring,nosil,nosit,impf
en:Kafka-Promena:0:shuff:572,cs:Kafka-Promena:0:shuff:531,take,take,vzal,vzít,pf
en:Kafka-Promena:0:shuff:572,cs:Kafka-Promena:0:shuff:531,leave,leave,nechal,nechat,pf
en:Kafka-Promena:0:shuff:573,cs:Kafka-Promena:0:shuff:532,thought,think,myslil,myslit,impf
en:Kafka-Promena:0:shuff:575,cs:Kafka-Promena:0:shuff:534,said,say,řekl,říci,pf
en:Kafka-Promena:0:shuff:575,cs:Kafka-Promena:0:shuff:534,turning,turn,otáčí,otáčet,impf
en:Kafka-Promena:0:shuff:576,cs:Kafka-Promena:0:shuff:535,encouraged,encourage,povzbudilo,povzbudit,pf
en:Kafka-Promena:0:shuff:577,cs:Kafka-Promena:0:shuff:536,calling,call,volat,volat,impf
en:Kafka-Promena:0:shuff:579,cs:Kafka-Promena:0:shuff:538,said,say,řekl,říci,pf
en:Kafka-Promena:0:shuff:579,cs:Kafka-Promena:0:shuff:538,gazing,gaze,zíraje,zírat,impf
en:Kafka-Promena:0:shuff:579,cs:Kafka-Promena:0:shuff:538,felt,feel,pociťoval,pociťovat,impf
en:Kafka-Promena:0:shuff:581,cs:Kafka-Promena:0:shuff:540,given,give,dal,dát,pf
en:Kafka-Promena:0:shuff:581,cs:Kafka-Promena:0:shuff:540,did,do,šel,jít,impf
en:Kafka-Promena:0:shuff:581,cs:Kafka-Promena:0:shuff:540,gone,go,šel,jít,impf
en:Kafka-Promena:0:shuff:581,cs:Kafka-Promena:0:shuff:540,told,tell,řekl,říci,pf
en:Kafka-Promena:0:shuff:581,cs:Kafka-Promena:0:shuff:540,tell,tell,řekl,říci,pf
en:Kafka-Promena:0:shuff:581,cs:Kafka-Promena:0:shuff:540,think,think,myslím,myslet,impf
en:Kafka-Promena:0:shuff:581,cs:Kafka-Promena:0:shuff:540,think,think,myslím,myslet,impf
en:Kafka-Promena:0:shuff:582,cs:Kafka-Promena:0:shuff:541,fall,fall,spadl,spadnout,pf
en:Kafka-Promena:0:shuff:583,cs:Kafka-Promena:0:shuff:542,insist,insist,trval,trvat,impf
en:Kafka-Promena:0:shuff:583,cs:Kafka-Promena:0:shuff:542,staying,stay,zůstane,zůstat,pf
en:Kafka-Promena:0:shuff:583,cs:Kafka-Promena:0:shuff:542,fell,fall,usnul,usnout,pf
en:Kafka-Promena:0:shuff:583,cs:Kafka-Promena:0:shuff:542,exchange,exchange,vyměnil,vyměnit,pf
en:Kafka-Promena:0:shuff:584,cs:Kafka-Promena:0:shuff:543,keep,keep,měl,mít,impf
en:Kafka-Promena:0:shuff:586,cs:Kafka-Promena:0:shuff:545,understand,understand,rozuměl,rozumět,impf
en:Kafka-Promena:0:shuff:586,cs:Kafka-Promena:0:shuff:545,repeated,repeat,opakoval,opakovat,impf
en:Kafka-Promena:0:shuff:586,cs:Kafka-Promena:0:shuff:545,closing,close,dohodnout,dohodnout,pf
en:Kafka-Promena:0:shuff:588,cs:Kafka-Promena:0:shuff:547,shouted,shout,zvolala,zvolat,pf
en:Kafka-Promena:0:shuff:590,cs:Kafka-Promena:0:shuff:549,thought,think,myslel,myslet,impf
en:Kafka-Promena:0:shuff:591,cs:Kafka-Promena:0:shuff:550,hit,hit,uhodil,uhodit,pf
en:Kafka-Promena:0:shuff:592,cs:Kafka-Promena:0:shuff:551,turned,turn,kroutil,kroutit,impf
en:Kafka-Promena:0:shuff:592,cs:Kafka-Promena:0:shuff:551,rubbed,rub,třel,třít,impf
en:Kafka-Promena:0:shuff:593,cs:Kafka-Promena:0:shuff:552,fallen,fall,spadlo,spadnout,pf
en:Kafka-Promena:0:shuff:593,cs:Kafka-Promena:0:shuff:552,said,say,řekl,říci,pf
en:Kafka-Promena:0:shuff:594,cs:Kafka-Promena:0:shuff:553,tried,try,zkoušel,zkoušet,impf
en:Kafka-Promena:0:shuff:594,cs:Kafka-Promena:0:shuff:553,imagine,imagine,představit,představit,pf
en:Kafka-Promena:0:shuff:595,cs:Kafka-Promena:0:shuff:554,concede,concede,připustit,připustit,pf
en:Kafka-Promena:0:shuff:599,cs:Kafka-Promena:0:shuff:557,forgetting,forget,zapomínal,zapomínat,impf
en:Kafka-Promena:0:shuff:601,cs:Kafka-Promena:0:shuff:559,stay,stay,zůstat,zůstat,pf
en:Kafka-Promena:0:shuff:602,cs:Kafka-Promena:0:shuff:560,gets,get,dostane,dostat,pf
en:Kafka-Promena:0:shuff:602,cs:Kafka-Promena:0:shuff:560,received,receive,dostane,dostat,pf
en:Kafka-Promena:0:shuff:602,cs:Kafka-Promena:0:shuff:560,gained,gain,dostane,dostat,pf
en:Kafka-Promena:0:shuff:602,cs:Kafka-Promena:0:shuff:560,said,say,řekl,říci,pf
en:Kafka-Promena:0:shuff:602,cs:Kafka-Promena:0:shuff:560,said,say,neodpověděly,odpovědět,pf
en:Kafka-Promena:0:shuff:602,cs:Kafka-Promena:0:shuff:560,seemed,seem,zdálo,zdát,impf
en:Kafka-Promena:0:shuff:603,cs:Kafka-Promena:0:shuff:561,went,go,odešly,odejít,pf
en:Kafka-Promena:0:shuff:603,cs:Kafka-Promena:0:shuff:561,got,get,zůstaly,zůstat,pf
en:Kafka-Promena:0:shuff:603,cs:Kafka-Promena:0:shuff:561,remained,remain,zůstaly,zůstat,pf
en:Kafka-Promena:0:shuff:604,cs:Kafka-Promena:0:shuff:562,watching,watch,pozoroval,pozorovat,impf
en:Kafka-Promena:0:shuff:605,cs:Kafka-Promena:0:shuff:563,called,call,zvolal,zvolat,pf
en:Kafka-Promena:0:shuff:606,cs:Kafka-Promena:0:shuff:564,Come,come,pojďte,jít,impf
en:Kafka-Promena:0:shuff:607,cs:Kafka-Promena:0:shuff:565,Let,let,Nechte,nechat,pf
en:Kafka-Promena:0:shuff:608,cs:Kafka-Promena:0:shuff:566,open,open,otevřít,otevřít,pf
en:Kafka-Promena:0:shuff:608,cs:Kafka-Promena:0:shuff:566,want,want,nechtěl,chtít,impf
en:Kafka-Promena:0:shuff:608,cs:Kafka-Promena:0:shuff:566,stay,stay,zůstat,zůstat,pf
en:Kafka-Promena:0:shuff:609,cs:Kafka-Promena:0:shuff:567,wait,wait,čekat,čekat,impf
en:Kafka-Promena:0:shuff:610,cs:Kafka-Promena:0:shuff:568,crawl,crawl,lézt,lézt,impf
en:Kafka-Promena:0:shuff:610,cs:Kafka-Promena:0:shuff:568,crawled,crawl,lézt,lézt,impf
en:Kafka-Promena:0:shuff:610,cs:Kafka-Promena:0:shuff:568,began,begin,začal,začít,pf
en:Kafka-Promena:0:shuff:610,cs:Kafka-Promena:0:shuff:568,began,begin,začal,začít,pf
en:Kafka-Promena:0:shuff:610,cs:Kafka-Promena:0:shuff:568,spin,spin,točit,točit,impf
en:Kafka-Promena:0:shuff:611,cs:Kafka-Promena:0:shuff:569,seen,see,vidět,vidět,impf
en:Kafka-Promena:0:shuff:611,cs:Kafka-Promena:0:shuff:569,lifted,lift,nezvedaly,zvedat,impf
en:Kafka-Promena:0:shuff:612,cs:Kafka-Promena:0:shuff:570,come,come,Pojď,jít,impf
en:Kafka-Promena:0:shuff:612,cs:Kafka-Promena:0:shuff:570,said,say,řekla,říci,pf
en:Kafka-Promena:0:shuff:612,cs:Kafka-Promena:0:shuff:570,come,come,šla,jít,impf
en:Kafka-Promena:0:shuff:614,cs:Kafka-Promena:0:shuff:571,left,leave,nechala,nechat,pf
en:Kafka-Promena:0:shuff:614,cs:Kafka-Promena:0:shuff:571,remained,remain,zůstaly,zůstat,pf
en:Kafka-Promena:0:shuff:615,cs:Kafka-Promena:0:shuff:572,sat,sit,Posadili,posadit,pf
en:Kafka-Promena:0:shuff:615,cs:Kafka-Promena:0:shuff:572,taken,take,vzali,vzít,pf
en:Kafka-Promena:0:shuff:615,cs:Kafka-Promena:0:shuff:572,picked,pick,vzali,vzít,pf
en:Kafka-Promena:0:shuff:617,cs:Kafka-Promena:0:shuff:574,waiting,wait,čekala,čekat,impf
en:Kafka-Promena:0:shuff:617,cs:Kafka-Promena:0:shuff:574,heard,hear,neslyšel,slyšet,impf
en:Kafka-Promena:0:shuff:617,cs:Kafka-Promena:0:shuff:574,turned,turn,otáčejíc,otáčet,impf
en:Kafka-Promena:0:shuff:618,cs:Kafka-Promena:0:shuff:575,asked,ask,zeptal,zeptat,pf
en:Kafka-Promena:0:shuff:619,cs:Kafka-Promena:0:shuff:576,move,move,hnout,hnout,pf
en:Kafka-Promena:0:shuff:621,cs:Kafka-Promena:0:shuff:579,forgot,forget,zapomněl,zapomenout,pf
en:Kafka-Promena:0:shuff:623,cs:Kafka-Promena:0:shuff:581,waited,wait,čekali,čekat,impf
en:Kafka-Promena:0:shuff:625,cs:Kafka-Promena:0:shuff:583,prepared,prepare,chystala,chystat,impf
en:Kafka-Promena:0:shuff:626,cs:Kafka-Promena:0:shuff:584,dare,dare,netroufali,troufat,impf
en:Kafka-Promena:0:shuff:626,cs:Kafka-Promena:0:shuff:584,sit,sit,sednout,sednout,pf
en:Kafka-Promena:0:shuff:627,cs:Kafka-Promena:0:shuff:585,lying,lie,ležet,ležet,impf
en:Kafka-Promena:0:shuff:628,cs:Kafka-Promena:0:shuff:586,breathe,breathe,dýchalo,dýchat,impf
en:Kafka-Promena:0:shuff:633,cs:Kafka-Promena:0:shuff:592,hanging,hang,visí,viset,impf
en:Kafka-Promena:0:shuff:634,cs:Kafka-Promena:0:shuff:593,see,see,uvidíte,uvidět,pf
en:Kafka-Promena:0:shuff:634,cs:Kafka-Promena:0:shuff:593,opens,open,otevře,otevřít,pf
en:Kafka-Promena:0:shuff:636,cs:Kafka-Promena:0:shuff:595,get,get,nepřiměli,přimět,pf
en:Kafka-Promena:0:shuff:636,cs:Kafka-Promena:0:shuff:595,open,open,otevřel,otevřít,pf
en:Kafka-Promena:0:shuff:642,cs:Kafka-Promena:0:shuff:601,sew,sew,šila,šít,impf
en:Kafka-Promena:0:shuff:643,cs:Kafka-Promena:0:shuff:602,do,do,nedělaly,dělat,impf
en:Kafka-Promena:0:shuff:643,cs:Kafka-Promena:0:shuff:602,allow,allow,nesmí,smět,impf
en:Kafka-Promena:0:shuff:644,cs:Kafka-Promena:0:shuff:603,called,call,zvolal,zvolat,pf
en:Kafka-Promena:0:shuff:644,cs:Kafka-Promena:0:shuff:603,forgetting,forget,zapomněl,zapomenout,pf
en:Kafka-Promena:0:shuff:644,cs:Kafka-Promena:0:shuff:603,open,open,otevřu,otevřít,pf
en:Kafka-Promena:0:shuff:651,cs:Kafka-Promena:0:shuff:608,dominated,dominate,vládnout,vládnout,impf
en:Kafka-Promena:0:shuff:651,cs:Kafka-Promena:0:shuff:608,dare,dare,netroufl,troufnout,pf
en:Kafka-Promena:0:shuff:651,cs:Kafka-Promena:0:shuff:608,enter,enter,vstoupit,vstoupit,pf
en:Kafka-Promena:0:shuff:654,cs:Kafka-Promena:0:shuff:610,stay,stay,zůstat,zůstat,pf
en:Kafka-Promena:0:shuff:657,cs:Kafka-Promena:0:shuff:612,eat,eat,nejedl,jíst,impf
en:Kafka-Promena:0:shuff:657,cs:Kafka-Promena:0:shuff:612,turned,turn,otočila,otočit,pf
en:Kafka-Promena:0:shuff:657,cs:Kafka-Promena:0:shuff:612,make,make,pochopil,pochopit,pf
en:Kafka-Promena:0:shuff:657,cs:Kafka-Promena:0:shuff:612,make,make,udělat,udělat,pf
en:Kafka-Promena:0:shuff:657,cs:Kafka-Promena:0:shuff:612,liked,like,chce,chtít,impf
en:Kafka-Promena:0:shuff:661,cs:Kafka-Promena:0:shuff:615,tolerate,tolerate,nesnášeli,snášet,impf
en:Kafka-Promena:0:shuff:662,cs:Kafka-Promena:0:shuff:616,brought,bring,přivezli,přivézt,pf
en:Kafka-Promena:0:shuff:663,cs:Kafka-Promena:0:shuff:617,called,call,volal,volat,impf
en:Kafka-Promena:0:shuff:670,cs:Kafka-Promena:0:shuff:624,need,need,Potřebuješ,potřebovat,impf
en:Kafka-Promena:0:shuff:671,cs:Kafka-Promena:0:shuff:625,answered,answer,odpověděl,odpovědět,pf
en:Kafka-Promena:0:shuff:672,cs:Kafka-Promena:0:shuff:626,enunciating,enunciate,vyslovovat,vyslovovat,impf
en:Kafka-Promena:0:shuff:672,cs:Kafka-Promena:0:shuff:626,remove,remove,zbavit,zbavit,pf
en:Kafka-Promena:0:shuff:677,cs:Kafka-Promena:0:shuff:630,saying,say,říká,říkat,impf
en:Kafka-Promena:0:shuff:678,cs:Kafka-Promena:0:shuff:631,understand,understand,Rozuměli,rozumět,impf
en:Kafka-Promena:0:shuff:678,cs:Kafka-Promena:0:shuff:631,asked,ask,ptal,ptát,impf
en:Kafka-Promena:0:shuff:678,cs:Kafka-Promena:0:shuff:631,Did,do,nedělá,dělat,impf
en:Kafka-Promena:0:shuff:678,cs:Kafka-Promena:0:shuff:631,make,make,nedělá,dělat,impf
en:Kafka-Promena:0:shuff:679,cs:Kafka-Promena:0:shuff:632,called,call,zvolala,zvolat,pf
en:Kafka-Promena:0:shuff:681,cs:Kafka-Promena:0:shuff:634,cried,cry,zvolala,zvolat,pf
en:Kafka-Promena:0:shuff:682,cs:Kafka-Promena:0:shuff:635,leant,lean,opřel,opřít,pf
en:Kafka-Promena:0:shuff:683,cs:Kafka-Promena:0:shuff:636,offered,offer,nabídl,nabídnout,pf
en:Kafka-Promena:0:shuff:683,cs:Kafka-Promena:0:shuff:636,leaving,leave,nechala,nechat,pf
en:Kafka-Promena:0:shuff:683,cs:Kafka-Promena:0:shuff:636,placed,place,postavil,postavit,pf
en:Kafka-Promena:0:shuff:683,cs:Kafka-Promena:0:shuff:636,sat,sit,seděla,sedět,impf
en:Kafka-Promena:0:shuff:684,cs:Kafka-Promena:0:shuff:637,began,begin,začala,začít,pf
en:Kafka-Promena:0:shuff:684,cs:Kafka-Promena:0:shuff:637,play,play,hrát,hrát,impf
en:Kafka-Promena:0:shuff:686,cs:Kafka-Promena:0:shuff:639,came,come,přišla,přijít,pf
en:Kafka-Promena:0:shuff:687,cs:Kafka-Promena:0:shuff:640,mean,mean,Myslím,myslet,impf
en:Kafka-Promena:0:shuff:687,cs:Kafka-Promena:0:shuff:640,said,say,říkám,říkat,impf
en:Kafka-Promena:0:shuff:687,cs:Kafka-Promena:0:shuff:640,said,say,odpověděl,odpovědět,pf
en:Kafka-Promena:0:shuff:687,cs:Kafka-Promena:0:shuff:640,answered,answer,odpověděl,odpovědět,pf
en:Kafka-Promena:0:shuff:688,cs:Kafka-Promena:0:shuff:641,looking,look,díval,dívat,impf
en:Kafka-Promena:0:shuff:689,cs:Kafka-Promena:0:shuff:642,go,go,půjdeme,jít,impf
en:Kafka-Promena:0:shuff:689,cs:Kafka-Promena:0:shuff:642,said,say,řekl,říci,pf
en:Kafka-Promena:0:shuff:690,cs:Kafka-Promena:0:shuff:643,taken,take,přijala,přijmout,pf
en:Kafka-Promena:0:shuff:690,cs:Kafka-Promena:0:shuff:643,learned,learn,učila,učit,impf
en:Kafka-Promena:0:shuff:690,cs:Kafka-Promena:0:shuff:643,taken,take,dostala,dostat,pf
en:Kafka-Promena:0:shuff:690,cs:Kafka-Promena:0:shuff:643,get,get,dostala,dostat,pf
en:Kafka-Promena:0:shuff:698,cs:Kafka-Promena:0:shuff:650,stay,stay,zůstane,zůstat,pf
en:Kafka-Promena:0:shuff:699,cs:Kafka-Promena:0:shuff:651,remind,remind,připomínal,připomínat,impf
en:Kafka-Promena:0:shuff:700,cs:Kafka-Promena:0:shuff:652,offer,offer,skýtal,skýtat,impf
en:Kafka-Promena:0:shuff:702,cs:Kafka-Promena:0:shuff:654,fell,fall,spadla,spadnout,pf
en:Kafka-Promena:0:shuff:705,cs:Kafka-Promena:0:shuff:657,control,control,ovládat,ovládat,impf
en:Kafka-Promena:0:shuff:706,cs:Kafka-Promena:0:shuff:658,wanted,want,Chtěl,chtít,impf
en:Kafka-Promena:0:shuff:706,cs:Kafka-Promena:0:shuff:658,bend,bend,pokrčit,pokrčit,pf
en:Kafka-Promena:0:shuff:710,cs:Kafka-Promena:0:shuff:662,noticed,notice,nepovšiml,povšimnout,pf
en:Kafka-Promena:0:shuff:711,cs:Kafka-Promena:0:shuff:663,preoccupied,preoccupy,zaujata,zaujmout,pf
en:Kafka-Promena:0:shuff:713,cs:Kafka-Promena:0:shuff:665,saying,say,říká,říkat,impf
en:Kafka-Promena:0:shuff:713,cs:Kafka-Promena:0:shuff:665,made,make,získal,získat,pf
en:Kafka-Promena:0:shuff:713,cs:Kafka-Promena:0:shuff:665,get,get,získal,získat,pf
en:Kafka-Promena:0:shuff:713,cs:Kafka-Promena:0:shuff:665,tried,try,pokoušel,pokoušet,impf
en:Kafka-Promena:0:shuff:714,cs:Kafka-Promena:0:shuff:666,think,think,neměl,mít,impf
en:Kafka-Promena:0:shuff:714,cs:Kafka-Promena:0:shuff:666,think,think,měl,mít,impf
en:Kafka-Promena:0:shuff:714,cs:Kafka-Promena:0:shuff:666,get,get,dostat,dostat,pf
en:Kafka-Promena:0:shuff:714,cs:Kafka-Promena:0:shuff:666,take,take,dostat,dostat,pf
en:Kafka-Promena:0:shuff:714,cs:Kafka-Promena:0:shuff:666,take,take,vzít,vzít,pf
en:Kafka-Promena:0:shuff:714,cs:Kafka-Promena:0:shuff:666,think,think,nemá,mít,impf
en:Kafka-Promena:0:shuff:718,cs:Kafka-Promena:0:shuff:669,remained,remain,zůstala,zůstat,pf
en:Kafka-Promena:0:shuff:721,cs:Kafka-Promena:0:shuff:672,holding,hold,držela,držet,impf
en:Kafka-Promena:0:shuff:723,cs:Kafka-Promena:0:shuff:675,wanting,want,chtěla,chtít,impf
en:Kafka-Promena:0:shuff:723,cs:Kafka-Promena:0:shuff:675,hear,hear,zaslechl,zaslechnout,pf
en:Kafka-Promena:0:shuff:723,cs:Kafka-Promena:0:shuff:675,understand,understand,nerozumí,rozumět,impf
en:Kafka-Promena:0:shuff:723,cs:Kafka-Promena:0:shuff:675,convinced,convince,přesvědčena,přesvědčit,pf
en:Kafka-Promena:0:shuff:723,cs:Kafka-Promena:0:shuff:675,given,give,dávali,dávat,impf
en:Kafka-Promena:0:shuff:725,cs:Kafka-Promena:0:shuff:677,keeping,keep,držel,držet,impf
en:Kafka-Promena:0:shuff:730,cs:Kafka-Promena:0:shuff:682,hung,hang,visel,viset,impf
en:Kafka-Promena:0:shuff:730,cs:Kafka-Promena:0:shuff:682,dressed,dress,oblečen,obléci,pf
en:Kafka-Promena:0:shuff:730,cs:Kafka-Promena:0:shuff:682,slumber,slumber,spal,spát,impf
en:Kafka-Promena:0:shuff:732,cs:Kafka-Promena:0:shuff:683,took,take,vzal,vzít,pf
en:Kafka-Promena:0:shuff:733,cs:Kafka-Promena:0:shuff:684,fell,fall,klesl,klesnout,pf
en:Kafka-Promena:0:shuff:734,cs:Kafka-Promena:0:shuff:685,stretching,stretch,natáhnout,natáhnout,pf
en:Kafka-Promena:0:shuff:734,cs:Kafka-Promena:0:shuff:685,sleeping,sleep,nespí,spát,impf
en:Kafka-Promena:0:shuff:735,cs:Kafka-Promena:0:shuff:686,lain,lie,ležet,ležet,impf
en:Kafka-Promena:0:shuff:736,cs:Kafka-Promena:0:shuff:687,describing,describe,popisovat,popisovat,impf
en:Kafka-Promena:0:shuff:738,cs:Kafka-Promena:0:shuff:690,smiled,smile,usmál,usmát,pf
en:Kafka-Promena:0:shuff:739,cs:Kafka-Promena:0:shuff:691,think,think,považoval,považovat,impf
en:Kafka-Promena:0:shuff:739,cs:Kafka-Promena:0:shuff:691,think,think,považoval,považovat,impf
en:Kafka-Promena:0:shuff:740,cs:Kafka-Promena:0:shuff:692,disappointed,disappoint,zklamali,zklamat,pf
en:Kafka-Promena:0:shuff:740,cs:Kafka-Promena:0:shuff:692,disturbed,disturb,rušit,rušit,impf
en:Kafka-Promena:0:shuff:742,cs:Kafka-Promena:0:shuff:694,playing,play,hrála,hrát,impf
en:Kafka-Promena:0:shuff:743,cs:Kafka-Promena:0:shuff:695,following,follow,sledovaly,sledovat,impf
en:Kafka-Promena:0:shuff:744,cs:Kafka-Promena:0:shuff:696,freed,free,zbavit,zbavit,pf
en:Kafka-Promena:0:shuff:747,cs:Kafka-Promena:0:shuff:699,think,think,Nemají,mít,impf
en:Kafka-Promena:0:shuff:747,cs:Kafka-Promena:0:shuff:699,think,think,zamýšleli,zamýšlet,impf
en:Kafka-Promena:0:shuff:751,cs:Kafka-Promena:0:shuff:704,think,think,myslí,myslet,impf
en:Kafka-Promena:0:shuff:751,cs:Kafka-Promena:0:shuff:704,staying,stay,zůstávat,zůstávat,impf
en:Kafka-Promena:0:shuff:754,cs:Kafka-Promena:0:shuff:708,said,say,neřekl,říci,pf
en:Kafka-Promena:0:shuff:755,cs:Kafka-Promena:0:shuff:709,read,read,nečetl,číst,impf
en:Kafka-Promena:0:shuff:755,cs:Kafka-Promena:0:shuff:709,sent,send,posílal,posílat,impf
en:Kafka-Promena:0:shuff:760,cs:Kafka-Promena:0:shuff:714,left,leave,vyjeli,vyjet,pf
en:Kafka-Promena:0:shuff:762,cs:Kafka-Promena:0:shuff:716,did,do,Neudělá,udělat,pf
en:Kafka-Promena:0:shuff:762,cs:Kafka-Promena:0:shuff:716,do,do,Neudělá,udělat,pf
en:Kafka-Promena:0:shuff:762,cs:Kafka-Promena:0:shuff:716,did,do,Neudělá,udělat,pf
en:Kafka-Promena:0:shuff:762,cs:Kafka-Promena:0:shuff:716,feel,feel,cítil,cítit,impf
en:Kafka-Promena:0:shuff:762,cs:Kafka-Promena:0:shuff:716,throw,throw,vrhnout,vrhnout,pf
en:Kafka-Promena:0:shuff:771,cs:Kafka-Promena:0:shuff:724,lay,lie,spočíval,spočívat,impf
en:Kafka-Promena:0:shuff:772,cs:Kafka-Promena:0:shuff:725,spread,spread,rozložena,rozložit,pf
en:Kafka-Promena:0:shuff:772,cs:Kafka-Promena:0:shuff:725,hung,hang,visel,viset,impf
en:Kafka-Promena:0:shuff:773,cs:Kafka-Promena:0:shuff:726,fitted,fit,sedí,sedět,impf
en:Kafka-Promena:0:shuff:773,cs:Kafka-Promena:0:shuff:726,sat,sit,sedí,sedět,impf
en:Kafka-Promena:0:shuff:774,cs:Kafka-Promena:0:shuff:727,put,put,postavili,postavit,pf
en:Kafka-Promena:0:shuff:774,cs:Kafka-Promena:0:shuff:727,stand,stand,postavili,postavit,pf
en:Kafka-Promena:0:shuff:774,cs:Kafka-Promena:0:shuff:727,look,look,dívat,dívat,impf
en:Kafka-Promena:0:shuff:774,cs:Kafka-Promena:0:shuff:727,disturbed,disturb,rušilo,rušit,impf
en:Kafka-Promena:0:shuff:774,cs:Kafka-Promena:0:shuff:727,withdrew,withdraw,ustoupili,ustoupit,pf
en:Kafka-Promena:0:shuff:774,cs:Kafka-Promena:0:shuff:727,stayed,stay,zůstali,zůstat,pf
en:Kafka-Promena:0:shuff:774,cs:Kafka-Promena:0:shuff:727,observed,observe,pozoroval,pozorovat,impf
en:Kafka-Promena:0:shuff:775,cs:Kafka-Promena:0:shuff:728,turn,turn,otočit,otočit,pf
en:Kafka-Promena:0:shuff:775,cs:Kafka-Promena:0:shuff:728,want,want,nechtěl,chtít,impf
en:Kafka-Promena:0:shuff:776,cs:Kafka-Promena:0:shuff:729,helped,help,nepomohla,pomoci,pf
en:Kafka-Promena:0:shuff:776,cs:Kafka-Promena:0:shuff:729,allowed,allow,smí,smět,impf
en:Kafka-Promena:0:shuff:776,cs:Kafka-Promena:0:shuff:729,locked,lock,zamykat,zamykat,impf
en:Kafka-Promena:0:shuff:776,cs:Kafka-Promena:0:shuff:729,open,open,otevře,otevřít,pf
en:Kafka-Promena:0:shuff:786,cs:Kafka-Promena:0:shuff:737,opened,open,otevřely,otevřít,pf
en:Kafka-Promena:0:shuff:788,cs:Kafka-Promena:0:shuff:739,came,come,přišla,přijít,pf
en:Kafka-Promena:0:shuff:788,cs:Kafka-Promena:0:shuff:739,arrived,arrive,přišla,přijít,pf
en:Kafka-Promena:0:shuff:788,cs:Kafka-Promena:0:shuff:739,asked,ask,prosili,prosit,impf
en:Kafka-Promena:0:shuff:788,cs:Kafka-Promena:0:shuff:739,did,do,nedělala,dělat,impf
en:Kafka-Promena:0:shuff:788,cs:Kafka-Promena:0:shuff:739,made,make,nedělala,dělat,impf
en:Kafka-Promena:0:shuff:788,cs:Kafka-Promena:0:shuff:739,came,come,přišla,přijít,pf
en:Kafka-Promena:0:shuff:788,cs:Kafka-Promena:0:shuff:739,arrived,arrive,přišla,přijít,pf
en:Kafka-Promena:0:shuff:788,cs:Kafka-Promena:0:shuff:739,sleep,sleep,spát,spát,impf
en:Kafka-Promena:0:shuff:788,cs:Kafka-Promena:0:shuff:739,found,find,neshledala,shledat,pf
en:Kafka-Promena:0:shuff:789,cs:Kafka-Promena:0:shuff:740,thought,think,Myslela,myslet,impf
en:Kafka-Promena:0:shuff:789,cs:Kafka-Promena:0:shuff:740,laying,lay,leží,ležet,impf
en:Kafka-Promena:0:shuff:789,cs:Kafka-Promena:0:shuff:740,playing,play,hraje,hrát,impf
en:Kafka-Promena:0:shuff:792,cs:Kafka-Promena:0:shuff:743,saved,save,zachránil,zachránit,pf
en:Kafka-Promena:0:shuff:792,cs:Kafka-Promena:0:shuff:743,took,take,přinesl,přinést,pf
en:Kafka-Promena:0:shuff:793,cs:Kafka-Promena:0:shuff:744,heard,hear,slyšet,slyšet,impf
en:Kafka-Promena:0:shuff:793,cs:Kafka-Promena:0:shuff:744,taken,take,vyndal,vyndat,pf
en:Kafka-Promena:0:shuff:793,cs:Kafka-Promena:0:shuff:744,wanted,want,hledal,hledat,impf
en:Kafka-Promena:0:shuff:794,cs:Kafka-Promena:0:shuff:745,distinguish,distinguish,neodlišoval,odlišovat,impf
en:Kafka-Promena:0:shuff:794,cs:Kafka-Promena:0:shuff:745,expected,expect,čekal,čekat,impf
en:Kafka-Promena:0:shuff:795,cs:Kafka-Promena:0:shuff:746,make,make,provést,provést,pf
en:Kafka-Promena:0:shuff:795,cs:Kafka-Promena:0:shuff:746,do,do,provést,provést,pf
en:Kafka-Promena:0:shuff:795,cs:Kafka-Promena:0:shuff:746,sound,sound,zněl,znít,impf
en:Kafka-Promena:0:shuff:795,cs:Kafka-Promena:0:shuff:746,judge,judge,posoudit,posoudit,pf
en:Kafka-Promena:0:shuff:796,cs:Kafka-Promena:0:shuff:747,Leant,lean,opřeni,opřít,pf
en:Kafka-Promena:0:shuff:796,cs:Kafka-Promena:0:shuff:747,asked,ask,nezeptali,zeptat,pf
en:Kafka-Promena:0:shuff:796,cs:Kafka-Promena:0:shuff:747,held,hold,mají,mít,impf
en:Kafka-Promena:0:shuff:798,cs:Kafka-Promena:0:shuff:749,seemed,seem,zdálo,zdát,impf
en:Kafka-Promena:0:shuff:798,cs:Kafka-Promena:0:shuff:749,leave,leave,nechali,nechat,pf
en:Kafka-Promena:0:shuff:798,cs:Kafka-Promena:0:shuff:749,disturbing,disturb,nerušili,rušit,impf
en:Kafka-Promena:0:shuff:799,cs:Kafka-Promena:0:shuff:750,excuse,excuse,omlouvala,omlouvat,impf
en:Kafka-Promena:0:shuff:800,cs:Kafka-Promena:0:shuff:751,called,call,zvolal,zvolat,pf
en:Kafka-Promena:0:shuff:802,cs:Kafka-Promena:0:shuff:754,test,test,vyzkoušela,vyzkoušet,pf
en:Kafka-Promena:0:shuff:802,cs:Kafka-Promena:0:shuff:754,brought,bring,přinesla,přinést,pf
en:Kafka-Promena:0:shuff:809,cs:Kafka-Promena:0:shuff:763,think,think,myslí,myslet,impf
en:Kafka-Promena:0:shuff:809,cs:Kafka-Promena:0:shuff:763,earn,earn,vydělává,vydělávat,impf
en:Kafka-Promena:0:shuff:812,cs:Kafka-Promena:0:shuff:765,called,call,vyžaduje,vyžadovat,impf
en:Kafka-Promena:0:shuff:815,cs:Kafka-Promena:0:shuff:767,listening,listen,poslouchat,poslouchat,impf
en:Kafka-Promena:0:shuff:815,cs:Kafka-Promena:0:shuff:767,heard,hear,poslouchat,poslouchat,impf
en:Kafka-Promena:0:shuff:815,cs:Kafka-Promena:0:shuff:767,caused,cause,způsobil,způsobit,pf
en:Kafka-Promena:0:shuff:815,cs:Kafka-Promena:0:shuff:767,listening,listen,slyšet,slyšet,impf
en:Kafka-Promena:0:shuff:815,cs:Kafka-Promena:0:shuff:767,heard,hear,slyšet,slyšet,impf
en:Kafka-Promena:0:shuff:816,cs:Kafka-Promena:0:shuff:768,say,say,řekl,říci,pf
en:Kafka-Promena:0:shuff:819,cs:Kafka-Promena:0:shuff:771,remained,remain,setrval,setrvat,pf
en:Kafka-Promena:0:shuff:820,cs:Kafka-Promena:0:shuff:772,began,begin,počalo,počít,pf
en:Kafka-Promena:0:shuff:824,cs:Kafka-Promena:0:shuff:775,mean,mean,myslíte,myslet,impf
en:Kafka-Promena:0:shuff:824,cs:Kafka-Promena:0:shuff:775,asked,ask,zeptal,zeptat,pf
en:Kafka-Promena:0:shuff:824,cs:Kafka-Promena:0:shuff:775,smiled,smile,usmál,usmát,pf
en:Kafka-Promena:0:shuff:825,cs:Kafka-Promena:0:shuff:776,held,hold,drželi,držet,impf
en:Kafka-Promena:0:shuff:826,cs:Kafka-Promena:0:shuff:777,earned,earn,vydělával,vydělávat,impf
en:Kafka-Promena:0:shuff:826,cs:Kafka-Promena:0:shuff:777,earned,earn,nést,nést,impf
en:Kafka-Promena:0:shuff:826,cs:Kafka-Promena:0:shuff:777,bear,bear,nést,nést,impf
en:Kafka-Promena:0:shuff:826,cs:Kafka-Promena:0:shuff:777,bear,bear,nést,nést,impf
en:Kafka-Promena:0:shuff:826,cs:Kafka-Promena:0:shuff:777,earned,earn,nesl,nést,impf
en:Kafka-Promena:0:shuff:826,cs:Kafka-Promena:0:shuff:777,bear,bear,nesl,nést,impf
en:Kafka-Promena:0:shuff:826,cs:Kafka-Promena:0:shuff:777,bear,bear,nesl,nést,impf
en:Kafka-Promena:0:shuff:827,cs:Kafka-Promena:0:shuff:778,took,take,přijímali,přijímat,impf
en:Kafka-Promena:0:shuff:830,cs:Kafka-Promena:0:shuff:780,do,do,provést,provést,pf
en:Kafka-Promena:0:shuff:830,cs:Kafka-Promena:0:shuff:780,wanted,want,chtěl,chtít,impf
en:Kafka-Promena:0:shuff:831,cs:Kafka-Promena:0:shuff:781,said,say,řekl,říci,pf
en:Kafka-Promena:0:shuff:832,cs:Kafka-Promena:0:shuff:782,finished,finish,dokončil,dokončit,pf
en:Kafka-Promena:0:shuff:833,cs:Kafka-Promena:0:shuff:783,separated,separate,dělila,dělit,impf
en:Kafka-Promena:0:shuff:833,cs:Kafka-Promena:0:shuff:783,understand,understand,nechápal,chápat,impf
en:Kafka-Promena:0:shuff:833,cs:Kafka-Promena:0:shuff:783,noticing,notice,pozoroval,pozorovat,impf
en:Kafka-Promena:0:shuff:834,cs:Kafka-Promena:0:shuff:784,crawling,crawl,lezl,lézt,impf
en:Kafka-Promena:0:shuff:834,cs:Kafka-Promena:0:shuff:784,noticed,notice,všiml,všimnout,pf
en:Kafka-Promena:0:shuff:835,cs:Kafka-Promena:0:shuff:785,move,move,přestěhovat,přestěhovat,pf
en:Kafka-Promena:0:shuff:835,cs:Kafka-Promena:0:shuff:785,transferring,transfer,přestěhovat,přestěhovat,pf
en:Kafka-Promena:0:shuff:836,cs:Kafka-Promena:0:shuff:786,see,see,viděl,vidět,impf
en:Kafka-Promena:0:shuff:836,cs:Kafka-Promena:0:shuff:786,transport,transport,přepravit,přepravit,pf
en:Kafka-Promena:0:shuff:837,cs:Kafka-Promena:0:shuff:787,leave,leave,nechávala,nechávat,impf
en:Kafka-Promena:0:shuff:837,cs:Kafka-Promena:0:shuff:787,help,help,pomáhala,pomáhat,impf
en:Kafka-Promena:0:shuff:839,cs:Kafka-Promena:0:shuff:789,took,take,vzaly,vzít,pf
en:Kafka-Promena:0:shuff:839,cs:Kafka-Promena:0:shuff:789,open,open,otevřel,otevřít,pf
en:Kafka-Promena:0:shuff:839,cs:Kafka-Promena:0:shuff:789,look,look,díval,dívat,impf
en:Kafka-Promena:0:shuff:839,cs:Kafka-Promena:0:shuff:789,say,say,říkal,říkat,impf
en:Kafka-Promena:0:shuff:844,cs:Kafka-Promena:0:shuff:794,fall,fall,padl,padnout,pf
en:Kafka-Promena:0:shuff:845,cs:Kafka-Promena:0:shuff:795,did,do,Pojď,jít,impf
en:Kafka-Promena:0:shuff:845,cs:Kafka-Promena:0:shuff:795,come,come,Pojď,jít,impf
en:Kafka-Promena:0:shuff:845,cs:Kafka-Promena:0:shuff:795,look,look,Podívejme,podívat,pf
en:Kafka-Promena:0:shuff:846,cs:Kafka-Promena:0:shuff:796,responded,respond,neodpovídal,odpovídat,impf
en:Kafka-Promena:0:shuff:846,cs:Kafka-Promena:0:shuff:796,remained,remain,zůstával,zůstávat,impf
en:Kafka-Promena:0:shuff:846,cs:Kafka-Promena:0:shuff:796,opened,open,neotevřely,otevřít,pf
en:Kafka-Promena:0:shuff:847,cs:Kafka-Promena:0:shuff:797,clean,clean,uklidila,uklidit,pf
en:Kafka-Promena:0:shuff:850,cs:Kafka-Promena:0:shuff:799,work,work,pracovat,pracovat,impf
en:Kafka-Promena:0:shuff:850,cs:Kafka-Promena:0:shuff:799,work,work,pracovat,pracovat,impf
en:Kafka-Promena:0:shuff:850,cs:Kafka-Promena:0:shuff:799,remember,remember,vzpomnělo,vzpomenout,pf
en:Kafka-Promena:0:shuff:850,cs:Kafka-Promena:0:shuff:799,consider,consider,uvážilo,uvážit,pf
en:Kafka-Promena:0:shuff:850,cs:Kafka-Promena:0:shuff:799,removed,remove,odstraní,odstranit,pf
en:Kafka-Promena:0:shuff:850,cs:Kafka-Promena:0:shuff:799,work,work,pracovat,pracovat,impf
en:Kafka-Promena:0:shuff:850,cs:Kafka-Promena:0:shuff:799,work,work,pracovat,pracovat,impf
en:Kafka-Promena:0:shuff:852,cs:Kafka-Promena:0:shuff:801,throwing,throw,vrhány,vrhat,impf
en:Kafka-Promena:0:shuff:855,cs:Kafka-Promena:0:shuff:803,called,call,zavolal,zavolat,pf
en:Kafka-Promena:0:shuff:856,cs:Kafka-Promena:0:shuff:804,want,want,Nechtěl,chtít,impf
en:Kafka-Promena:0:shuff:856,cs:Kafka-Promena:0:shuff:804,go,go,odjet,odjet,pf
en:Kafka-Promena:0:shuff:863,cs:Kafka-Promena:0:shuff:811,say,say,řekněte,říci,pf
en:Kafka-Promena:0:shuff:863,cs:Kafka-Promena:0:shuff:811,go,go,odejdete,odejít,pf
en:Kafka-Promena:0:shuff:864,cs:Kafka-Promena:0:shuff:812,turned,turn,odvrátil,odvrátit,pf
en:Kafka-Promena:0:shuff:865,cs:Kafka-Promena:0:shuff:813,managed,manage,podařilo,podařit,pf
en:Kafka-Promena:0:shuff:866,cs:Kafka-Promena:0:shuff:814,injured,injure,neporanil,poranit,pf
en:Kafka-Promena:0:shuff:868,cs:Kafka-Promena:0:shuff:816,want,want,chtěl,chtít,impf
en:Kafka-Promena:0:shuff:868,cs:Kafka-Promena:0:shuff:816,want,want,chtěl,chtít,impf
en:Kafka-Promena:0:shuff:868,cs:Kafka-Promena:0:shuff:816,open,open,otevřít,otevřít,pf
en:Kafka-Promena:0:shuff:868,cs:Kafka-Promena:0:shuff:816,want,want,chtěl,chtít,impf
en:Kafka-Promena:0:shuff:868,cs:Kafka-Promena:0:shuff:816,want,want,chtěl,chtít,impf
en:Kafka-Promena:0:shuff:868,cs:Kafka-Promena:0:shuff:816,speak,speak,promluvit,promluvit,pf
en:Kafka-Promena:0:shuff:869,cs:Kafka-Promena:0:shuff:817,say,say,řeknou,říci,pf
en:Kafka-Promena:0:shuff:870,cs:Kafka-Promena:0:shuff:818,shocked,shock,polekají,polekat,pf
en:Kafka-Promena:0:shuff:871,cs:Kafka-Promena:0:shuff:819,took,take,přijmou,přijmout,pf
en:Kafka-Promena:0:shuff:876,cs:Kafka-Promena:0:shuff:822,persecuting,persecute,pronásleduje,pronásledovat,impf
en:Kafka-Promena:0:shuff:876,cs:Kafka-Promena:0:shuff:822,take,take,zabrat,zabrat,pf
en:Kafka-Promena:0:shuff:877,cs:Kafka-Promena:0:shuff:823,starting,start,začíná,začínat,impf
en:Kafka-Promena:0:shuff:878,cs:Kafka-Promena:0:shuff:824,heard,hear,zaslechl,zaslechnout,pf
en:Kafka-Promena:0:shuff:883,cs:Kafka-Promena:0:shuff:828,satisfied,satisfy,uspokojila,uspokojit,pf
en:Kafka-Promena:0:shuff:884,cs:Kafka-Promena:0:shuff:829,knocking,knock,klepal,klepat,impf
en:Kafka-Promena:0:shuff:885,cs:Kafka-Promena:0:shuff:830,urged,urge,naléhal,naléhat,impf
en:Kafka-Promena:0:shuff:885,cs:Kafka-Promena:0:shuff:830,urged,urge,naléhal,naléhat,impf
en:Kafka-Promena:0:shuff:886,cs:Kafka-Promena:0:shuff:831,occur,occur,nenapadlo,napadnout,pf
en:Kafka-Promena:0:shuff:886,cs:Kafka-Promena:0:shuff:831,open,open,otevřít,otevřít,pf
en:Kafka-Promena:0:shuff:889,cs:Kafka-Promena:0:shuff:834,want,want,nechtěli,chtít,impf
en:Kafka-Promena:0:shuff:889,cs:Kafka-Promena:0:shuff:834,wanted,want,nechtěli,chtít,impf
en:Kafka-Promena:0:shuff:889,cs:Kafka-Promena:0:shuff:834,stand,stand,nesnesli,snést,pf
en:Kafka-Promena:0:shuff:889,cs:Kafka-Promena:0:shuff:834,suffering,suffer,nesnesli,snést,pf
en:Kafka-Promena:0:shuff:889,cs:Kafka-Promena:0:shuff:834,want,want,chtěla,chtít,impf
en:Kafka-Promena:0:shuff:889,cs:Kafka-Promena:0:shuff:834,wanted,want,chtěla,chtít,impf
en:Kafka-Promena:0:shuff:889,cs:Kafka-Promena:0:shuff:834,spare,spare,ušetřit,ušetřit,pf
en:Kafka-Promena:0:shuff:891,cs:Kafka-Promena:0:shuff:836,want,want,chcete,chtít,impf
en:Kafka-Promena:0:shuff:891,cs:Kafka-Promena:0:shuff:836,asked,ask,zeptala,zeptat,pf
en:Kafka-Promena:0:shuff:897,cs:Kafka-Promena:0:shuff:839,living,live,bydlil,bydlet,impf
en:Kafka-Promena:0:shuff:897,cs:Kafka-Promena:0:shuff:839,pay,pay,zaplatit,zaplatit,pf
en:Kafka-Promena:0:shuff:897,cs:Kafka-Promena:0:shuff:839,consider,consider,zvážím,zvážit,pf
en:Kafka-Promena:0:shuff:897,cs:Kafka-Promena:0:shuff:839,believe,believe,věřte,věřit,impf
en:Kafka-Promena:0:shuff:898,cs:Kafka-Promena:0:shuff:840,looked,look,hleděl,hledět,impf
en:Kafka-Promena:0:shuff:898,cs:Kafka-Promena:0:shuff:840,waiting,wait,čekal,čekat,impf
en:Kafka-Promena:0:shuff:900,cs:Kafka-Promena:0:shuff:842,give,give,dáváme,dávat,impf
en:Kafka-Promena:0:shuff:901,cs:Kafka-Promena:0:shuff:843,think,think,myslím,myslet,impf
en:Kafka-Promena:0:shuff:901,cs:Kafka-Promena:0:shuff:843,leave,leave,zapomněl,zapomenout,pf
en:Kafka-Promena:0:shuff:901,cs:Kafka-Promena:0:shuff:843,forget,forget,zapomněl,zapomenout,pf
en:Kafka-Promena:0:shuff:906,cs:Kafka-Promena:0:shuff:848,sitting,sit,sedí,sedět,impf
en:Kafka-Promena:0:shuff:907,cs:Kafka-Promena:0:shuff:849,try,try,zkusit,zkusit,pf
en:Kafka-Promena:0:shuff:910,cs:Kafka-Promena:0:shuff:852,hide,hide,schoval,schovat,pf
en:Kafka-Promena:0:shuff:910,cs:Kafka-Promena:0:shuff:852,wait,wait,čekat,čekat,impf
en:Kafka-Promena:0:shuff:910,cs:Kafka-Promena:0:shuff:852,seemed,seem,zdála,zdát,impf
en:Kafka-Promena:0:shuff:911,cs:Kafka-Promena:0:shuff:853,saw,see,viděl,vidět,impf
en:Kafka-Promena:0:shuff:911,cs:Kafka-Promena:0:shuff:853,flee,flee,neutekla,utéci,pf
en:Kafka-Promena:0:shuff:912,cs:Kafka-Promena:0:shuff:854,listened,listen,slyšel,slyšet,impf
en:Kafka-Promena:0:shuff:912,cs:Kafka-Promena:0:shuff:854,listened,listen,nedbajíc,dbát,impf
en:Kafka-Promena:0:shuff:913,cs:Kafka-Promena:0:shuff:855,lasted,last,Trvalo,trvat,impf
en:Kafka-Promena:0:shuff:918,cs:Kafka-Promena:0:shuff:860,keep,keep,měl,mít,impf
en:Kafka-Promena:0:shuff:918,cs:Kafka-Promena:0:shuff:860,lay,lie,ležel,ležet,impf
en:Kafka-Promena:0:shuff:918,cs:Kafka-Promena:0:shuff:860,covered,cover,pokrýval,pokrývat,impf
en:Kafka-Promena:0:shuff:921,cs:Kafka-Promena:0:shuff:863,running,run,utíkat,utíkat,impf
en:Kafka-Promena:0:shuff:921,cs:Kafka-Promena:0:shuff:863,decided,decide,rozhodl,rozhodnout,pf
en:Kafka-Promena:0:shuff:921,cs:Kafka-Promena:0:shuff:863,bombard,bombard,bombardovat,bombardovat,impf
en:Kafka-Promena:0:shuff:922,cs:Kafka-Promena:0:shuff:864,filled,fill,naplnil,naplnit,pf
en:Kafka-Promena:0:shuff:922,cs:Kafka-Promena:0:shuff:864,threw,throw,házel,házet,impf
en:Kafka-Promena:0:shuff:924,cs:Kafka-Promena:0:shuff:866,bringing,bring,nosil,nosit,impf
en:Kafka-Promena:0:shuff:926,cs:Kafka-Promena:0:shuff:868,lived,live,bydlí,bydlet,impf
en:Kafka-Promena:0:shuff:926,cs:Kafka-Promena:0:shuff:868,thought,think,mít,mít,impf
en:Kafka-Promena:0:shuff:927,cs:Kafka-Promena:0:shuff:869,asked,ask,Požadovali,požadovat,impf
en:Kafka-Promena:0:shuff:927,cs:Kafka-Promena:0:shuff:869,raised,raise,zvedali,zvedat,impf
en:Kafka-Promena:0:shuff:930,cs:Kafka-Promena:0:shuff:871,went,go,šlo,jít,impf
en:Kafka-Promena:0:shuff:935,cs:Kafka-Promena:0:shuff:875,said,say,řekl,říci,pf
en:Kafka-Promena:0:shuff:937,cs:Kafka-Promena:0:shuff:877,dipped,dip,ponořil,ponořit,pf
en:Kafka-Promena:0:shuff:938,cs:Kafka-Promena:0:shuff:878,drew,draw,vytáhl,vytáhnout,pf
