en:SaintExupery-Malyprinc:0:shuff:1,cs:SaintExupery-Malyprinc:0:shuff:1,see,see,vidí,vidět,impf
en:SaintExupery-Malyprinc:0:shuff:2,cs:SaintExupery-Malyprinc:0:shuff:2,told,tell,říkal,říkat,impf
en:SaintExupery-Malyprinc:0:shuff:4,cs:SaintExupery-Malyprinc:0:shuff:4,comforted,comfort,utěšil,utěšit,pf
en:SaintExupery-Malyprinc:0:shuff:6,cs:SaintExupery-Malyprinc:0:shuff:6,find,find,nenašel,najít,pf
en:SaintExupery-Malyprinc:0:shuff:8,cs:SaintExupery-Malyprinc:0:shuff:8,listen,listen,naslouchám,naslouchat,impf
en:SaintExupery-Malyprinc:0:shuff:19,cs:SaintExupery-Malyprinc:0:shuff:20,rest,rest,odpočinout,odpočinout,pf
en:SaintExupery-Malyprinc:0:shuff:19,cs:SaintExupery-Malyprinc:0:shuff:20,want,want,chtít,chtít,impf
en:SaintExupery-Malyprinc:0:shuff:20,cs:SaintExupery-Malyprinc:0:shuff:21,want,want,chci,chtít,impf
en:SaintExupery-Malyprinc:0:shuff:20,cs:SaintExupery-Malyprinc:0:shuff:21,said,say,řekl,říci,pf
en:SaintExupery-Malyprinc:0:shuff:22,cs:SaintExupery-Malyprinc:0:shuff:23,went,go,pokračoval,pokračovat,impf
en:SaintExupery-Malyprinc:0:shuff:24,cs:SaintExupery-Malyprinc:0:shuff:25,walk,walk,půjdeš,jít,impf
en:SaintExupery-Malyprinc:0:shuff:25,cs:SaintExupery-Malyprinc:0:shuff:26,existed,exist,existoval,existovat,impf
en:SaintExupery-Malyprinc:0:shuff:25,cs:SaintExupery-Malyprinc:0:shuff:26,laughed,laugh,smál,smát,impf
en:SaintExupery-Malyprinc:0:shuff:29,cs:SaintExupery-Malyprinc:0:shuff:28,said,say,Řeknete,říci,pf
en:SaintExupery-Malyprinc:0:shuff:30,cs:SaintExupery-Malyprinc:0:shuff:29,came,come,pocházel,pocházet,impf
en:SaintExupery-Malyprinc:0:shuff:30,cs:SaintExupery-Malyprinc:0:shuff:29,convinced,convince,přesvědčíte,přesvědčit,pf
en:SaintExupery-Malyprinc:0:shuff:31,cs:SaintExupery-Malyprinc:0:shuff:30,endure,endure,snést,snést,pf
en:SaintExupery-Malyprinc:0:shuff:31,cs:SaintExupery-Malyprinc:0:shuff:30,wish,wish,chci,chtít,impf
en:SaintExupery-Malyprinc:0:shuff:33,cs:SaintExupery-Malyprinc:0:shuff:32,call,call,navštěvoval,navštěvovat,impf
en:SaintExupery-Malyprinc:0:shuff:37,cs:SaintExupery-Malyprinc:0:shuff:36,showed,show,ukázala,ukázat,pf
en:SaintExupery-Malyprinc:0:shuff:38,cs:SaintExupery-Malyprinc:0:shuff:37,added,add,dodala,dodat,pf
en:SaintExupery-Malyprinc:0:shuff:40,cs:SaintExupery-Malyprinc:0:shuff:39,show,show,ukázat,ukázat,pf
en:SaintExupery-Malyprinc:0:shuff:43,cs:SaintExupery-Malyprinc:0:shuff:42,watch,watch,pozorovat,pozorovat,impf
en:SaintExupery-Malyprinc:0:shuff:46,cs:SaintExupery-Malyprinc:0:shuff:45,laughed,laugh,zasmál,zasmát,pf
en:SaintExupery-Malyprinc:0:shuff:49,cs:SaintExupery-Malyprinc:0:shuff:47,sleep,sleep,usnul,usnout,pf
en:SaintExupery-Malyprinc:0:shuff:51,cs:SaintExupery-Malyprinc:0:shuff:49,imagine,imagine,představit,představit,pf
en:SaintExupery-Malyprinc:0:shuff:51,cs:SaintExupery-Malyprinc:0:shuff:49,awakened,awaken,probudil,probudit,pf
en:SaintExupery-Malyprinc:0:shuff:53,cs:SaintExupery-Malyprinc:0:shuff:50,draw,draw,nakresli,nakreslit,pf
en:SaintExupery-Malyprinc:0:shuff:55,cs:SaintExupery-Malyprinc:0:shuff:52,Draw,draw,Nakresli,nakreslit,pf
en:SaintExupery-Malyprinc:0:shuff:56,cs:SaintExupery-Malyprinc:0:shuff:53,jumped,jump,Vyskočil,vyskočit,pf
en:SaintExupery-Malyprinc:0:shuff:58,cs:SaintExupery-Malyprinc:0:shuff:55,understand,understand,nechápou,chápat,impf
en:SaintExupery-Malyprinc:0:shuff:58,cs:SaintExupery-Malyprinc:0:shuff:55,explaining,explain,vysvětlovat,vysvětlovat,impf
en:SaintExupery-Malyprinc:0:shuff:59,cs:SaintExupery-Malyprinc:0:shuff:56,chose,choose,vybrat,vybrat,pf
en:SaintExupery-Malyprinc:0:shuff:59,cs:SaintExupery-Malyprinc:0:shuff:56,learned,learn,naučil,naučit,pf
en:SaintExupery-Malyprinc:0:shuff:62,cs:SaintExupery-Malyprinc:0:shuff:59,distinguish,distinguish,rozeznat,rozeznat,pf
en:SaintExupery-Malyprinc:0:shuff:67,cs:SaintExupery-Malyprinc:0:shuff:65,eat,eat,Nejím,jíst,impf
en:SaintExupery-Malyprinc:0:shuff:74,cs:SaintExupery-Malyprinc:0:shuff:72,digesting,digest,zažívá,zažívat,impf
en:SaintExupery-Malyprinc:0:shuff:76,cs:SaintExupery-Malyprinc:0:shuff:73,drew,draw,Nakreslil,nakreslit,pf
en:SaintExupery-Malyprinc:0:shuff:76,cs:SaintExupery-Malyprinc:0:shuff:73,see,see,pochopili,pochopit,pf
en:SaintExupery-Malyprinc:0:shuff:77,cs:SaintExupery-Malyprinc:0:shuff:74,need,need,potřebují,potřebovat,impf
en:SaintExupery-Malyprinc:0:shuff:79,cs:SaintExupery-Malyprinc:0:shuff:76,heating,heat,ohřát,ohřát,pf
en:SaintExupery-Malyprinc:0:shuff:83,cs:SaintExupery-Malyprinc:0:shuff:80,burn,burn,hoří,hořet,impf
en:SaintExupery-Malyprinc:0:shuff:92,cs:SaintExupery-Malyprinc:0:shuff:88,repeated,repeat,opakoval,opakovat,impf
en:SaintExupery-Malyprinc:0:shuff:93,cs:SaintExupery-Malyprinc:0:shuff:89,raised,raise,zvedl,zvednout,pf
en:SaintExupery-Malyprinc:0:shuff:94,cs:SaintExupery-Malyprinc:0:shuff:90,inhabited,inhabit,bydlím,bydlet,impf
en:SaintExupery-Malyprinc:0:shuff:97,cs:SaintExupery-Malyprinc:0:shuff:94,fly,fly,létám,létat,impf
en:SaintExupery-Malyprinc:0:shuff:98,cs:SaintExupery-Malyprinc:0:shuff:95,cried,cry,zvolal,zvolat,pf
en:SaintExupery-Malyprinc:0:shuff:100,cs:SaintExupery-Malyprinc:0:shuff:97,dropped,drop,spadl,spadnout,pf
en:SaintExupery-Malyprinc:0:shuff:101,cs:SaintExupery-Malyprinc:0:shuff:98,answered,answer,odpověděl,odpovědět,pf
en:SaintExupery-Malyprinc:0:shuff:105,cs:SaintExupery-Malyprinc:0:shuff:102,like,like,Chci,chtít,impf
en:SaintExupery-Malyprinc:0:shuff:105,cs:SaintExupery-Malyprinc:0:shuff:102,taken,take,braly,brát,impf
en:SaintExupery-Malyprinc:0:shuff:106,cs:SaintExupery-Malyprinc:0:shuff:103,added,add,dodal,dodat,pf
en:SaintExupery-Malyprinc:0:shuff:107,cs:SaintExupery-Malyprinc:0:shuff:104,came,come,přišel,přijít,pf
en:SaintExupery-Malyprinc:0:shuff:110,cs:SaintExupery-Malyprinc:0:shuff:106,presented,present,Podal,podat,pf
en:SaintExupery-Malyprinc:0:shuff:111,cs:SaintExupery-Malyprinc:0:shuff:107,believe,believe,nevěřil,věřit,impf
en:SaintExupery-Malyprinc:0:shuff:117,cs:SaintExupery-Malyprinc:0:shuff:112,seemed,seem,zdál,zdát,impf
en:SaintExupery-Malyprinc:0:shuff:118,cs:SaintExupery-Malyprinc:0:shuff:113,respected,respect,uznávala,uznávat,impf
en:SaintExupery-Malyprinc:0:shuff:125,cs:SaintExupery-Malyprinc:0:shuff:120,understand,understand,chápeme,chápat,impf
en:SaintExupery-Malyprinc:0:shuff:126,cs:SaintExupery-Malyprinc:0:shuff:121,begin,begin,začal,začít,pf
en:SaintExupery-Malyprinc:0:shuff:126,cs:SaintExupery-Malyprinc:0:shuff:121,begin,begin,začínají,začínat,impf
en:SaintExupery-Malyprinc:0:shuff:127,cs:SaintExupery-Malyprinc:0:shuff:122,say,say,řekl,říci,pf
en:SaintExupery-Malyprinc:0:shuff:129,cs:SaintExupery-Malyprinc:0:shuff:126,do,do,vyvolám,vyvolat,pf
en:SaintExupery-Malyprinc:0:shuff:133,cs:SaintExupery-Malyprinc:0:shuff:130,said,say,povídej,povídat,impf
en:SaintExupery-Malyprinc:0:shuff:141,cs:SaintExupery-Malyprinc:0:shuff:137,record,record,nezaznamenáváme,zaznamenávat,impf
en:SaintExupery-Malyprinc:0:shuff:141,cs:SaintExupery-Malyprinc:0:shuff:137,said,say,řekl,říci,pf
en:SaintExupery-Malyprinc:0:shuff:144,cs:SaintExupery-Malyprinc:0:shuff:141,see,see,viděl,vidět,impf
en:SaintExupery-Malyprinc:0:shuff:147,cs:SaintExupery-Malyprinc:0:shuff:143,understood,understand,pochopil,pochopit,pf
en:SaintExupery-Malyprinc:0:shuff:147,cs:SaintExupery-Malyprinc:0:shuff:143,looking,look,hledal,hledat,impf
en:SaintExupery-Malyprinc:0:shuff:148,cs:SaintExupery-Malyprinc:0:shuff:144,raised,raise,Zvedl,zvednout,pf
en:SaintExupery-Malyprinc:0:shuff:149,cs:SaintExupery-Malyprinc:0:shuff:145,drank,drink,Pil,pít,impf
en:SaintExupery-Malyprinc:0:shuff:154,cs:SaintExupery-Malyprinc:0:shuff:149,met,meet,potkal,potkat,pf
en:SaintExupery-Malyprinc:0:shuff:154,cs:SaintExupery-Malyprinc:0:shuff:149,seemed,seem,zdál,zdát,impf
en:SaintExupery-Malyprinc:0:shuff:154,cs:SaintExupery-Malyprinc:0:shuff:149,kept,keep,mám,mít,impf
en:SaintExupery-Malyprinc:0:shuff:155,cs:SaintExupery-Malyprinc:0:shuff:150,speaking,speak,mluvila,mluvit,impf
en:SaintExupery-Malyprinc:0:shuff:155,cs:SaintExupery-Malyprinc:0:shuff:150,said,say,mluvila,mluvit,impf
en:SaintExupery-Malyprinc:0:shuff:155,cs:SaintExupery-Malyprinc:0:shuff:150,speaking,speak,řekla,říci,pf
en:SaintExupery-Malyprinc:0:shuff:155,cs:SaintExupery-Malyprinc:0:shuff:150,said,say,řekla,říci,pf
en:SaintExupery-Malyprinc:0:shuff:156,cs:SaintExupery-Malyprinc:0:shuff:151,come,come,přijdou,přijít,pf
en:SaintExupery-Malyprinc:0:shuff:159,cs:SaintExupery-Malyprinc:0:shuff:153,replied,reply,odpověděla,odpovědět,pf
en:SaintExupery-Malyprinc:0:shuff:160,cs:SaintExupery-Malyprinc:0:shuff:154,excuse,excuse,promiňte,prominout,pf
en:SaintExupery-Malyprinc:0:shuff:173,cs:SaintExupery-Malyprinc:0:shuff:165,said,say,pravil,pravit,pf
en:SaintExupery-Malyprinc:0:shuff:173,cs:SaintExupery-Malyprinc:0:shuff:165,beg,beg,prosím,prosit,impf
en:SaintExupery-Malyprinc:0:shuff:173,cs:SaintExupery-Malyprinc:0:shuff:165,asking,ask,prosím,prosit,impf
en:SaintExupery-Malyprinc:0:shuff:173,cs:SaintExupery-Malyprinc:0:shuff:165,asking,ask,ptám,ptát,impf
en:SaintExupery-Malyprinc:0:shuff:173,cs:SaintExupery-Malyprinc:0:shuff:165,question,question,ptám,ptát,impf
en:SaintExupery-Malyprinc:0:shuff:175,cs:SaintExupery-Malyprinc:0:shuff:167,rule,rule,vládnete,vládnout,impf
en:SaintExupery-Malyprinc:0:shuff:176,cs:SaintExupery-Malyprinc:0:shuff:168,said,say,odpověděl,odpovědět,pf
en:SaintExupery-Malyprinc:0:shuff:178,cs:SaintExupery-Malyprinc:0:shuff:170,sat,sit,Sedl,sednout,pf
en:SaintExupery-Malyprinc:0:shuff:179,cs:SaintExupery-Malyprinc:0:shuff:171,sat,sit,sedl,sednout,pf
en:SaintExupery-Malyprinc:0:shuff:180,cs:SaintExupery-Malyprinc:0:shuff:172,spoke,speak,řekl,říci,pf
en:SaintExupery-Malyprinc:0:shuff:181,cs:SaintExupery-Malyprinc:0:shuff:173,seen,see,vidět,vidět,impf
en:SaintExupery-Malyprinc:0:shuff:184,cs:SaintExupery-Malyprinc:0:shuff:175,added,add,dodal,dodat,pf
en:SaintExupery-Malyprinc:0:shuff:186,cs:SaintExupery-Malyprinc:0:shuff:177,loved,love,miloval,milovat,impf
en:SaintExupery-Malyprinc:0:shuff:191,cs:SaintExupery-Malyprinc:0:shuff:180,do,do,děláš,dělat,impf
en:SaintExupery-Malyprinc:0:shuff:191,cs:SaintExupery-Malyprinc:0:shuff:180,do,do,děláš,dělat,impf
en:SaintExupery-Malyprinc:0:shuff:195,cs:SaintExupery-Malyprinc:0:shuff:183,do,do,děláš,dělat,impf
en:SaintExupery-Malyprinc:0:shuff:195,cs:SaintExupery-Malyprinc:0:shuff:183,do,do,děláš,dělat,impf
en:SaintExupery-Malyprinc:0:shuff:196,cs:SaintExupery-Malyprinc:0:shuff:184,do,do,dělám,dělat,impf
en:SaintExupery-Malyprinc:0:shuff:196,cs:SaintExupery-Malyprinc:0:shuff:184,do,do,dělám,dělat,impf
en:SaintExupery-Malyprinc:0:shuff:204,cs:SaintExupery-Malyprinc:0:shuff:191,appear,appear,objevily,objevit,pf
en:SaintExupery-Malyprinc:0:shuff:208,cs:SaintExupery-Malyprinc:0:shuff:194,talking,talk,hovoříme,hovořit,impf
en:SaintExupery-Malyprinc:0:shuff:215,cs:SaintExupery-Malyprinc:0:shuff:201,watched,watch,pozoroval,pozorovat,impf
en:SaintExupery-Malyprinc:0:shuff:216,cs:SaintExupery-Malyprinc:0:shuff:202,remembered,remember,Vzpomněl,vzpomenout,pf
en:SaintExupery-Malyprinc:0:shuff:217,cs:SaintExupery-Malyprinc:0:shuff:203,wanted,want,Chtěl,chtít,impf
en:SaintExupery-Malyprinc:0:shuff:217,cs:SaintExupery-Malyprinc:0:shuff:203,help,help,pomoci,pomoci,pf
en:SaintExupery-Malyprinc:0:shuff:218,cs:SaintExupery-Malyprinc:0:shuff:204,revealed,reveal,odhalilo,odhalit,pf
en:SaintExupery-Malyprinc:0:shuff:222,cs:SaintExupery-Malyprinc:0:shuff:208,said,say,řekl,říci,pf
en:SaintExupery-Malyprinc:0:shuff:225,cs:SaintExupery-Malyprinc:0:shuff:211,goes,go,Jde,jít,impf
en:SaintExupery-Malyprinc:0:shuff:225,cs:SaintExupery-Malyprinc:0:shuff:211,see,see,podívat,podívat,pf
en:SaintExupery-Malyprinc:0:shuff:227,cs:SaintExupery-Malyprinc:0:shuff:213,requires,require,požaduje,požadovat,impf
en:SaintExupery-Malyprinc:0:shuff:229,cs:SaintExupery-Malyprinc:0:shuff:215,look,look,dívat,dívat,impf
en:SaintExupery-Malyprinc:0:shuff:231,cs:SaintExupery-Malyprinc:0:shuff:217,drink,drink,pít,pít,impf
en:SaintExupery-Malyprinc:0:shuff:235,cs:SaintExupery-Malyprinc:0:shuff:221,crying,cry,plakal,plakat,impf
en:SaintExupery-Malyprinc:0:shuff:237,cs:SaintExupery-Malyprinc:0:shuff:223,Draw,draw,Nakresli,nakreslit,pf
en:SaintExupery-Malyprinc:0:shuff:239,cs:SaintExupery-Malyprinc:0:shuff:225,looked,look,Díval,dívat,impf
en:SaintExupery-Malyprinc:0:shuff:239,cs:SaintExupery-Malyprinc:0:shuff:225,said,say,řekl,říci,pf
en:SaintExupery-Malyprinc:0:shuff:242,cs:SaintExupery-Malyprinc:0:shuff:228,Make,make,Udělej,udělat,pf
en:SaintExupery-Malyprinc:0:shuff:244,cs:SaintExupery-Malyprinc:0:shuff:230,smiled,smile,usmál,usmát,pf
en:SaintExupery-Malyprinc:0:shuff:249,cs:SaintExupery-Malyprinc:0:shuff:234,rejected,reject,odmítl,odmítnout,pf
en:SaintExupery-Malyprinc:0:shuff:251,cs:SaintExupery-Malyprinc:0:shuff:236,die,die,umřeme,umřít,pf
en:SaintExupery-Malyprinc:0:shuff:252,cs:SaintExupery-Malyprinc:0:shuff:237,follow,follow,Nepochopil,pochopit,pf
en:SaintExupery-Malyprinc:0:shuff:252,cs:SaintExupery-Malyprinc:0:shuff:237,answered,answer,odpověděl,odpovědět,pf
en:SaintExupery-Malyprinc:0:shuff:253,cs:SaintExupery-Malyprinc:0:shuff:238,die,die,umřít,umřít,pf
en:SaintExupery-Malyprinc:0:shuff:255,cs:SaintExupery-Malyprinc:0:shuff:240,said,say,řekl,říci,pf
en:SaintExupery-Malyprinc:0:shuff:261,cs:SaintExupery-Malyprinc:0:shuff:245,hiding,hide,skrýval,skrývat,impf
en:SaintExupery-Malyprinc:0:shuff:264,cs:SaintExupery-Malyprinc:0:shuff:247,agree,agree,souhlasíš,souhlasit,impf
en:SaintExupery-Malyprinc:0:shuff:264,cs:SaintExupery-Malyprinc:0:shuff:247,said,say,pravil,pravit,pf
en:SaintExupery-Malyprinc:0:shuff:265,cs:SaintExupery-Malyprinc:0:shuff:248,crossed,cross,přešel,přejít,pf
en:SaintExupery-Malyprinc:0:shuff:265,cs:SaintExupery-Malyprinc:0:shuff:248,met,meet,setkal,setkat,pf
en:SaintExupery-Malyprinc:0:shuff:267,cs:SaintExupery-Malyprinc:0:shuff:251,said,say,řekl,říci,pf
en:SaintExupery-Malyprinc:0:shuff:268,cs:SaintExupery-Malyprinc:0:shuff:252,said,say,řekla,říci,pf
en:SaintExupery-Malyprinc:0:shuff:269,cs:SaintExupery-Malyprinc:0:shuff:253,asked,ask,zeptal,zeptat,pf
en:SaintExupery-Malyprinc:0:shuff:270,cs:SaintExupery-Malyprinc:0:shuff:254,seen,see,viděla,vidět,impf
en:SaintExupery-Malyprinc:0:shuff:272,cs:SaintExupery-Malyprinc:0:shuff:256,think,think,myslím,myslet,impf
en:SaintExupery-Malyprinc:0:shuff:273,cs:SaintExupery-Malyprinc:0:shuff:257,saw,see,spatřila,spatřit,pf
en:SaintExupery-Malyprinc:0:shuff:274,cs:SaintExupery-Malyprinc:0:shuff:258,said,say,řekl,říci,pf
en:SaintExupery-Malyprinc:0:shuff:274,cs:SaintExupery-Malyprinc:0:shuff:258,walk,walk,šel,jít,impf
en:SaintExupery-Malyprinc:0:shuff:276,cs:SaintExupery-Malyprinc:0:shuff:260,listened,listen,poslouchal,poslouchat,impf
en:SaintExupery-Malyprinc:0:shuff:278,cs:SaintExupery-Malyprinc:0:shuff:262,said,say,řekl,říci,pf
en:SaintExupery-Malyprinc:0:shuff:279,cs:SaintExupery-Malyprinc:0:shuff:263,do,do,děláš,dělat,impf
en:SaintExupery-Malyprinc:0:shuff:279,cs:SaintExupery-Malyprinc:0:shuff:263,do,do,děláš,dělat,impf
en:SaintExupery-Malyprinc:0:shuff:279,cs:SaintExupery-Malyprinc:0:shuff:263,asked,ask,zeptal,zeptat,pf
en:SaintExupery-Malyprinc:0:shuff:280,cs:SaintExupery-Malyprinc:0:shuff:264,sort,sort,Třídím,třídit,impf
en:SaintExupery-Malyprinc:0:shuff:280,cs:SaintExupery-Malyprinc:0:shuff:264,said,say,řekl,říci,pf
en:SaintExupery-Malyprinc:0:shuff:282,cs:SaintExupery-Malyprinc:0:shuff:266,shook,shake,otřásl,otřást,pf
en:SaintExupery-Malyprinc:0:shuff:284,cs:SaintExupery-Malyprinc:0:shuff:268,inhabited,inhabit,bydlel,bydlet,impf
en:SaintExupery-Malyprinc:0:shuff:289,cs:SaintExupery-Malyprinc:0:shuff:271,said,say,řekl,říci,pf
en:SaintExupery-Malyprinc:0:shuff:290,cs:SaintExupery-Malyprinc:0:shuff:272,wearing,wear,máte,mít,impf
en:SaintExupery-Malyprinc:0:shuff:291,cs:SaintExupery-Malyprinc:0:shuff:273,replied,reply,odpověděl,odpovědět,pf
en:SaintExupery-Malyprinc:0:shuff:293,cs:SaintExupery-Malyprinc:0:shuff:275,opened,open,otevřel,otevřít,pf
en:SaintExupery-Malyprinc:0:shuff:293,cs:SaintExupery-Malyprinc:0:shuff:275,say,say,odpovědět,odpovědět,pf
en:SaintExupery-Malyprinc:0:shuff:295,cs:SaintExupery-Malyprinc:0:shuff:277,said,say,řekl,říci,pf
en:SaintExupery-Malyprinc:0:shuff:300,cs:SaintExupery-Malyprinc:0:shuff:282,brought,bring,přinést,přinést,pf
en:SaintExupery-Malyprinc:0:shuff:302,cs:SaintExupery-Malyprinc:0:shuff:284,come,come,přicházíš,přicházet,impf
en:SaintExupery-Malyprinc:0:shuff:304,cs:SaintExupery-Malyprinc:0:shuff:286,describe,describe,Popiš,popsat,pf
en:SaintExupery-Malyprinc:0:shuff:305,cs:SaintExupery-Malyprinc:0:shuff:287,opened,open,rozevřel,rozevřít,pf
en:SaintExupery-Malyprinc:0:shuff:311,cs:SaintExupery-Malyprinc:0:shuff:293,waited,wait,čekal,čekat,impf
en:SaintExupery-Malyprinc:0:shuff:315,cs:SaintExupery-Malyprinc:0:shuff:297,laughed,laugh,zasmál,zasmát,pf
en:SaintExupery-Malyprinc:0:shuff:324,cs:SaintExupery-Malyprinc:0:shuff:305,split,split,roztrhnou,roztrhnout,pf
en:SaintExupery-Malyprinc:0:shuff:325,cs:SaintExupery-Malyprinc:0:shuff:306,talk,talk,Mluvíš,mluvit,impf
en:SaintExupery-Malyprinc:0:shuff:336,cs:SaintExupery-Malyprinc:0:shuff:316,done,do,nedělal,dělat,impf
en:SaintExupery-Malyprinc:0:shuff:339,cs:SaintExupery-Malyprinc:0:shuff:320,neglected,neglect,Zanedbal,zanedbat,pf
en:SaintExupery-Malyprinc:0:shuff:340,cs:SaintExupery-Malyprinc:0:shuff:321,described,describe,Nakreslil,nakreslit,pf
en:SaintExupery-Malyprinc:0:shuff:342,cs:SaintExupery-Malyprinc:0:shuff:323,laughed,laugh,zasmál,zasmát,pf
en:SaintExupery-Malyprinc:0:shuff:343,cs:SaintExupery-Malyprinc:0:shuff:324,given,give,dal,dát,pf
en:SaintExupery-Malyprinc:0:shuff:343,cs:SaintExupery-Malyprinc:0:shuff:324,laugh,laugh,smát,smát,impf
en:SaintExupery-Malyprinc:0:shuff:344,cs:SaintExupery-Malyprinc:0:shuff:325,laughed,laugh,zasmál,zasmát,pf
en:SaintExupery-Malyprinc:0:shuff:350,cs:SaintExupery-Malyprinc:0:shuff:330,seems,seem,Zdá,zdát,impf
en:SaintExupery-Malyprinc:0:shuff:353,cs:SaintExupery-Malyprinc:0:shuff:332,called,call,volal,volat,impf
en:SaintExupery-Malyprinc:0:shuff:356,cs:SaintExupery-Malyprinc:0:shuff:335,taking,take,vyndal,vyndat,pf
en:SaintExupery-Malyprinc:0:shuff:356,cs:SaintExupery-Malyprinc:0:shuff:335,taking,take,zabral,zabrat,pf
en:SaintExupery-Malyprinc:0:shuff:357,cs:SaintExupery-Malyprinc:0:shuff:336,imagine,imagine,představit,představit,pf
en:SaintExupery-Malyprinc:0:shuff:357,cs:SaintExupery-Malyprinc:0:shuff:336,aroused,arouse,probudila,probudit,pf
en:SaintExupery-Malyprinc:0:shuff:359,cs:SaintExupery-Malyprinc:0:shuff:338,come,come,přicházíš,přicházet,impf
en:SaintExupery-Malyprinc:0:shuff:361,cs:SaintExupery-Malyprinc:0:shuff:340,want,want,chceš,chtít,impf
en:SaintExupery-Malyprinc:0:shuff:362,cs:SaintExupery-Malyprinc:0:shuff:341,answered,answer,odpověděl,odpovědět,pf
en:SaintExupery-Malyprinc:0:shuff:363,cs:SaintExupery-Malyprinc:0:shuff:342,come,come,přicházíš,přicházet,impf
en:SaintExupery-Malyprinc:0:shuff:367,cs:SaintExupery-Malyprinc:0:shuff:345,come,come,přicházíš,přicházet,impf
en:SaintExupery-Malyprinc:0:shuff:368,cs:SaintExupery-Malyprinc:0:shuff:346,reply,reply,Neodpověděl,odpovědět,pf
en:SaintExupery-Malyprinc:0:shuff:370,cs:SaintExupery-Malyprinc:0:shuff:348,come,come,přijít,přijít,pf
en:SaintExupery-Malyprinc:0:shuff:371,cs:SaintExupery-Malyprinc:0:shuff:349,sank,sink,ponořil,ponořit,pf
en:SaintExupery-Malyprinc:0:shuff:378,cs:SaintExupery-Malyprinc:0:shuff:354,answer,answer,neodpověděl,odpovědět,pf
en:SaintExupery-Malyprinc:0:shuff:379,cs:SaintExupery-Malyprinc:0:shuff:355,admire,admire,obdivovat,obdivovat,impf
en:SaintExupery-Malyprinc:0:shuff:380,cs:SaintExupery-Malyprinc:0:shuff:356,admire,admire,Obdivovat,obdivovat,impf
en:SaintExupery-Malyprinc:0:shuff:385,cs:SaintExupery-Malyprinc:0:shuff:361,realized,realize,pochopil,pochopit,pf
en:SaintExupery-Malyprinc:0:shuff:386,cs:SaintExupery-Malyprinc:0:shuff:362,sees,see,vidíme,vidět,impf
en:SaintExupery-Malyprinc:0:shuff:392,cs:SaintExupery-Malyprinc:0:shuff:367,dreaming,dream,sní,snít,impf
en:SaintExupery-Malyprinc:0:shuff:395,cs:SaintExupery-Malyprinc:0:shuff:370,said,say,řekl,říci,pf
en:SaintExupery-Malyprinc:0:shuff:395,cs:SaintExupery-Malyprinc:0:shuff:370,remember,remember,zapamatoval,zapamatovat,pf
en:SaintExupery-Malyprinc:0:shuff:396,cs:SaintExupery-Malyprinc:0:shuff:371,forgotten,forget,zapomněli,zapomenout,pf
en:SaintExupery-Malyprinc:0:shuff:396,cs:SaintExupery-Malyprinc:0:shuff:371,said,say,řekla,říci,pf
en:SaintExupery-Malyprinc:0:shuff:397,cs:SaintExupery-Malyprinc:0:shuff:372,forget,forget,zapomenout,zapomenout,pf
en:SaintExupery-Malyprinc:0:shuff:400,cs:SaintExupery-Malyprinc:0:shuff:375,repeated,repeat,opakoval,opakovat,impf
en:SaintExupery-Malyprinc:0:shuff:400,cs:SaintExupery-Malyprinc:0:shuff:375,remember,remember,zapamatoval,zapamatovat,pf
en:SaintExupery-Malyprinc:0:shuff:404,cs:SaintExupery-Malyprinc:0:shuff:379,taken,take,Bral,brát,impf
en:SaintExupery-Malyprinc:0:shuff:405,cs:SaintExupery-Malyprinc:0:shuff:380,listened,listen,poslouchat,poslouchat,impf
en:SaintExupery-Malyprinc:0:shuff:405,cs:SaintExupery-Malyprinc:0:shuff:380,confided,confide,svěřil,svěřit,pf
en:SaintExupery-Malyprinc:0:shuff:406,cs:SaintExupery-Malyprinc:0:shuff:381,listen,listen,poslouchat,poslouchat,impf
en:SaintExupery-Malyprinc:0:shuff:413,cs:SaintExupery-Malyprinc:0:shuff:388,Look,look,Podívejte,podívat,pf
en:SaintExupery-Malyprinc:0:shuff:414,cs:SaintExupery-Malyprinc:0:shuff:389,Ask,ask,Ptejte,ptát,impf
en:SaintExupery-Malyprinc:0:shuff:417,cs:SaintExupery-Malyprinc:0:shuff:391,see,see,Uvidíte,uvidět,pf
en:SaintExupery-Malyprinc:0:shuff:418,cs:SaintExupery-Malyprinc:0:shuff:392,understand,understand,nepochopí,pochopit,pf
en:SaintExupery-Malyprinc:0:shuff:420,cs:SaintExupery-Malyprinc:0:shuff:394,laughed,laugh,zasmál,zasmát,pf
en:SaintExupery-Malyprinc:0:shuff:426,cs:SaintExupery-Malyprinc:0:shuff:399,laughed,laugh,zasmál,zasmát,pf
en:SaintExupery-Malyprinc:0:shuff:427,cs:SaintExupery-Malyprinc:0:shuff:400,swallow,swallow,polkne,polknout,pf
en:SaintExupery-Malyprinc:0:shuff:427,cs:SaintExupery-Malyprinc:0:shuff:400,need,need,nemusí,muset,impf
en:SaintExupery-Malyprinc:0:shuff:427,cs:SaintExupery-Malyprinc:0:shuff:400,drink,drink,pít,pít,impf
en:SaintExupery-Malyprinc:0:shuff:428,cs:SaintExupery-Malyprinc:0:shuff:401,selling,sell,prodáváš,prodávat,impf
en:SaintExupery-Malyprinc:0:shuff:428,cs:SaintExupery-Malyprinc:0:shuff:401,asked,ask,zeptal,zeptat,pf
en:SaintExupery-Malyprinc:0:shuff:429,cs:SaintExupery-Malyprinc:0:shuff:402,said,say,odpověděl,odpovědět,pf
en:SaintExupery-Malyprinc:0:shuff:431,cs:SaintExupery-Malyprinc:0:shuff:404,save,save,Ušetří,ušetřit,pf
en:SaintExupery-Malyprinc:0:shuff:432,cs:SaintExupery-Malyprinc:0:shuff:405,do,do,udělá,udělat,pf
en:SaintExupery-Malyprinc:0:shuff:432,cs:SaintExupery-Malyprinc:0:shuff:405,do,do,udělá,udělat,pf
en:SaintExupery-Malyprinc:0:shuff:433,cs:SaintExupery-Malyprinc:0:shuff:406,like,like,chce,chtít,impf
en:SaintExupery-Malyprinc:0:shuff:434,cs:SaintExupery-Malyprinc:0:shuff:407,come,come,Neudělals,udělat,pf
en:SaintExupery-Malyprinc:0:shuff:452,cs:SaintExupery-Malyprinc:0:shuff:422,need,need,potřebovat,potřebovat,impf
en:SaintExupery-Malyprinc:0:shuff:455,cs:SaintExupery-Malyprinc:0:shuff:424,beginning,begin,Začínám,začínat,impf
en:SaintExupery-Malyprinc:0:shuff:455,cs:SaintExupery-Malyprinc:0:shuff:424,understand,understand,chápat,chápat,impf
en:SaintExupery-Malyprinc:0:shuff:455,cs:SaintExupery-Malyprinc:0:shuff:424,said,say,řekl,říci,pf
en:SaintExupery-Malyprinc:0:shuff:458,cs:SaintExupery-Malyprinc:0:shuff:427,answered,answer,odpověděl,odpovědět,pf
en:SaintExupery-Malyprinc:0:shuff:460,cs:SaintExupery-Malyprinc:0:shuff:429,obey,obey,poslouchají,poslouchat,impf
en:SaintExupery-Malyprinc:0:shuff:461,cs:SaintExupery-Malyprinc:0:shuff:430,said,say,řekl,říci,pf
en:SaintExupery-Malyprinc:0:shuff:462,cs:SaintExupery-Malyprinc:0:shuff:431,obey,obey,Uposlechnou,uposlechnout,pf
en:SaintExupery-Malyprinc:0:shuff:471,cs:SaintExupery-Malyprinc:0:shuff:440,replied,reply,odpověděl,odpovědět,pf
en:SaintExupery-Malyprinc:0:shuff:472,cs:SaintExupery-Malyprinc:0:shuff:441,understand,understand,Nerozumím,rozumět,impf
en:SaintExupery-Malyprinc:0:shuff:473,cs:SaintExupery-Malyprinc:0:shuff:442,understand,understand,rozumět,rozumět,impf
en:SaintExupery-Malyprinc:0:shuff:473,cs:SaintExupery-Malyprinc:0:shuff:442,said,say,řekl,říci,pf
en:SaintExupery-Malyprinc:0:shuff:477,cs:SaintExupery-Malyprinc:0:shuff:446,administer,administer,Spravuji,spravovat,impf
en:SaintExupery-Malyprinc:0:shuff:478,cs:SaintExupery-Malyprinc:0:shuff:447,count,count,Počítám,počítat,impf
en:SaintExupery-Malyprinc:0:shuff:482,cs:SaintExupery-Malyprinc:0:shuff:451,put,put,dát,dát,pf
en:SaintExupery-Malyprinc:0:shuff:483,cs:SaintExupery-Malyprinc:0:shuff:452,pluck,pluck,utrhnout,utrhnout,pf
en:SaintExupery-Malyprinc:0:shuff:484,cs:SaintExupery-Malyprinc:0:shuff:453,pluck,pluck,utrhnout,utrhnout,pf
en:SaintExupery-Malyprinc:0:shuff:489,cs:SaintExupery-Malyprinc:0:shuff:457,said,say,řekl,říci,pf
en:SaintExupery-Malyprinc:0:shuff:490,cs:SaintExupery-Malyprinc:0:shuff:458,smiled,smile,usmál,usmát,pf
en:SaintExupery-Malyprinc:0:shuff:493,cs:SaintExupery-Malyprinc:0:shuff:461,travel,travel,cestovat,cestovat,impf
en:SaintExupery-Malyprinc:0:shuff:494,cs:SaintExupery-Malyprinc:0:shuff:462,felt,feel,Cítil,cítit,impf
en:SaintExupery-Malyprinc:0:shuff:498,cs:SaintExupery-Malyprinc:0:shuff:467,coming,come,přicházel,přicházet,impf
en:SaintExupery-Malyprinc:0:shuff:498,cs:SaintExupery-Malyprinc:0:shuff:467,tell,tell,oznámit,oznámit,pf
en:SaintExupery-Malyprinc:0:shuff:499,cs:SaintExupery-Malyprinc:0:shuff:468,added,add,dodal,dodat,pf
en:SaintExupery-Malyprinc:0:shuff:500,cs:SaintExupery-Malyprinc:0:shuff:469,understands,understand,Známe,znát,impf
en:SaintExupery-Malyprinc:0:shuff:500,cs:SaintExupery-Malyprinc:0:shuff:469,said,say,řekla,říci,pf
en:SaintExupery-Malyprinc:0:shuff:502,cs:SaintExupery-Malyprinc:0:shuff:471,buy,buy,Kupují,kupovat,impf
en:SaintExupery-Malyprinc:0:shuff:504,cs:SaintExupery-Malyprinc:0:shuff:473,want,want,Chceš,chtít,impf
en:SaintExupery-Malyprinc:0:shuff:505,cs:SaintExupery-Malyprinc:0:shuff:474,do,do,dělat,dělat,impf
en:SaintExupery-Malyprinc:0:shuff:505,cs:SaintExupery-Malyprinc:0:shuff:474,asked,ask,zeptal,zeptat,pf
en:SaintExupery-Malyprinc:0:shuff:506,cs:SaintExupery-Malyprinc:0:shuff:475,replied,reply,odpověděla,odpovědět,pf
en:SaintExupery-Malyprinc:0:shuff:507,cs:SaintExupery-Malyprinc:0:shuff:476,see,see,vidím,vidět,impf
en:SaintExupery-Malyprinc:0:shuff:507,cs:SaintExupery-Malyprinc:0:shuff:476,said,say,řekl,říci,pf
en:SaintExupery-Malyprinc:0:shuff:510,cs:SaintExupery-Malyprinc:0:shuff:478,remained,remain,Zůstal,zůstat,pf
en:SaintExupery-Malyprinc:0:shuff:511,cs:SaintExupery-Malyprinc:0:shuff:479,said,say,řekl,říci,pf
en:SaintExupery-Malyprinc:0:shuff:514,cs:SaintExupery-Malyprinc:0:shuff:482,comforted,comfort,utěšit,utěšit,pf
en:SaintExupery-Malyprinc:0:shuff:516,cs:SaintExupery-Malyprinc:0:shuff:485,said,say,Říkal,říkat,impf
en:SaintExupery-Malyprinc:0:shuff:518,cs:SaintExupery-Malyprinc:0:shuff:487,draw,draw,Nakreslím,nakreslit,pf
en:SaintExupery-Malyprinc:0:shuff:519,cs:SaintExupery-Malyprinc:0:shuff:488,draw,draw,Nakreslím,nakreslit,pf
en:SaintExupery-Malyprinc:0:shuff:521,cs:SaintExupery-Malyprinc:0:shuff:490,say,say,říci,říci,pf
en:SaintExupery-Malyprinc:0:shuff:526,cs:SaintExupery-Malyprinc:0:shuff:495,learned,learn,poznal,poznat,pf
en:SaintExupery-Malyprinc:0:shuff:529,cs:SaintExupery-Malyprinc:0:shuff:497,suffer,suffer,trpět,trpět,impf
en:SaintExupery-Malyprinc:0:shuff:532,cs:SaintExupery-Malyprinc:0:shuff:499,go,go,jdi,jít,impf
en:SaintExupery-Malyprinc:0:shuff:532,cs:SaintExupery-Malyprinc:0:shuff:499,said,say,řekl,říci,pf
en:SaintExupery-Malyprinc:0:shuff:533,cs:SaintExupery-Malyprinc:0:shuff:500,want,want,chci,chtít,impf
en:SaintExupery-Malyprinc:0:shuff:534,cs:SaintExupery-Malyprinc:0:shuff:501,leaped,leap,vyskočil,vyskočit,pf
en:SaintExupery-Malyprinc:0:shuff:535,cs:SaintExupery-Malyprinc:0:shuff:502,take,take,unést,unést,pf
en:SaintExupery-Malyprinc:0:shuff:535,cs:SaintExupery-Malyprinc:0:shuff:502,said,say,řekl,říci,pf
en:SaintExupery-Malyprinc:0:shuff:537,cs:SaintExupery-Malyprinc:0:shuff:504,touch,touch,dotknu,dotknout,pf
en:SaintExupery-Malyprinc:0:shuff:537,cs:SaintExupery-Malyprinc:0:shuff:504,spoke,speak,řekl,říci,pf
en:SaintExupery-Malyprinc:0:shuff:538,cs:SaintExupery-Malyprinc:0:shuff:505,come,come,přicházíš,přicházet,impf
en:SaintExupery-Malyprinc:0:shuff:543,cs:SaintExupery-Malyprinc:0:shuff:510,move,move,posunout,posunout,pf
en:SaintExupery-Malyprinc:0:shuff:544,cs:SaintExupery-Malyprinc:0:shuff:511,see,see,díval,dívat,impf
en:SaintExupery-Malyprinc:0:shuff:546,cs:SaintExupery-Malyprinc:0:shuff:513,say,say,odpověděl,odpovědět,pf
en:SaintExupery-Malyprinc:0:shuff:550,cs:SaintExupery-Malyprinc:0:shuff:517,talk,talk,Mluvil,mluvit,impf
en:SaintExupery-Malyprinc:0:shuff:551,cs:SaintExupery-Malyprinc:0:shuff:518,met,meet,poznal,poznat,pf
en:SaintExupery-Malyprinc:0:shuff:571,cs:SaintExupery-Malyprinc:0:shuff:534,said,say,řekl,říci,pf
en:SaintExupery-Malyprinc:0:shuff:574,cs:SaintExupery-Malyprinc:0:shuff:537,seen,see,neviděl,vidět,impf
en:SaintExupery-Malyprinc:0:shuff:575,cs:SaintExupery-Malyprinc:0:shuff:538,came,come,Přijdeš,přijít,pf
en:SaintExupery-Malyprinc:0:shuff:575,cs:SaintExupery-Malyprinc:0:shuff:538,begin,begin,Přijdeš,přijít,pf
en:SaintExupery-Malyprinc:0:shuff:578,cs:SaintExupery-Malyprinc:0:shuff:541,show,show,objevím,objevit,pf
en:SaintExupery-Malyprinc:0:shuff:579,cs:SaintExupery-Malyprinc:0:shuff:542,come,come,přicházet,přicházet,impf
en:SaintExupery-Malyprinc:0:shuff:580,cs:SaintExupery-Malyprinc:0:shuff:543,observe,observe,zachovávat,zachovávat,impf
en:SaintExupery-Malyprinc:0:shuff:588,cs:SaintExupery-Malyprinc:0:shuff:555,repeat,repeat,Opakují,opakovat,impf
en:SaintExupery-Malyprinc:0:shuff:588,cs:SaintExupery-Malyprinc:0:shuff:555,says,say,řekne,říci,pf
en:SaintExupery-Malyprinc:0:shuff:589,cs:SaintExupery-Malyprinc:0:shuff:556,strolling,stroll,procházel,procházet,impf
en:SaintExupery-Malyprinc:0:shuff:589,cs:SaintExupery-Malyprinc:0:shuff:556,met,meet,poznal,poznat,pf
en:SaintExupery-Malyprinc:0:shuff:592,cs:SaintExupery-Malyprinc:0:shuff:559,added,add,dodal,dodat,pf
en:SaintExupery-Malyprinc:0:shuff:595,cs:SaintExupery-Malyprinc:0:shuff:562,believe,believe,věřit,věřit,impf
en:SaintExupery-Malyprinc:0:shuff:598,cs:SaintExupery-Malyprinc:0:shuff:565,advise,advise,Poraďte,poradit,pf
en:SaintExupery-Malyprinc:0:shuff:599,cs:SaintExupery-Malyprinc:0:shuff:566,adore,adore,Zbožňují,zbožňovat,impf
en:SaintExupery-Malyprinc:0:shuff:599,cs:SaintExupery-Malyprinc:0:shuff:566,please,please,líbit,líbit,impf
en:SaintExupery-Malyprinc:0:shuff:603,cs:SaintExupery-Malyprinc:0:shuff:570,look,look,hledat,hledat,impf
en:SaintExupery-Malyprinc:0:shuff:605,cs:SaintExupery-Malyprinc:0:shuff:572,breathed,breathe,dýchalo,dýchat,impf
en:SaintExupery-Malyprinc:0:shuff:609,cs:SaintExupery-Malyprinc:0:shuff:576,keep,keep,dodržet,dodržet,pf
en:SaintExupery-Malyprinc:0:shuff:609,cs:SaintExupery-Malyprinc:0:shuff:576,said,say,řekl,říci,pf
en:SaintExupery-Malyprinc:0:shuff:609,cs:SaintExupery-Malyprinc:0:shuff:576,sat,sit,sedl,sednout,pf
en:SaintExupery-Malyprinc:0:shuff:618,cs:SaintExupery-Malyprinc:0:shuff:584,said,say,řekl,říci,pf
en:SaintExupery-Malyprinc:0:shuff:620,cs:SaintExupery-Malyprinc:0:shuff:586,changes,change,změnila,změnit,pf
en:SaintExupery-Malyprinc:0:shuff:622,cs:SaintExupery-Malyprinc:0:shuff:588,stopped,stop,přestal,přestat,pf
en:SaintExupery-Malyprinc:0:shuff:622,cs:SaintExupery-Malyprinc:0:shuff:588,growing,grow,růst,růst,impf
en:SaintExupery-Malyprinc:0:shuff:622,cs:SaintExupery-Malyprinc:0:shuff:588,began,begin,začal,začít,pf
en:SaintExupery-Malyprinc:0:shuff:625,cs:SaintExupery-Malyprinc:0:shuff:590,chose,choose,vybírala,vybírat,impf
en:SaintExupery-Malyprinc:0:shuff:628,cs:SaintExupery-Malyprinc:0:shuff:592,seem,seem,zdálo,zdát,impf
en:SaintExupery-Malyprinc:0:shuff:629,cs:SaintExupery-Malyprinc:0:shuff:593,remembered,remember,vzpomněl,vzpomenout,pf
en:SaintExupery-Malyprinc:0:shuff:629,cs:SaintExupery-Malyprinc:0:shuff:593,did,do,studoval,studovat,impf
en:SaintExupery-Malyprinc:0:shuff:629,cs:SaintExupery-Malyprinc:0:shuff:593,told,tell,řekl,říci,pf
en:SaintExupery-Malyprinc:0:shuff:629,cs:SaintExupery-Malyprinc:0:shuff:593,draw,draw,kreslit,kreslit,impf
en:SaintExupery-Malyprinc:0:shuff:630,cs:SaintExupery-Malyprinc:0:shuff:594,answered,answer,Odpověděl,odpovědět,pf
en:SaintExupery-Malyprinc:0:shuff:632,cs:SaintExupery-Malyprinc:0:shuff:596,Draw,draw,Nakresli,nakreslit,pf
en:SaintExupery-Malyprinc:0:shuff:633,cs:SaintExupery-Malyprinc:0:shuff:597,try,try,snažíme,snažit,impf
en:SaintExupery-Malyprinc:0:shuff:633,cs:SaintExupery-Malyprinc:0:shuff:597,understand,understand,pochopit,pochopit,pf
en:SaintExupery-Malyprinc:0:shuff:636,cs:SaintExupery-Malyprinc:0:shuff:600,move,move,hnout,hnout,pf
en:SaintExupery-Malyprinc:0:shuff:636,cs:SaintExupery-Malyprinc:0:shuff:600,sleep,sleep,spí,spát,impf
en:SaintExupery-Malyprinc:0:shuff:641,cs:SaintExupery-Malyprinc:0:shuff:604,showed,show,Ukázal,ukázat,pf
en:SaintExupery-Malyprinc:0:shuff:641,cs:SaintExupery-Malyprinc:0:shuff:604,asked,ask,ptal,ptát,impf
en:SaintExupery-Malyprinc:0:shuff:642,cs:SaintExupery-Malyprinc:0:shuff:605,answered,answer,Odpověděli,odpovědět,pf
en:SaintExupery-Malyprinc:0:shuff:645,cs:SaintExupery-Malyprinc:0:shuff:607,tell,tell,řeknu,říci,pf
en:SaintExupery-Malyprinc:0:shuff:646,cs:SaintExupery-Malyprinc:0:shuff:608,Seen,see,viděl,vidět,impf
en:SaintExupery-Malyprinc:0:shuff:646,cs:SaintExupery-Malyprinc:0:shuff:608,make,make,dělalo,dělat,impf
en:SaintExupery-Malyprinc:0:shuff:647,cs:SaintExupery-Malyprinc:0:shuff:609,regulated,regulate,řízeny,řídit,impf
en:SaintExupery-Malyprinc:0:shuff:648,cs:SaintExupery-Malyprinc:0:shuff:610,come,come,přišli,přijít,pf
en:SaintExupery-Malyprinc:0:shuff:650,cs:SaintExupery-Malyprinc:0:shuff:612,judge,judge,soudit,soudit,impf
en:SaintExupery-Malyprinc:0:shuff:650,cs:SaintExupery-Malyprinc:0:shuff:612,answered,answer,odpověděl,odpovědět,pf
en:SaintExupery-Malyprinc:0:shuff:652,cs:SaintExupery-Malyprinc:0:shuff:614,judge,judge,soudit,soudit,impf
en:SaintExupery-Malyprinc:0:shuff:653,cs:SaintExupery-Malyprinc:0:shuff:615,succeed,succeed,podaří,podařit,pf
en:SaintExupery-Malyprinc:0:shuff:653,cs:SaintExupery-Malyprinc:0:shuff:615,judging,judge,soudit,soudit,impf
en:SaintExupery-Malyprinc:0:shuff:654,cs:SaintExupery-Malyprinc:0:shuff:616,judge,judge,soudit,soudit,impf
en:SaintExupery-Malyprinc:0:shuff:655,cs:SaintExupery-Malyprinc:0:shuff:617,need,need,nemusím,muset,impf
en:SaintExupery-Malyprinc:0:shuff:655,cs:SaintExupery-Malyprinc:0:shuff:617,live,live,bydlet,bydlet,impf
en:SaintExupery-Malyprinc:0:shuff:658,cs:SaintExupery-Malyprinc:0:shuff:619,say,say,říkám,říkat,impf
en:SaintExupery-Malyprinc:0:shuff:660,cs:SaintExupery-Malyprinc:0:shuff:621,forgot,forget,zapomněl,zapomenout,pf
en:SaintExupery-Malyprinc:0:shuff:661,cs:SaintExupery-Malyprinc:0:shuff:622,changed,change,mění,měnit,impf
en:SaintExupery-Malyprinc:0:shuff:663,cs:SaintExupery-Malyprinc:0:shuff:624,took,take,vzal,vzít,pf
en:SaintExupery-Malyprinc:0:shuff:664,cs:SaintExupery-Malyprinc:0:shuff:625,moved,move,dojat,dojmout,pf
en:SaintExupery-Malyprinc:0:shuff:665,cs:SaintExupery-Malyprinc:0:shuff:626,carrying,carry,Měl,mít,impf
en:SaintExupery-Malyprinc:0:shuff:665,cs:SaintExupery-Malyprinc:0:shuff:626,carrying,carry,nesl,nést,impf
en:SaintExupery-Malyprinc:0:shuff:666,cs:SaintExupery-Malyprinc:0:shuff:627,seemed,seem,Zdálo,zdát,impf
en:SaintExupery-Malyprinc:0:shuff:667,cs:SaintExupery-Malyprinc:0:shuff:628,said,say,říkal,říkat,impf
en:SaintExupery-Malyprinc:0:shuff:668,cs:SaintExupery-Malyprinc:0:shuff:629,scorned,scorn,pohrdali,pohrdat,impf
en:SaintExupery-Malyprinc:0:shuff:668,cs:SaintExupery-Malyprinc:0:shuff:629,said,say,řekl,říci,pf
en:SaintExupery-Malyprinc:0:shuff:671,cs:SaintExupery-Malyprinc:0:shuff:632,said,say,řekl,říci,pf
en:SaintExupery-Malyprinc:0:shuff:672,cs:SaintExupery-Malyprinc:0:shuff:633,say,say,Řeknete,říci,pf
en:SaintExupery-Malyprinc:0:shuff:673,cs:SaintExupery-Malyprinc:0:shuff:634,saw,see,Viděl,vidět,impf
en:SaintExupery-Malyprinc:0:shuff:674,cs:SaintExupery-Malyprinc:0:shuff:635,say,say,říci,říci,pf
en:SaintExupery-Malyprinc:0:shuff:675,cs:SaintExupery-Malyprinc:0:shuff:636,saw,see,Viděl,vidět,impf
en:SaintExupery-Malyprinc:0:shuff:676,cs:SaintExupery-Malyprinc:0:shuff:637,exclaim,exclaim,zvolají,zvolat,pf
en:SaintExupery-Malyprinc:0:shuff:678,cs:SaintExupery-Malyprinc:0:shuff:639,say,say,řeknete,říci,pf
en:SaintExupery-Malyprinc:0:shuff:679,cs:SaintExupery-Malyprinc:0:shuff:640,write,write,Píšeme,psát,impf
en:SaintExupery-Malyprinc:0:shuff:680,cs:SaintExupery-Malyprinc:0:shuff:641,interrupted,interrupt,přerušil,přerušit,pf
en:SaintExupery-Malyprinc:0:shuff:682,cs:SaintExupery-Malyprinc:0:shuff:643,said,say,řekl,říci,pf
en:SaintExupery-Malyprinc:0:shuff:684,cs:SaintExupery-Malyprinc:0:shuff:645,change,change,nemění,měnit,impf
en:SaintExupery-Malyprinc:0:shuff:685,cs:SaintExupery-Malyprinc:0:shuff:646,seen,see,viděl,vidět,impf
en:SaintExupery-Malyprinc:0:shuff:688,cs:SaintExupery-Malyprinc:0:shuff:650,own,own,máš,mít,impf
en:SaintExupery-Malyprinc:0:shuff:691,cs:SaintExupery-Malyprinc:0:shuff:653,buy,buy,nakoupit,nakoupit,pf
en:SaintExupery-Malyprinc:0:shuff:691,cs:SaintExupery-Malyprinc:0:shuff:653,discovered,discover,objeví,objevit,pf
en:SaintExupery-Malyprinc:0:shuff:692,cs:SaintExupery-Malyprinc:0:shuff:654,said,say,řekl,říci,pf
en:SaintExupery-Malyprinc:0:shuff:693,cs:SaintExupery-Malyprinc:0:shuff:655,looking,look,Hledám,hledat,impf
en:SaintExupery-Malyprinc:0:shuff:695,cs:SaintExupery-Malyprinc:0:shuff:657,said,say,odpověděla,odpovědět,pf
en:SaintExupery-Malyprinc:0:shuff:696,cs:SaintExupery-Malyprinc:0:shuff:658,means,mean,Znamená,znamenat,impf
en:SaintExupery-Malyprinc:0:shuff:696,cs:SaintExupery-Malyprinc:0:shuff:658,establish,establish,vytvořit,vytvořit,pf
en:SaintExupery-Malyprinc:0:shuff:697,cs:SaintExupery-Malyprinc:0:shuff:659,establish,establish,Vytvořit,vytvořit,pf
en:SaintExupery-Malyprinc:0:shuff:698,cs:SaintExupery-Malyprinc:0:shuff:660,said,say,řekla,říci,pf
en:SaintExupery-Malyprinc:0:shuff:707,cs:SaintExupery-Malyprinc:0:shuff:669,sit,sit,posadit,posadit,pf
en:SaintExupery-Malyprinc:0:shuff:708,cs:SaintExupery-Malyprinc:0:shuff:670,answered,answer,odpověděl,odpovědět,pf
en:SaintExupery-Malyprinc:0:shuff:709,cs:SaintExupery-Malyprinc:0:shuff:671,came,come,přicházím,přicházet,impf
en:SaintExupery-Malyprinc:0:shuff:710,cs:SaintExupery-Malyprinc:0:shuff:672,interrupted,interrupt,zarazila,zarazit,pf
en:SaintExupery-Malyprinc:0:shuff:711,cs:SaintExupery-Malyprinc:0:shuff:673,come,come,Přišla,přijít,pf
en:SaintExupery-Malyprinc:0:shuff:713,cs:SaintExupery-Malyprinc:0:shuff:675,let,let,nechala,nechat,pf
en:SaintExupery-Malyprinc:0:shuff:713,cs:SaintExupery-Malyprinc:0:shuff:675,caught,catch,chytit,chytit,pf
en:SaintExupery-Malyprinc:0:shuff:715,cs:SaintExupery-Malyprinc:0:shuff:677,going,go,jít,jít,impf
en:SaintExupery-Malyprinc:0:shuff:715,cs:SaintExupery-Malyprinc:0:shuff:677,spoke,speak,mluvila,mluvit,impf
en:SaintExupery-Malyprinc:0:shuff:725,cs:SaintExupery-Malyprinc:0:shuff:689,dance,dance,Tančí,tančit,impf
en:SaintExupery-Malyprinc:0:shuff:733,cs:SaintExupery-Malyprinc:0:shuff:696,speak,speak,mluvíš,mluvit,impf
en:SaintExupery-Malyprinc:0:shuff:734,cs:SaintExupery-Malyprinc:0:shuff:697,said,say,odpověděl,odpovědět,pf
en:SaintExupery-Malyprinc:0:shuff:740,cs:SaintExupery-Malyprinc:0:shuff:703,ask,ask,nezeptají,zeptat,pf
en:SaintExupery-Malyprinc:0:shuff:743,cs:SaintExupery-Malyprinc:0:shuff:707,collect,collect,Sbírá,sbírat,impf
en:SaintExupery-Malyprinc:0:shuff:747,cs:SaintExupery-Malyprinc:0:shuff:711,weigh,weigh,váží,vážit,impf
en:SaintExupery-Malyprinc:0:shuff:748,cs:SaintExupery-Malyprinc:0:shuff:712,make,make,vydělává,vydělávat,impf
en:SaintExupery-Malyprinc:0:shuff:749,cs:SaintExupery-Malyprinc:0:shuff:713,think,think,myslí,myslet,impf
en:SaintExupery-Malyprinc:0:shuff:750,cs:SaintExupery-Malyprinc:0:shuff:714,reassure,reassure,uklidnilo,uklidnit,pf
en:SaintExupery-Malyprinc:0:shuff:752,cs:SaintExupery-Malyprinc:0:shuff:716,see,see,neviděl,vidět,impf
en:SaintExupery-Malyprinc:0:shuff:754,cs:SaintExupery-Malyprinc:0:shuff:718,catching,catch,dohonil,dohonit,pf
en:SaintExupery-Malyprinc:0:shuff:754,cs:SaintExupery-Malyprinc:0:shuff:718,walking,walk,šel,jít,impf
en:SaintExupery-Malyprinc:0:shuff:758,cs:SaintExupery-Malyprinc:0:shuff:721,took,take,vzal,vzít,pf
en:SaintExupery-Malyprinc:0:shuff:760,cs:SaintExupery-Malyprinc:0:shuff:723,grow,grow,vyrostou,vyrůst,pf
en:SaintExupery-Malyprinc:0:shuff:763,cs:SaintExupery-Malyprinc:0:shuff:726,answered,answer,odpověděl,odpovědět,pf
en:SaintExupery-Malyprinc:0:shuff:763,cs:SaintExupery-Malyprinc:0:shuff:726,come,come,šlo,jít,impf
en:SaintExupery-Malyprinc:0:shuff:763,cs:SaintExupery-Malyprinc:0:shuff:726,come,come,šlo,jít,impf
en:SaintExupery-Malyprinc:0:shuff:766,cs:SaintExupery-Malyprinc:0:shuff:729,believed,believe,Myslel,myslet,impf
en:SaintExupery-Malyprinc:0:shuff:766,cs:SaintExupery-Malyprinc:0:shuff:729,return,return,nevrátí,vrátit,pf
en:SaintExupery-Malyprinc:0:shuff:767,cs:SaintExupery-Malyprinc:0:shuff:730,seemed,seem,zdály,zdát,impf
en:SaintExupery-Malyprinc:0:shuff:768,cs:SaintExupery-Malyprinc:0:shuff:731,watered,water,zalil,zalít,pf
en:SaintExupery-Malyprinc:0:shuff:768,cs:SaintExupery-Malyprinc:0:shuff:731,prepared,prepare,chystal,chystat,impf
en:SaintExupery-Malyprinc:0:shuff:769,cs:SaintExupery-Malyprinc:0:shuff:732,said,say,řekl,říci,pf
en:SaintExupery-Malyprinc:0:shuff:783,cs:SaintExupery-Malyprinc:0:shuff:746,speak,speak,promluvit,promluvit,pf
en:SaintExupery-Malyprinc:0:shuff:783,cs:SaintExupery-Malyprinc:0:shuff:746,speak,speak,řekl,říci,pf
en:SaintExupery-Malyprinc:0:shuff:783,cs:SaintExupery-Malyprinc:0:shuff:746,said,say,řekl,říci,pf
en:SaintExupery-Malyprinc:0:shuff:784,cs:SaintExupery-Malyprinc:0:shuff:747,doing,do,děláš,dělat,impf
en:SaintExupery-Malyprinc:0:shuff:785,cs:SaintExupery-Malyprinc:0:shuff:748,repeated,repeat,opakoval,opakovat,impf
en:SaintExupery-Malyprinc:0:shuff:786,cs:SaintExupery-Malyprinc:0:shuff:749,draw,draw,nakresli,nakreslit,pf
en:SaintExupery-Malyprinc:0:shuff:789,cs:SaintExupery-Malyprinc:0:shuff:753,correct,correct,Opravuji,opravovat,impf
en:SaintExupery-Malyprinc:0:shuff:793,cs:SaintExupery-Malyprinc:0:shuff:757,saw,see,viděl,vidět,impf
en:SaintExupery-Malyprinc:0:shuff:794,cs:SaintExupery-Malyprinc:0:shuff:758,swallowing,swallow,polyká,polykat,impf
en:SaintExupery-Malyprinc:0:shuff:797,cs:SaintExupery-Malyprinc:0:shuff:761,swallow,swallow,polykají,polykat,impf
en:SaintExupery-Malyprinc:0:shuff:799,cs:SaintExupery-Malyprinc:0:shuff:763,own,own,mám,mít,impf
en:SaintExupery-Malyprinc:0:shuff:799,cs:SaintExupery-Malyprinc:0:shuff:763,water,water,zalévám,zalévat,impf
en:SaintExupery-Malyprinc:0:shuff:805,cs:SaintExupery-Malyprinc:0:shuff:770,tell,tell,řekl,říci,pf
en:SaintExupery-Malyprinc:0:shuff:805,cs:SaintExupery-Malyprinc:0:shuff:770,said,say,řekl,říci,pf
en:SaintExupery-Malyprinc:0:shuff:807,cs:SaintExupery-Malyprinc:0:shuff:772,disappointed,disappoint,zklamán,zklamat,pf
en:SaintExupery-Malyprinc:0:shuff:809,cs:SaintExupery-Malyprinc:0:shuff:774,said,say,odpověděl,odpovědět,pf
en:SaintExupery-Malyprinc:0:shuff:811,cs:SaintExupery-Malyprinc:0:shuff:776,tell,tell,řekl,říci,pf
en:SaintExupery-Malyprinc:0:shuff:814,cs:SaintExupery-Malyprinc:0:shuff:779,Come,come,Pojďme,jít,impf
en:SaintExupery-Malyprinc:0:shuff:814,cs:SaintExupery-Malyprinc:0:shuff:779,go,go,Pojďme,jít,impf
en:SaintExupery-Malyprinc:0:shuff:815,cs:SaintExupery-Malyprinc:0:shuff:780,wait,wait,počkat,počkat,pf
en:SaintExupery-Malyprinc:0:shuff:816,cs:SaintExupery-Malyprinc:0:shuff:781,Wait,wait,Počkat,počkat,pf
en:SaintExupery-Malyprinc:0:shuff:822,cs:SaintExupery-Malyprinc:0:shuff:785,said,say,řekl,říci,pf
en:SaintExupery-Malyprinc:0:shuff:823,cs:SaintExupery-Malyprinc:0:shuff:786,thinking,think,myslím,myslet,impf
en:SaintExupery-Malyprinc:0:shuff:825,cs:SaintExupery-Malyprinc:0:shuff:788,see,see,vidím,vidět,impf
en:SaintExupery-Malyprinc:0:shuff:827,cs:SaintExupery-Malyprinc:0:shuff:790,said,say,řekl,říci,pf
en:SaintExupery-Malyprinc:0:shuff:828,cs:SaintExupery-Malyprinc:0:shuff:791,moves,move,dojímá,dojímat,impf
en:SaintExupery-Malyprinc:0:shuff:828,cs:SaintExupery-Malyprinc:0:shuff:791,sleeping,sleep,spí,spát,impf
en:SaintExupery-Malyprinc:0:shuff:829,cs:SaintExupery-Malyprinc:0:shuff:792,felt,feel,tušil,tušit,impf
en:SaintExupery-Malyprinc:0:shuff:830,cs:SaintExupery-Malyprinc:0:shuff:793,wish,wish,Nechtěla,chtít,impf
en:SaintExupery-Malyprinc:0:shuff:831,cs:SaintExupery-Malyprinc:0:shuff:794,wished,wish,Chtěla,chtít,impf
en:SaintExupery-Malyprinc:0:shuff:831,cs:SaintExupery-Malyprinc:0:shuff:794,appear,appear,objevit,objevit,pf
en:SaintExupery-Malyprinc:0:shuff:834,cs:SaintExupery-Malyprinc:0:shuff:796,lasted,last,trvala,trvat,impf
en:SaintExupery-Malyprinc:0:shuff:835,cs:SaintExupery-Malyprinc:0:shuff:797,showed,show,ukázala,ukázat,pf
en:SaintExupery-Malyprinc:0:shuff:836,cs:SaintExupery-Malyprinc:0:shuff:798,said,say,řekla,říci,pf
en:SaintExupery-Malyprinc:0:shuff:839,cs:SaintExupery-Malyprinc:0:shuff:800,excuse,excuse,Promiňte,prominout,pf
en:SaintExupery-Malyprinc:0:shuff:839,cs:SaintExupery-Malyprinc:0:shuff:800,beg,beg,prosím,prosit,impf
en:SaintExupery-Malyprinc:0:shuff:842,cs:SaintExupery-Malyprinc:0:shuff:803,went,go,pokračoval,pokračovat,impf
en:SaintExupery-Malyprinc:0:shuff:843,cs:SaintExupery-Malyprinc:0:shuff:804,die,die,umřít,umřít,pf
en:SaintExupery-Malyprinc:0:shuff:844,cs:SaintExupery-Malyprinc:0:shuff:805,think,think,myslel,myslet,impf
en:SaintExupery-Malyprinc:0:shuff:845,cs:SaintExupery-Malyprinc:0:shuff:806,watered,water,zaléval,zalévat,impf
en:SaintExupery-Malyprinc:0:shuff:847,cs:SaintExupery-Malyprinc:0:shuff:808,love,love,milovat,milovat,impf
en:SaintExupery-Malyprinc:0:shuff:848,cs:SaintExupery-Malyprinc:0:shuff:809,gazed,gaze,dívala,dívat,impf
en:SaintExupery-Malyprinc:0:shuff:849,cs:SaintExupery-Malyprinc:0:shuff:810,said,say,řekla,říci,pf
en:SaintExupery-Malyprinc:0:shuff:852,cs:SaintExupery-Malyprinc:0:shuff:812,discover,discover,objevit,objevit,pf
en:SaintExupery-Malyprinc:0:shuff:853,cs:SaintExupery-Malyprinc:0:shuff:813,danced,dance,tančili,tančit,impf
en:SaintExupery-Malyprinc:0:shuff:856,cs:SaintExupery-Malyprinc:0:shuff:816,cry,cry,plakat,plakat,impf
en:SaintExupery-Malyprinc:0:shuff:856,cs:SaintExupery-Malyprinc:0:shuff:816,said,say,řekla,říci,pf
en:SaintExupery-Malyprinc:0:shuff:857,cs:SaintExupery-Malyprinc:0:shuff:817,said,say,řekl,říci,pf
en:SaintExupery-Malyprinc:0:shuff:863,cs:SaintExupery-Malyprinc:0:shuff:821,looking,look,Hledám,hledat,impf
en:SaintExupery-Malyprinc:0:shuff:868,cs:SaintExupery-Malyprinc:0:shuff:825,raise,raise,Pěstují,pěstovat,impf
en:SaintExupery-Malyprinc:0:shuff:870,cs:SaintExupery-Malyprinc:0:shuff:827,looking,look,Hledáš,hledat,impf
en:SaintExupery-Malyprinc:0:shuff:871,cs:SaintExupery-Malyprinc:0:shuff:828,protecting,protect,chránit,chránit,impf
en:SaintExupery-Malyprinc:0:shuff:871,cs:SaintExupery-Malyprinc:0:shuff:828,extinguished,extinguish,zhasne,zhasnout,pf
en:SaintExupery-Malyprinc:0:shuff:872,cs:SaintExupery-Malyprinc:0:shuff:829,walked,walk,kráčel,kráčet,impf
en:SaintExupery-Malyprinc:0:shuff:872,cs:SaintExupery-Malyprinc:0:shuff:829,found,find,objevil,objevit,pf
en:SaintExupery-Malyprinc:0:shuff:874,cs:SaintExupery-Malyprinc:0:shuff:831,said,say,řekl,říci,pf
en:SaintExupery-Malyprinc:0:shuff:874,cs:SaintExupery-Malyprinc:0:shuff:831,looking,look,hledají,hledat,impf
en:SaintExupery-Malyprinc:0:shuff:875,cs:SaintExupery-Malyprinc:0:shuff:832,turn,turn,točí,točit,impf
en:SaintExupery-Malyprinc:0:shuff:876,cs:SaintExupery-Malyprinc:0:shuff:833,added,add,dodal,dodat,pf
en:SaintExupery-Malyprinc:0:shuff:879,cs:SaintExupery-Malyprinc:0:shuff:835,took,take,Udělal,udělat,pf
en:SaintExupery-Malyprinc:0:shuff:880,cs:SaintExupery-Malyprinc:0:shuff:836,move,move,pohnout,pohnout,pf
en:SaintExupery-Malyprinc:0:shuff:883,cs:SaintExupery-Malyprinc:0:shuff:839,cry,cry,Nevykřikl,vykřiknout,pf
en:SaintExupery-Malyprinc:0:shuff:884,cs:SaintExupery-Malyprinc:0:shuff:840,fell,fall,Klesl,klesnout,pf
en:SaintExupery-Malyprinc:0:shuff:884,cs:SaintExupery-Malyprinc:0:shuff:840,falls,fall,Klesl,klesnout,pf
en:SaintExupery-Malyprinc:0:shuff:884,cs:SaintExupery-Malyprinc:0:shuff:840,fell,fall,padá,padat,impf
en:SaintExupery-Malyprinc:0:shuff:884,cs:SaintExupery-Malyprinc:0:shuff:840,falls,fall,padá,padat,impf
en:SaintExupery-Malyprinc:0:shuff:888,cs:SaintExupery-Malyprinc:0:shuff:844,told,tell,nevyprávěl,vyprávět,impf
en:SaintExupery-Malyprinc:0:shuff:892,cs:SaintExupery-Malyprinc:0:shuff:848,said,say,řekl,říci,pf
en:SaintExupery-Malyprinc:0:shuff:894,cs:SaintExupery-Malyprinc:0:shuff:850,said,say,odpověděl,odpovědět,pf
en:SaintExupery-Malyprinc:0:shuff:895,cs:SaintExupery-Malyprinc:0:shuff:851,said,say,řekl,říci,pf
en:SaintExupery-Malyprinc:0:shuff:908,cs:SaintExupery-Malyprinc:0:shuff:863,require,require,žádat,žádat,impf
en:SaintExupery-Malyprinc:0:shuff:910,cs:SaintExupery-Malyprinc:0:shuff:865,ordered,order,Poručíš,poručit,pf
en:SaintExupery-Malyprinc:0:shuff:910,cs:SaintExupery-Malyprinc:0:shuff:865,go,go,šel,jít,impf
en:SaintExupery-Malyprinc:0:shuff:910,cs:SaintExupery-Malyprinc:0:shuff:865,throw,throw,vrhl,vrhnout,pf
en:SaintExupery-Malyprinc:0:shuff:911,cs:SaintExupery-Malyprinc:0:shuff:866,require,require,vyžadovat,vyžadovat,impf
en:SaintExupery-Malyprinc:0:shuff:912,cs:SaintExupery-Malyprinc:0:shuff:867,reminded,remind,připomněl,připomenout,pf
en:SaintExupery-Malyprinc:0:shuff:912,cs:SaintExupery-Malyprinc:0:shuff:867,forgot,forget,nezapomínal,zapomínat,impf
en:SaintExupery-Malyprinc:0:shuff:914,cs:SaintExupery-Malyprinc:0:shuff:869,look,look,dívá,dívat,impf
en:SaintExupery-Malyprinc:0:shuff:915,cs:SaintExupery-Malyprinc:0:shuff:870,say,say,Řekne,říci,pf
en:SaintExupery-Malyprinc:0:shuff:919,cs:SaintExupery-Malyprinc:0:shuff:874,say,say,mluvit,mluvit,impf
en:SaintExupery-Malyprinc:0:shuff:922,cs:SaintExupery-Malyprinc:0:shuff:877,run,run,utéci,utéci,pf
en:SaintExupery-Malyprinc:0:shuff:927,cs:SaintExupery-Malyprinc:0:shuff:882,believe,believe,myslím,myslet,impf
en:SaintExupery-Malyprinc:0:shuff:928,cs:SaintExupery-Malyprinc:0:shuff:883,put,put,dal,dát,pf
en:SaintExupery-Malyprinc:0:shuff:931,cs:SaintExupery-Malyprinc:0:shuff:886,seem,seem,zdají,zdát,impf
en:SaintExupery-Malyprinc:0:shuff:933,cs:SaintExupery-Malyprinc:0:shuff:888,bring,bring,způsobil,způsobit,pf
en:SaintExupery-Malyprinc:0:shuff:934,cs:SaintExupery-Malyprinc:0:shuff:889,drank,drink,pil,pít,impf
en:SaintExupery-Malyprinc:0:shuff:935,cs:SaintExupery-Malyprinc:0:shuff:890,asked,ask,zeptal,zeptat,pf
en:SaintExupery-Malyprinc:0:shuff:936,cs:SaintExupery-Malyprinc:0:shuff:891,see,see,vidí,vidět,impf
en:SaintExupery-Malyprinc:0:shuff:937,cs:SaintExupery-Malyprinc:0:shuff:892,note,note,zaznamenat,zaznamenat,pf
en:SaintExupery-Malyprinc:0:shuff:943,cs:SaintExupery-Malyprinc:0:shuff:898,changed,change,změnil,změnit,pf
en:SaintExupery-Malyprinc:0:shuff:944,cs:SaintExupery-Malyprinc:0:shuff:899,changed,change,nezměnil,změnit,pf
en:SaintExupery-Malyprinc:0:shuff:944,cs:SaintExupery-Malyprinc:0:shuff:899,said,say,řekl,říci,pf
en:SaintExupery-Malyprinc:0:shuff:946,cs:SaintExupery-Malyprinc:0:shuff:901,Let,let,Nech,nechat,pf
en:SaintExupery-Malyprinc:0:shuff:946,cs:SaintExupery-Malyprinc:0:shuff:901,go,go,jít,jít,impf
en:SaintExupery-Malyprinc:0:shuff:947,cs:SaintExupery-Malyprinc:0:shuff:902,sat,sit,Posadil,posadit,pf
en:SaintExupery-Malyprinc:0:shuff:952,cs:SaintExupery-Malyprinc:0:shuff:907,protect,protect,chránily,chránit,impf
en:SaintExupery-Malyprinc:0:shuff:955,cs:SaintExupery-Malyprinc:0:shuff:913,made,make,přinutil,přinutit,pf
en:SaintExupery-Malyprinc:0:shuff:958,cs:SaintExupery-Malyprinc:0:shuff:916,told,tell,Vyprávěl,vyprávět,impf
en:SaintExupery-Malyprinc:0:shuff:958,cs:SaintExupery-Malyprinc:0:shuff:916,told,tell,pověděl,povědět,pf
en:SaintExupery-Malyprinc:0:shuff:962,cs:SaintExupery-Malyprinc:0:shuff:919,want,want,Nechtěla,chtít,impf
en:SaintExupery-Malyprinc:0:shuff:962,cs:SaintExupery-Malyprinc:0:shuff:919,see,see,viděl,vidět,impf
en:SaintExupery-Malyprinc:0:shuff:967,cs:SaintExupery-Malyprinc:0:shuff:924,inhabited,inhabit,bydlel,bydlet,impf
en:SaintExupery-Malyprinc:0:shuff:971,cs:SaintExupery-Malyprinc:0:shuff:928,said,say,řekl,říci,pf
en:SaintExupery-Malyprinc:0:shuff:974,cs:SaintExupery-Malyprinc:0:shuff:931,turned,turn,točila,točit,impf
en:SaintExupery-Malyprinc:0:shuff:974,cs:SaintExupery-Malyprinc:0:shuff:931,turned,turn,nezměnil,změnit,pf
en:SaintExupery-Malyprinc:0:shuff:974,cs:SaintExupery-Malyprinc:0:shuff:931,changed,change,nezměnil,změnit,pf
en:SaintExupery-Malyprinc:0:shuff:979,cs:SaintExupery-Malyprinc:0:shuff:936,lasts,last,trvají,trvat,impf
en:SaintExupery-Malyprinc:0:shuff:980,cs:SaintExupery-Malyprinc:0:shuff:937,said,say,řekl,říci,pf
en:SaintExupery-Malyprinc:0:shuff:981,cs:SaintExupery-Malyprinc:0:shuff:938,see,see,uvidím,uvidět,pf
en:SaintExupery-Malyprinc:0:shuff:982,cs:SaintExupery-Malyprinc:0:shuff:939,saw,see,spatřil,spatřit,pf
en:SaintExupery-Malyprinc:0:shuff:985,cs:SaintExupery-Malyprinc:0:shuff:944,said,say,řekl,říci,pf
en:SaintExupery-Malyprinc:0:shuff:987,cs:SaintExupery-Malyprinc:0:shuff:946,saw,see,viděl,vidět,impf
en:SaintExupery-Malyprinc:0:shuff:987,cs:SaintExupery-Malyprinc:0:shuff:946,sitting,sit,sedí,sedět,impf
en:SaintExupery-Malyprinc:0:shuff:988,cs:SaintExupery-Malyprinc:0:shuff:947,heard,hear,slyšel,slyšet,impf
en:SaintExupery-Malyprinc:0:shuff:988,cs:SaintExupery-Malyprinc:0:shuff:947,say,say,říká,říkat,impf
en:SaintExupery-Malyprinc:0:shuff:989,cs:SaintExupery-Malyprinc:0:shuff:948,remember,remember,nevzpomínáš,vzpomínat,impf
en:SaintExupery-Malyprinc:0:shuff:991,cs:SaintExupery-Malyprinc:0:shuff:950,answered,answer,odpověděl,odpovědět,pf
en:SaintExupery-Malyprinc:0:shuff:991,cs:SaintExupery-Malyprinc:0:shuff:950,replied,reply,odpověděl,odpovědět,pf
en:SaintExupery-Malyprinc:0:shuff:997,cs:SaintExupery-Malyprinc:0:shuff:955,said,say,řekla,říci,pf
en:SaintExupery-Malyprinc:0:shuff:999,cs:SaintExupery-Malyprinc:0:shuff:957,Try,try,Snaž,snažit,impf
en:SaintExupery-Malyprinc:0:shuff:1000,cs:SaintExupery-Malyprinc:0:shuff:958,surprised,surprise,překvapen,překvapit,pf
en:SaintExupery-Malyprinc:0:shuff:1002,cs:SaintExupery-Malyprinc:0:shuff:960,understand,understand,Nechápal,chápat,impf
en:SaintExupery-Malyprinc:0:shuff:1003,cs:SaintExupery-Malyprinc:0:shuff:961,said,say,řekla,říci,pf
en:SaintExupery-Malyprinc:0:shuff:1006,cs:SaintExupery-Malyprinc:0:shuff:963,explained,explain,nevysvětloval,vysvětlovat,impf
en:SaintExupery-Malyprinc:0:shuff:1007,cs:SaintExupery-Malyprinc:0:shuff:964,thought,think,myslel,myslet,impf
en:SaintExupery-Malyprinc:0:shuff:1008,cs:SaintExupery-Malyprinc:0:shuff:965,see,see,vidět,vidět,impf
en:SaintExupery-Malyprinc:0:shuff:1012,cs:SaintExupery-Malyprinc:0:shuff:969,said,say,řekla,říci,pf
en:SaintExupery-Malyprinc:0:shuff:1016,cs:SaintExupery-Malyprinc:0:shuff:972,repeated,repeat,opakoval,opakovat,impf
en:SaintExupery-Malyprinc:0:shuff:1016,cs:SaintExupery-Malyprinc:0:shuff:972,remember,remember,zapamatoval,zapamatovat,pf
en:SaintExupery-Malyprinc:0:shuff:1020,cs:SaintExupery-Malyprinc:0:shuff:977,answer,answer,neodpověděl,odpovědět,pf
en:SaintExupery-Malyprinc:0:shuff:1021,cs:SaintExupery-Malyprinc:0:shuff:978,said,say,Pravil,pravit,pf
en:SaintExupery-Malyprinc:0:shuff:1022,cs:SaintExupery-Malyprinc:0:shuff:979,seen,see,nevidíme,vidět,impf
en:SaintExupery-Malyprinc:0:shuff:1025,cs:SaintExupery-Malyprinc:0:shuff:982,cough,cough,kašlala,kašlat,impf
en:SaintExupery-Malyprinc:0:shuff:1025,cs:SaintExupery-Malyprinc:0:shuff:982,pretend,pretend,předstírala,předstírat,impf
en:SaintExupery-Malyprinc:0:shuff:1025,cs:SaintExupery-Malyprinc:0:shuff:982,dying,die,umírá,umírat,impf
en:SaintExupery-Malyprinc:0:shuff:1026,cs:SaintExupery-Malyprinc:0:shuff:983,did,do,dělat,dělat,impf
en:SaintExupery-Malyprinc:0:shuff:1026,cs:SaintExupery-Malyprinc:0:shuff:983,do,do,dělat,dělat,impf
en:SaintExupery-Malyprinc:0:shuff:1026,cs:SaintExupery-Malyprinc:0:shuff:983,nursing,nurse,pečuji,pečovat,impf
en:SaintExupery-Malyprinc:0:shuff:1026,cs:SaintExupery-Malyprinc:0:shuff:983,die,die,umřela,umřít,pf
en:SaintExupery-Malyprinc:0:shuff:1030,cs:SaintExupery-Malyprinc:0:shuff:986,looking,look,hledají,hledat,impf
en:SaintExupery-Malyprinc:0:shuff:1030,cs:SaintExupery-Malyprinc:0:shuff:986,said,say,pravil,pravit,pf
en:SaintExupery-Malyprinc:0:shuff:1033,cs:SaintExupery-Malyprinc:0:shuff:988,said,say,řekl,říci,pf
en:SaintExupery-Malyprinc:0:shuff:1036,cs:SaintExupery-Malyprinc:0:shuff:991,said,say,řekl,říci,pf
en:SaintExupery-Malyprinc:0:shuff:1038,cs:SaintExupery-Malyprinc:0:shuff:993,drinking,drink,Piji,pít,impf
en:SaintExupery-Malyprinc:0:shuff:1038,cs:SaintExupery-Malyprinc:0:shuff:993,replied,reply,odpověděl,odpovědět,pf
en:SaintExupery-Malyprinc:0:shuff:1039,cs:SaintExupery-Malyprinc:0:shuff:994,drinking,drink,piješ,pít,impf
en:SaintExupery-Malyprinc:0:shuff:1040,cs:SaintExupery-Malyprinc:0:shuff:995,forget,forget,zapomněl,zapomenout,pf
en:SaintExupery-Malyprinc:0:shuff:1041,cs:SaintExupery-Malyprinc:0:shuff:996,Forget,forget,zapomněl,zapomenout,pf
en:SaintExupery-Malyprinc:0:shuff:1042,cs:SaintExupery-Malyprinc:0:shuff:997,Forget,forget,zapomněl,zapomenout,pf
en:SaintExupery-Malyprinc:0:shuff:1042,cs:SaintExupery-Malyprinc:0:shuff:997,confessed,confess,přiznal,přiznat,pf
en:SaintExupery-Malyprinc:0:shuff:1043,cs:SaintExupery-Malyprinc:0:shuff:998,help,help,pomohl,pomoci,pf
en:SaintExupery-Malyprinc:0:shuff:1044,cs:SaintExupery-Malyprinc:0:shuff:999,comforted,comfort,utěšíš,utěšit,pf
en:SaintExupery-Malyprinc:0:shuff:1044,cs:SaintExupery-Malyprinc:0:shuff:999,comforted,comfort,utěší,utěšit,pf
en:SaintExupery-Malyprinc:0:shuff:1046,cs:SaintExupery-Malyprinc:0:shuff:1001,laugh,laugh,smát,smát,impf
en:SaintExupery-Malyprinc:0:shuff:1047,cs:SaintExupery-Malyprinc:0:shuff:1002,open,open,otevřeš,otevřít,pf
en:SaintExupery-Malyprinc:0:shuff:1048,cs:SaintExupery-Malyprinc:0:shuff:1003,see,see,uvidí,uvidět,pf
en:SaintExupery-Malyprinc:0:shuff:1048,cs:SaintExupery-Malyprinc:0:shuff:1003,laughing,laugh,smát,smát,impf
en:SaintExupery-Malyprinc:0:shuff:1050,cs:SaintExupery-Malyprinc:0:shuff:1006,think,think,myslet,myslet,impf
en:SaintExupery-Malyprinc:0:shuff:1051,cs:SaintExupery-Malyprinc:0:shuff:1007,go,go,šli,jít,impf
en:SaintExupery-Malyprinc:0:shuff:1051,cs:SaintExupery-Malyprinc:0:shuff:1007,sleep,sleep,spát,spát,impf
en:SaintExupery-Malyprinc:0:shuff:1062,cs:SaintExupery-Malyprinc:0:shuff:1018,reply,reply,Neodpověděl,odpovědět,pf
en:SaintExupery-Malyprinc:0:shuff:1063,cs:SaintExupery-Malyprinc:0:shuff:1019,said,say,Řekl,říci,pf
en:SaintExupery-Malyprinc:0:shuff:1065,cs:SaintExupery-Malyprinc:0:shuff:1021,understand,understand,Nerozuměl,rozumět,impf
en:SaintExupery-Malyprinc:0:shuff:1069,cs:SaintExupery-Malyprinc:0:shuff:1025,drawn,draw,nakreslil,nakreslit,pf
en:SaintExupery-Malyprinc:0:shuff:1070,cs:SaintExupery-Malyprinc:0:shuff:1026,appeared,appear,objevil,objevit,pf
en:SaintExupery-Malyprinc:0:shuff:1070,cs:SaintExupery-Malyprinc:0:shuff:1026,disappeared,disappear,zmizel,zmizet,pf
en:SaintExupery-Malyprinc:0:shuff:1071,cs:SaintExupery-Malyprinc:0:shuff:1027,recognize,recognize,poznali,poznat,pf
en:SaintExupery-Malyprinc:0:shuff:1071,cs:SaintExupery-Malyprinc:0:shuff:1027,travel,travel,cestovat,cestovat,impf
en:SaintExupery-Malyprinc:0:shuff:1073,cs:SaintExupery-Malyprinc:0:shuff:1029,drew,draw,nakreslil,nakreslit,pf
en:SaintExupery-Malyprinc:0:shuff:1073,cs:SaintExupery-Malyprinc:0:shuff:1029,forgot,forget,zapomněl,zapomenout,pf
en:SaintExupery-Malyprinc:0:shuff:1073,cs:SaintExupery-Malyprinc:0:shuff:1029,add,add,připojit,připojit,pf
en:SaintExupery-Malyprinc:0:shuff:1079,cs:SaintExupery-Malyprinc:0:shuff:1036,watches,watch,hlídá,hlídat,impf
en:SaintExupery-Malyprinc:0:shuff:1080,cs:SaintExupery-Malyprinc:0:shuff:1037,left,leave,nechal,nechat,pf
en:SaintExupery-Malyprinc:0:shuff:1083,cs:SaintExupery-Malyprinc:0:shuff:1040,advise,advise,radíte,radit,impf
en:SaintExupery-Malyprinc:0:shuff:1083,cs:SaintExupery-Malyprinc:0:shuff:1040,visit,visit,navštívil,navštívit,pf
en:SaintExupery-Malyprinc:0:shuff:1084,cs:SaintExupery-Malyprinc:0:shuff:1041,replied,reply,odpověděl,odpovědět,pf
en:SaintExupery-Malyprinc:0:shuff:1086,cs:SaintExupery-Malyprinc:0:shuff:1043,went,go,odešel,odejít,pf
en:SaintExupery-Malyprinc:0:shuff:1086,cs:SaintExupery-Malyprinc:0:shuff:1043,thinking,think,myslel,myslet,impf
en:SaintExupery-Malyprinc:0:shuff:1093,cs:SaintExupery-Malyprinc:0:shuff:1049,hear,hear,slyšel,slyšet,impf
en:SaintExupery-Malyprinc:0:shuff:1095,cs:SaintExupery-Malyprinc:0:shuff:1051,want,want,nechci,chtít,impf
en:SaintExupery-Malyprinc:0:shuff:1098,cs:SaintExupery-Malyprinc:0:shuff:1054,need,need,Potřebuji,potřebovat,impf
en:SaintExupery-Malyprinc:0:shuff:1100,cs:SaintExupery-Malyprinc:0:shuff:1057,said,say,řekla,říci,pf
en:SaintExupery-Malyprinc:0:shuff:1101,cs:SaintExupery-Malyprinc:0:shuff:1058,Come,come,Pojď,jít,impf
en:SaintExupery-Malyprinc:0:shuff:1101,cs:SaintExupery-Malyprinc:0:shuff:1058,play,play,hrát,hrát,impf
en:SaintExupery-Malyprinc:0:shuff:1101,cs:SaintExupery-Malyprinc:0:shuff:1058,proposed,propose,navrhl,navrhnout,pf
en:SaintExupery-Malyprinc:0:shuff:1103,cs:SaintExupery-Malyprinc:0:shuff:1060,play,play,hrát,hrát,impf
en:SaintExupery-Malyprinc:0:shuff:1107,cs:SaintExupery-Malyprinc:0:shuff:1063,added,add,dodal,dodat,pf
en:SaintExupery-Malyprinc:0:shuff:1110,cs:SaintExupery-Malyprinc:0:shuff:1065,appears,appear,přijde,přijít,pf
en:SaintExupery-Malyprinc:0:shuff:1110,cs:SaintExupery-Malyprinc:0:shuff:1065,laughs,laugh,smát,smát,impf
en:SaintExupery-Malyprinc:0:shuff:1110,cs:SaintExupery-Malyprinc:0:shuff:1065,answer,answer,odpovídat,odpovídat,impf
en:SaintExupery-Malyprinc:0:shuff:1116,cs:SaintExupery-Malyprinc:0:shuff:1070,said,say,řekl,říci,pf
en:SaintExupery-Malyprinc:0:shuff:1117,cs:SaintExupery-Malyprinc:0:shuff:1071,said,say,odpověděla,odpovědět,pf
en:SaintExupery-Malyprinc:0:shuff:1119,cs:SaintExupery-Malyprinc:0:shuff:1073,climbed,climb,vystoupil,vystoupit,pf
en:SaintExupery-Malyprinc:0:shuff:1121,cs:SaintExupery-Malyprinc:0:shuff:1075,used,use,používal,používat,impf
en:SaintExupery-Malyprinc:0:shuff:1122,cs:SaintExupery-Malyprinc:0:shuff:1076,want,want,chtít,chtít,impf
en:SaintExupery-Malyprinc:0:shuff:1122,cs:SaintExupery-Malyprinc:0:shuff:1076,like,like,chtít,chtít,impf
en:SaintExupery-Malyprinc:0:shuff:1122,cs:SaintExupery-Malyprinc:0:shuff:1076,rest,rest,odpočinout,odpočinout,pf
en:SaintExupery-Malyprinc:0:shuff:1122,cs:SaintExupery-Malyprinc:0:shuff:1076,walk,walk,půjdeš,jít,impf
en:SaintExupery-Malyprinc:0:shuff:1122,cs:SaintExupery-Malyprinc:0:shuff:1076,last,last,trvat,trvat,impf
en:SaintExupery-Malyprinc:0:shuff:1122,cs:SaintExupery-Malyprinc:0:shuff:1076,want,want,chtít,chtít,impf
en:SaintExupery-Malyprinc:0:shuff:1122,cs:SaintExupery-Malyprinc:0:shuff:1076,like,like,chtít,chtít,impf
en:SaintExupery-Malyprinc:0:shuff:1123,cs:SaintExupery-Malyprinc:0:shuff:1077,said,say,řekl,říci,pf
en:SaintExupery-Malyprinc:0:shuff:1124,cs:SaintExupery-Malyprinc:0:shuff:1078,sleep,sleep,spím,spát,impf
en:SaintExupery-Malyprinc:0:shuff:1126,cs:SaintExupery-Malyprinc:0:shuff:1079,said,say,řekl,říci,pf
en:SaintExupery-Malyprinc:0:shuff:1136,cs:SaintExupery-Malyprinc:0:shuff:1088,said,say,řekla,říci,pf
en:SaintExupery-Malyprinc:0:shuff:1137,cs:SaintExupery-Malyprinc:0:shuff:1089,cry,cry,plakat,plakat,impf
en:SaintExupery-Malyprinc:0:shuff:1138,cs:SaintExupery-Malyprinc:0:shuff:1090,said,say,řekla,říci,pf
en:SaintExupery-Malyprinc:0:shuff:1141,cs:SaintExupery-Malyprinc:0:shuff:1093,added,add,dodala,dodat,pf
en:SaintExupery-Malyprinc:0:shuff:1142,cs:SaintExupery-Malyprinc:0:shuff:1094,Go,go,Jdi,jít,impf
en:SaintExupery-Malyprinc:0:shuff:1142,cs:SaintExupery-Malyprinc:0:shuff:1094,look,look,podívat,podívat,pf
en:SaintExupery-Malyprinc:0:shuff:1143,cs:SaintExupery-Malyprinc:0:shuff:1095,understand,understand,Pochopíš,pochopit,pf
en:SaintExupery-Malyprinc:0:shuff:1147,cs:SaintExupery-Malyprinc:0:shuff:1099,confess,confess,přiznat,přiznat,pf
en:SaintExupery-Malyprinc:0:shuff:1150,cs:SaintExupery-Malyprinc:0:shuff:1102,inhabited,inhabit,Bydlel,bydlet,impf
en:SaintExupery-Malyprinc:0:shuff:1151,cs:SaintExupery-Malyprinc:0:shuff:1103,understand,understand,chápe,chápat,impf
en:SaintExupery-Malyprinc:0:shuff:1152,cs:SaintExupery-Malyprinc:0:shuff:1104,want,want,Nechci,chtít,impf
en:SaintExupery-Malyprinc:0:shuff:1152,cs:SaintExupery-Malyprinc:0:shuff:1104,read,read,četla,číst,impf
en:SaintExupery-Malyprinc:0:shuff:1153,cs:SaintExupery-Malyprinc:0:shuff:1105,suffered,suffer,mám,mít,impf
en:SaintExupery-Malyprinc:0:shuff:1154,cs:SaintExupery-Malyprinc:0:shuff:1106,went,go,odešel,odejít,pf
en:SaintExupery-Malyprinc:0:shuff:1155,cs:SaintExupery-Malyprinc:0:shuff:1107,try,try,Snažím,snažit,impf
en:SaintExupery-Malyprinc:0:shuff:1155,cs:SaintExupery-Malyprinc:0:shuff:1107,describe,describe,popsat,popsat,pf
en:SaintExupery-Malyprinc:0:shuff:1155,cs:SaintExupery-Malyprinc:0:shuff:1107,make,make,dělám,dělat,impf
en:SaintExupery-Malyprinc:0:shuff:1155,cs:SaintExupery-Malyprinc:0:shuff:1107,forget,forget,nezapomněl,zapomenout,pf
en:SaintExupery-Malyprinc:0:shuff:1156,cs:SaintExupery-Malyprinc:0:shuff:1108,forget,forget,zapomenout,zapomenout,pf
en:SaintExupery-Malyprinc:0:shuff:1158,cs:SaintExupery-Malyprinc:0:shuff:1110,surprised,surprise,překvapen,překvapit,pf
en:SaintExupery-Malyprinc:0:shuff:1158,cs:SaintExupery-Malyprinc:0:shuff:1110,see,see,nevidí,vidět,impf
en:SaintExupery-Malyprinc:0:shuff:1160,cs:SaintExupery-Malyprinc:0:shuff:1112,said,say,řekl,říci,pf
en:SaintExupery-Malyprinc:0:shuff:1161,cs:SaintExupery-Malyprinc:0:shuff:1113,said,say,odpověděl,odpovědět,pf
en:SaintExupery-Malyprinc:0:shuff:1162,cs:SaintExupery-Malyprinc:0:shuff:1114,asked,ask,zeptal,zeptat,pf
en:SaintExupery-Malyprinc:0:shuff:1173,cs:SaintExupery-Malyprinc:0:shuff:1123,wait,wait,počkám,počkat,pf
en:SaintExupery-Malyprinc:0:shuff:1181,cs:SaintExupery-Malyprinc:0:shuff:1127,see,see,uvidíš,uvidět,pf
en:SaintExupery-Malyprinc:0:shuff:1181,cs:SaintExupery-Malyprinc:0:shuff:1127,obeyed,obey,plněny,plnit,impf
en:SaintExupery-Malyprinc:0:shuff:1183,cs:SaintExupery-Malyprinc:0:shuff:1129,given,give,dal,dát,pf
en:SaintExupery-Malyprinc:0:shuff:1185,cs:SaintExupery-Malyprinc:0:shuff:1131,give,give,dám,dát,pf
en:SaintExupery-Malyprinc:0:shuff:1185,cs:SaintExupery-Malyprinc:0:shuff:1131,tie,tie,přivázat,přivázat,pf
en:SaintExupery-Malyprinc:0:shuff:1188,cs:SaintExupery-Malyprinc:0:shuff:1134,Tie,tie,Přivázat,přivázat,pf
en:SaintExupery-Malyprinc:0:shuff:1192,cs:SaintExupery-Malyprinc:0:shuff:1140,hides,hide,skrývá,skrývat,impf
en:SaintExupery-Malyprinc:0:shuff:1192,cs:SaintExupery-Malyprinc:0:shuff:1140,said,say,řekl,říci,pf
en:SaintExupery-Malyprinc:0:shuff:1193,cs:SaintExupery-Malyprinc:0:shuff:1141,astonished,astonish,překvapen,překvapit,pf
en:SaintExupery-Malyprinc:0:shuff:1194,cs:SaintExupery-Malyprinc:0:shuff:1142,lived,live,bydlel,bydlet,impf
en:SaintExupery-Malyprinc:0:shuff:1194,cs:SaintExupery-Malyprinc:0:shuff:1142,told,tell,vyprávěla,vyprávět,impf
en:SaintExupery-Malyprinc:0:shuff:1195,cs:SaintExupery-Malyprinc:0:shuff:1143,believe,believe,Nevěřím,věřit,impf
en:SaintExupery-Malyprinc:0:shuff:1199,cs:SaintExupery-Malyprinc:0:shuff:1147,believe,believe,Myslí,myslet,impf
en:SaintExupery-Malyprinc:0:shuff:1200,cs:SaintExupery-Malyprinc:0:shuff:1148,answer,answer,Neodpověděl,odpovědět,pf
en:SaintExupery-Malyprinc:0:shuff:1201,cs:SaintExupery-Malyprinc:0:shuff:1149,saying,say,říkal,říkat,impf
en:SaintExupery-Malyprinc:0:shuff:1204,cs:SaintExupery-Malyprinc:0:shuff:1152,believe,believe,myslíš,myslet,impf
en:SaintExupery-Malyprinc:0:shuff:1205,cs:SaintExupery-Malyprinc:0:shuff:1153,repeated,repeat,opakoval,opakovat,impf
en:SaintExupery-Malyprinc:0:shuff:1206,cs:SaintExupery-Malyprinc:0:shuff:1154,means,mean,znamená,znamenat,impf
en:SaintExupery-Malyprinc:0:shuff:1209,cs:SaintExupery-Malyprinc:0:shuff:1157,said,say,řekl,říci,pf
en:SaintExupery-Malyprinc:0:shuff:1217,cs:SaintExupery-Malyprinc:0:shuff:1163,fly,fly,létal,létat,impf
en:SaintExupery-Malyprinc:0:shuff:1217,cs:SaintExupery-Malyprinc:0:shuff:1163,fly,fly,létá,létat,impf
en:SaintExupery-Malyprinc:0:shuff:1217,cs:SaintExupery-Malyprinc:0:shuff:1163,write,write,psal,psát,impf
en:SaintExupery-Malyprinc:0:shuff:1217,cs:SaintExupery-Malyprinc:0:shuff:1163,change,change,proměnil,proměnit,pf
en:SaintExupery-Malyprinc:0:shuff:1217,cs:SaintExupery-Malyprinc:0:shuff:1163,did,do,neprovedl,provést,pf
en:SaintExupery-Malyprinc:0:shuff:1218,cs:SaintExupery-Malyprinc:0:shuff:1164,said,say,odpověděl,odpovědět,pf
en:SaintExupery-Malyprinc:0:shuff:1220,cs:SaintExupery-Malyprinc:0:shuff:1166,Clad,clad,Oblečen,obléci,pf
en:SaintExupery-Malyprinc:0:shuff:1223,cs:SaintExupery-Malyprinc:0:shuff:1168,asked,ask,ptal,ptát,impf
en:SaintExupery-Malyprinc:0:shuff:1224,cs:SaintExupery-Malyprinc:0:shuff:1169,seen,see,neviděl,vidět,impf
en:SaintExupery-Malyprinc:0:shuff:1225,cs:SaintExupery-Malyprinc:0:shuff:1170,simplified,simplify,zjednodušen,zjednodušit,pf
en:SaintExupery-Malyprinc:0:shuff:1231,cs:SaintExupery-Malyprinc:0:shuff:1175,responded,respond,odpověděla,odpovědět,pf
en:SaintExupery-Malyprinc:0:shuff:1236,cs:SaintExupery-Malyprinc:0:shuff:1180,puzzled,puzzle,zmaten,zmást,pf
en:SaintExupery-Malyprinc:0:shuff:1236,cs:SaintExupery-Malyprinc:0:shuff:1180,went,go,odešel,odejít,pf
en:SaintExupery-Malyprinc:0:shuff:1237,cs:SaintExupery-Malyprinc:0:shuff:1181,said,say,říkal,říkat,impf
en:SaintExupery-Malyprinc:0:shuff:1240,cs:SaintExupery-Malyprinc:0:shuff:1184,raise,raise,nezvedl,zvednout,pf
en:SaintExupery-Malyprinc:0:shuff:1242,cs:SaintExupery-Malyprinc:0:shuff:1186,dedicating,dedicate,věnoval,věnovat,impf
en:SaintExupery-Malyprinc:0:shuff:1245,cs:SaintExupery-Malyprinc:0:shuff:1188,understands,understand,pochopit,pochopit,pf
en:SaintExupery-Malyprinc:0:shuff:1246,cs:SaintExupery-Malyprinc:0:shuff:1189,lives,live,bydlí,bydlet,impf
en:SaintExupery-Malyprinc:0:shuff:1247,cs:SaintExupery-Malyprinc:0:shuff:1190,needs,need,potřebuje,potřebovat,impf
en:SaintExupery-Malyprinc:0:shuff:1247,cs:SaintExupery-Malyprinc:0:shuff:1190,cheering,cheer,potěšil,potěšit,pf
en:SaintExupery-Malyprinc:0:shuff:1248,cs:SaintExupery-Malyprinc:0:shuff:1191,dedicate,dedicate,věnuji,věnovat,impf
en:SaintExupery-Malyprinc:0:shuff:1249,cs:SaintExupery-Malyprinc:0:shuff:1192,said,say,řekl,říci,pf
en:SaintExupery-Malyprinc:0:shuff:1251,cs:SaintExupery-Malyprinc:0:shuff:1194,distinguished,distinguish,rozeznáme,rozeznat,pf
en:SaintExupery-Malyprinc:0:shuff:1251,cs:SaintExupery-Malyprinc:0:shuff:1194,resemble,resemble,podobají,podobat,impf
en:SaintExupery-Malyprinc:0:shuff:1259,cs:SaintExupery-Malyprinc:0:shuff:1200,learned,learn,dověděl,dovědět,pf
en:SaintExupery-Malyprinc:0:shuff:1259,cs:SaintExupery-Malyprinc:0:shuff:1200,said,say,řekl,říci,pf
en:SaintExupery-Malyprinc:0:shuff:1261,cs:SaintExupery-Malyprinc:0:shuff:1202,sleep,sleep,spát,spát,impf
en:SaintExupery-Malyprinc:0:shuff:1264,cs:SaintExupery-Malyprinc:0:shuff:1205,arrived,arrive,přišel,přijít,pf
en:SaintExupery-Malyprinc:0:shuff:1267,cs:SaintExupery-Malyprinc:0:shuff:1208,replied,reply,odpověděl,odpovědět,pf
en:SaintExupery-Malyprinc:0:shuff:1274,cs:SaintExupery-Malyprinc:0:shuff:1214,bored,bore,nudím,nudit,impf
en:SaintExupery-Malyprinc:0:shuff:1279,cs:SaintExupery-Malyprinc:0:shuff:1219,wishes,wish,chce,chtít,impf
en:SaintExupery-Malyprinc:0:shuff:1280,cs:SaintExupery-Malyprinc:0:shuff:1220,told,tell,vyprávěl,vyprávět,impf
en:SaintExupery-Malyprinc:0:shuff:1281,cs:SaintExupery-Malyprinc:0:shuff:1221,move,move,posunout,posunout,pf
en:SaintExupery-Malyprinc:0:shuff:1282,cs:SaintExupery-Malyprinc:0:shuff:1222,ask,ask,požádal,požádat,pf
en:SaintExupery-Malyprinc:0:shuff:1283,cs:SaintExupery-Malyprinc:0:shuff:1223,like,like,Chtěl,chtít,impf
en:SaintExupery-Malyprinc:0:shuff:1283,cs:SaintExupery-Malyprinc:0:shuff:1223,see,see,vidět,vidět,impf
en:SaintExupery-Malyprinc:0:shuff:1284,cs:SaintExupery-Malyprinc:0:shuff:1224,Do,do,Udělejte,udělat,pf
en:SaintExupery-Malyprinc:0:shuff:1285,cs:SaintExupery-Malyprinc:0:shuff:1225,set,set,zapadlo,zapadnout,pf
en:SaintExupery-Malyprinc:0:shuff:1290,cs:SaintExupery-Malyprinc:0:shuff:1229,wore,wear,nosil,nosit,impf
en:SaintExupery-Malyprinc:0:shuff:1291,cs:SaintExupery-Malyprinc:0:shuff:1230,given,give,dal,dát,pf
en:SaintExupery-Malyprinc:0:shuff:1292,cs:SaintExupery-Malyprinc:0:shuff:1231,ask,ask,ptát,ptát,impf
en:SaintExupery-Malyprinc:0:shuff:1293,cs:SaintExupery-Malyprinc:0:shuff:1232,looked,look,Díval,dívat,impf
en:SaintExupery-Malyprinc:0:shuff:1298,cs:SaintExupery-Malyprinc:0:shuff:1234,said,say,řekl,říci,pf
en:SaintExupery-Malyprinc:0:shuff:1299,cs:SaintExupery-Malyprinc:0:shuff:1235,do,do,nejde,jít,impf
en:SaintExupery-Malyprinc:0:shuff:1305,cs:SaintExupery-Malyprinc:0:shuff:1240,do,do,půjde,jít,impf
en:SaintExupery-Malyprinc:0:shuff:1305,cs:SaintExupery-Malyprinc:0:shuff:1240,lost,lose,ztratí,ztratit,pf
en:SaintExupery-Malyprinc:0:shuff:1307,cs:SaintExupery-Malyprinc:0:shuff:1242,do,do,šel,jít,impf
en:SaintExupery-Malyprinc:0:shuff:1307,cs:SaintExupery-Malyprinc:0:shuff:1242,go,go,šel,jít,impf
en:SaintExupery-Malyprinc:0:shuff:1313,cs:SaintExupery-Malyprinc:0:shuff:1247,added,add,dodal,dodat,pf
en:SaintExupery-Malyprinc:0:shuff:1315,cs:SaintExupery-Malyprinc:0:shuff:1249,bought,buy,koupil,koupit,pf
en:SaintExupery-Malyprinc:0:shuff:1317,cs:SaintExupery-Malyprinc:0:shuff:1251,try,try,Pokusím,pokusit,pf
en:SaintExupery-Malyprinc:0:shuff:1318,cs:SaintExupery-Malyprinc:0:shuff:1252,forbid,forbid,Zakazuji,zakazovat,impf
en:SaintExupery-Malyprinc:0:shuff:1324,cs:SaintExupery-Malyprinc:0:shuff:1256,seen,see,neviděl,vidět,impf
en:SaintExupery-Malyprinc:0:shuff:1329,cs:SaintExupery-Malyprinc:0:shuff:1260,raise,raise,pěstují,pěstovat,impf
en:SaintExupery-Malyprinc:0:shuff:1329,cs:SaintExupery-Malyprinc:0:shuff:1260,said,say,řekl,říci,pf
en:SaintExupery-Malyprinc:0:shuff:1329,cs:SaintExupery-Malyprinc:0:shuff:1260,looking,look,hledají,hledat,impf
en:SaintExupery-Malyprinc:0:shuff:1330,cs:SaintExupery-Malyprinc:0:shuff:1261,replied,reply,odpověděl,odpovědět,pf
en:SaintExupery-Malyprinc:0:shuff:1331,cs:SaintExupery-Malyprinc:0:shuff:1262,found,find,najít,najít,pf
en:SaintExupery-Malyprinc:0:shuff:1331,cs:SaintExupery-Malyprinc:0:shuff:1262,looking,look,hledají,hledat,impf
en:SaintExupery-Malyprinc:0:shuff:1332,cs:SaintExupery-Malyprinc:0:shuff:1263,said,say,odpověděl,odpovědět,pf
en:SaintExupery-Malyprinc:0:shuff:1333,cs:SaintExupery-Malyprinc:0:shuff:1264,added,add,dodal,dodat,pf
en:SaintExupery-Malyprinc:0:shuff:1339,cs:SaintExupery-Malyprinc:0:shuff:1270,trying,try,zkoušel,zkoušet,impf
en:SaintExupery-Malyprinc:0:shuff:1341,cs:SaintExupery-Malyprinc:0:shuff:1272,fear,fear,obával,obávat,impf
en:SaintExupery-Malyprinc:0:shuff:1344,cs:SaintExupery-Malyprinc:0:shuff:1274,believe,believe,Myslím,myslet,impf
en:SaintExupery-Malyprinc:0:shuff:1345,cs:SaintExupery-Malyprinc:0:shuff:1275,hear,hear,Slyším,slyšet,impf
en:SaintExupery-Malyprinc:0:shuff:1346,cs:SaintExupery-Malyprinc:0:shuff:1276,judge,judge,soudit,soudit,impf
en:SaintExupery-Malyprinc:0:shuff:1347,cs:SaintExupery-Malyprinc:0:shuff:1277,condemn,condemn,odsoudíš,odsoudit,pf
en:SaintExupery-Malyprinc:0:shuff:1348,cs:SaintExupery-Malyprinc:0:shuff:1278,depend,depend,záviset,záviset,impf
en:SaintExupery-Malyprinc:0:shuff:1352,cs:SaintExupery-Malyprinc:0:shuff:1281,began,begin,začal,začít,pf
en:SaintExupery-Malyprinc:0:shuff:1352,cs:SaintExupery-Malyprinc:0:shuff:1281,clap,clap,tleskat,tleskat,impf
en:SaintExupery-Malyprinc:0:shuff:1355,cs:SaintExupery-Malyprinc:0:shuff:1284,do,do,udělat,udělat,pf
en:SaintExupery-Malyprinc:0:shuff:1355,cs:SaintExupery-Malyprinc:0:shuff:1284,make,make,udělat,udělat,pf
en:SaintExupery-Malyprinc:0:shuff:1355,cs:SaintExupery-Malyprinc:0:shuff:1284,come,come,udělat,udělat,pf
en:SaintExupery-Malyprinc:0:shuff:1355,cs:SaintExupery-Malyprinc:0:shuff:1284,asked,ask,zeptal,zeptat,pf
en:SaintExupery-Malyprinc:0:shuff:1356,cs:SaintExupery-Malyprinc:0:shuff:1285,hear,hear,neslyšel,slyšet,impf
en:SaintExupery-Malyprinc:0:shuff:1357,cs:SaintExupery-Malyprinc:0:shuff:1286,hear,hear,slyší,slyšet,impf
en:SaintExupery-Malyprinc:0:shuff:1358,cs:SaintExupery-Malyprinc:0:shuff:1287,admire,admire,obdivuješ,obdivovat,impf
en:SaintExupery-Malyprinc:0:shuff:1359,cs:SaintExupery-Malyprinc:0:shuff:1288,given,give,dá,dát,pf
en:SaintExupery-Malyprinc:0:shuff:1359,cs:SaintExupery-Malyprinc:0:shuff:1288,seeing,see,spatřit,spatřit,pf
en:SaintExupery-Malyprinc:0:shuff:1360,cs:SaintExupery-Malyprinc:0:shuff:1289,discovers,discover,objeví,objevit,pf
en:SaintExupery-Malyprinc:0:shuff:1360,cs:SaintExupery-Malyprinc:0:shuff:1289,give,give,dá,dát,pf
en:SaintExupery-Malyprinc:0:shuff:1361,cs:SaintExupery-Malyprinc:0:shuff:1290,call,call,Nazve,nazvat,pf
en:SaintExupery-Malyprinc:0:shuff:1363,cs:SaintExupery-Malyprinc:0:shuff:1292,see,see,neviděl,vidět,impf
en:SaintExupery-Malyprinc:0:shuff:1363,cs:SaintExupery-Malyprinc:0:shuff:1292,hear,hear,neslyšel,slyšet,impf
en:SaintExupery-Malyprinc:0:shuff:1366,cs:SaintExupery-Malyprinc:0:shuff:1295,see,see,Uvidíš,uvidět,pf
en:SaintExupery-Malyprinc:0:shuff:1366,cs:SaintExupery-Malyprinc:0:shuff:1295,begins,begin,začíná,začínat,impf
en:SaintExupery-Malyprinc:0:shuff:1367,cs:SaintExupery-Malyprinc:0:shuff:1296,wait,wait,čekej,čekat,impf
en:SaintExupery-Malyprinc:0:shuff:1369,cs:SaintExupery-Malyprinc:0:shuff:1298,saw,see,neviděl,vidět,impf
en:SaintExupery-Malyprinc:0:shuff:1372,cs:SaintExupery-Malyprinc:0:shuff:1301,think,think,myslím,myslet,impf
en:SaintExupery-Malyprinc:0:shuff:1374,cs:SaintExupery-Malyprinc:0:shuff:1303,sees,see,vidět,vidět,impf
en:SaintExupery-Malyprinc:0:shuff:1375,cs:SaintExupery-Malyprinc:0:shuff:1304,said,say,řekl,říci,pf
en:SaintExupery-Malyprinc:0:shuff:1386,cs:SaintExupery-Malyprinc:0:shuff:1315,understand,understand,nepochopil,pochopit,pf
en:SaintExupery-Malyprinc:0:shuff:1389,cs:SaintExupery-Malyprinc:0:shuff:1318,raised,raise,pozvedl,pozvednout,pf
en:SaintExupery-Malyprinc:0:shuff:1390,cs:SaintExupery-Malyprinc:0:shuff:1319,said,say,řekl,říci,pf
en:SaintExupery-Malyprinc:0:shuff:1391,cs:SaintExupery-Malyprinc:0:shuff:1320,hearing,hear,neslyšel,slyšet,impf
en:SaintExupery-Malyprinc:0:shuff:1393,cs:SaintExupery-Malyprinc:0:shuff:1322,want,want,chci,chtít,impf
en:SaintExupery-Malyprinc:0:shuff:1393,cs:SaintExupery-Malyprinc:0:shuff:1322,hear,hear,slyšet,slyšet,impf
en:SaintExupery-Malyprinc:0:shuff:1393,cs:SaintExupery-Malyprinc:0:shuff:1322,laugh,laugh,smát,smát,impf
en:SaintExupery-Malyprinc:0:shuff:1394,cs:SaintExupery-Malyprinc:0:shuff:1323,said,say,řekl,říci,pf
en:SaintExupery-Malyprinc:0:shuff:1398,cs:SaintExupery-Malyprinc:0:shuff:1327,want,want,chci,chtít,impf
en:SaintExupery-Malyprinc:0:shuff:1404,cs:SaintExupery-Malyprinc:0:shuff:1332,surprised,surprise,překvapen,překvapit,pf
en:SaintExupery-Malyprinc:0:shuff:1405,cs:SaintExupery-Malyprinc:0:shuff:1333,wanted,want,chtěl,chtít,impf
en:SaintExupery-Malyprinc:0:shuff:1409,cs:SaintExupery-Malyprinc:0:shuff:1337,sleep,sleep,Spí,spát,impf
en:SaintExupery-Malyprinc:0:shuff:1409,cs:SaintExupery-Malyprinc:0:shuff:1337,awaken,awaken,probudit,probudit,pf
en:SaintExupery-Malyprinc:0:shuff:1412,cs:SaintExupery-Malyprinc:0:shuff:1339,cried,cry,plakal,plakat,impf
en:SaintExupery-Malyprinc:0:shuff:1414,cs:SaintExupery-Malyprinc:0:shuff:1341,appeared,appear,objevila,objevit,pf
en:SaintExupery-Malyprinc:0:shuff:1415,cs:SaintExupery-Malyprinc:0:shuff:1342,said,say,řekla,říci,pf
en:SaintExupery-Malyprinc:0:shuff:1417,cs:SaintExupery-Malyprinc:0:shuff:1345,said,say,řekl,říci,pf
en:SaintExupery-Malyprinc:0:shuff:1419,cs:SaintExupery-Malyprinc:0:shuff:1347,said,say,řekly,říci,pf
en:SaintExupery-Malyprinc:0:shuff:1423,cs:SaintExupery-Malyprinc:0:shuff:1352,said,say,řekl,říci,pf
en:SaintExupery-Malyprinc:0:shuff:1423,cs:SaintExupery-Malyprinc:0:shuff:1352,see,see,viděla,vidět,impf
en:SaintExupery-Malyprinc:0:shuff:1424,cs:SaintExupery-Malyprinc:0:shuff:1353,answered,answer,neodpovídal,odpovídat,impf
en:SaintExupery-Malyprinc:0:shuff:1424,cs:SaintExupery-Malyprinc:0:shuff:1353,mean,mean,znamená,znamenat,impf
en:SaintExupery-Malyprinc:0:shuff:1427,cs:SaintExupery-Malyprinc:0:shuff:1357,work,work,pracovat,pracovat,impf
en:SaintExupery-Malyprinc:0:shuff:1428,cs:SaintExupery-Malyprinc:0:shuff:1358,return,return,vrátit,vrátit,pf
en:SaintExupery-Malyprinc:0:shuff:1429,cs:SaintExupery-Malyprinc:0:shuff:1359,waiting,wait,čekat,čekat,impf
en:SaintExupery-Malyprinc:0:shuff:1431,cs:SaintExupery-Malyprinc:0:shuff:1361,reassured,reassure,uklidněn,uklidnit,pf
en:SaintExupery-Malyprinc:0:shuff:1432,cs:SaintExupery-Malyprinc:0:shuff:1362,remembered,remember,Vzpomněl,vzpomenout,pf
en:SaintExupery-Malyprinc:0:shuff:1433,cs:SaintExupery-Malyprinc:0:shuff:1363,weeping,weep,plakat,plakat,impf
en:SaintExupery-Malyprinc:0:shuff:1433,cs:SaintExupery-Malyprinc:0:shuff:1363,lets,let,nechal,nechat,pf
en:SaintExupery-Malyprinc:0:shuff:1441,cs:SaintExupery-Malyprinc:0:shuff:1369,laugh,laugh,smát,smát,impf
en:SaintExupery-Malyprinc:0:shuff:1442,cs:SaintExupery-Malyprinc:0:shuff:1370,laughed,laugh,zasmál,zasmát,pf
en:SaintExupery-Malyprinc:0:shuff:1443,cs:SaintExupery-Malyprinc:0:shuff:1371,said,say,řekl,říci,pf
en:SaintExupery-Malyprinc:0:shuff:1449,cs:SaintExupery-Malyprinc:0:shuff:1377,think,think,myslel,myslet,impf
en:SaintExupery-Malyprinc:0:shuff:1460,cs:SaintExupery-Malyprinc:0:shuff:1385,seemed,seem,zdál,zdát,impf
en:SaintExupery-Malyprinc:0:shuff:1481,cs:SaintExupery-Malyprinc:0:shuff:1402,said,say,řekl,říci,pf
en:SaintExupery-Malyprinc:0:shuff:1482,cs:SaintExupery-Malyprinc:0:shuff:1403,sat,sit,sedl,sednout,pf
en:SaintExupery-Malyprinc:0:shuff:1483,cs:SaintExupery-Malyprinc:0:shuff:1404,said,say,říkám,říkat,impf
en:SaintExupery-Malyprinc:0:shuff:1483,cs:SaintExupery-Malyprinc:0:shuff:1404,find,find,najít,najít,pf
en:SaintExupery-Malyprinc:0:shuff:1486,cs:SaintExupery-Malyprinc:0:shuff:1408,continued,continue,pokračoval,pokračovat,impf
en:SaintExupery-Malyprinc:0:shuff:1487,cs:SaintExupery-Malyprinc:0:shuff:1409,took,take,trvalo,trvat,impf
en:SaintExupery-Malyprinc:0:shuff:1487,cs:SaintExupery-Malyprinc:0:shuff:1409,took,take,pochopil,pochopit,pf
en:SaintExupery-Malyprinc:0:shuff:1487,cs:SaintExupery-Malyprinc:0:shuff:1409,came,come,přichází,přicházet,impf
en:SaintExupery-Malyprinc:0:shuff:1488,cs:SaintExupery-Malyprinc:0:shuff:1410,seemed,seem,Zdálo,zdát,impf
en:SaintExupery-Malyprinc:0:shuff:1488,cs:SaintExupery-Malyprinc:0:shuff:1410,hear,hear,neslyšel,slyšet,impf
en:SaintExupery-Malyprinc:0:shuff:1494,cs:SaintExupery-Malyprinc:0:shuff:1415,stretch,stretch,protáhne,protáhnout,pf
en:SaintExupery-Malyprinc:0:shuff:1495,cs:SaintExupery-Malyprinc:0:shuff:1416,let,let,nechat,nechat,pf
en:SaintExupery-Malyprinc:0:shuff:1495,cs:SaintExupery-Malyprinc:0:shuff:1416,grow,grow,rostou,růst,impf
en:SaintExupery-Malyprinc:0:shuff:1496,cs:SaintExupery-Malyprinc:0:shuff:1417,recognizes,recognize,rozeznáme,rozeznat,pf
en:SaintExupery-Malyprinc:0:shuff:1497,cs:SaintExupery-Malyprinc:0:shuff:1418,saw,see,viděl,vidět,impf
en:SaintExupery-Malyprinc:0:shuff:1498,cs:SaintExupery-Malyprinc:0:shuff:1419,added,add,dodal,dodat,pf
en:SaintExupery-Malyprinc:0:shuff:1504,cs:SaintExupery-Malyprinc:0:shuff:1424,put,put,dával,dávat,impf
en:SaintExupery-Malyprinc:0:shuff:1505,cs:SaintExupery-Malyprinc:0:shuff:1425,sheltered,shelter,chránil,chránit,impf
en:SaintExupery-Malyprinc:0:shuff:1507,cs:SaintExupery-Malyprinc:0:shuff:1427,listened,listen,poslouchal,poslouchat,impf
en:SaintExupery-Malyprinc:0:shuff:1507,cs:SaintExupery-Malyprinc:0:shuff:1427,boasted,boast,chlubila,chlubit,impf
en:SaintExupery-Malyprinc:0:shuff:1510,cs:SaintExupery-Malyprinc:0:shuff:1430,said,say,řekl,říci,pf
en:SaintExupery-Malyprinc:0:shuff:1511,cs:SaintExupery-Malyprinc:0:shuff:1431,said,say,Řekl,říci,pf
en:SaintExupery-Malyprinc:0:shuff:1518,cs:SaintExupery-Malyprinc:0:shuff:1437,occurred,occur,napadla,napadnout,pf
en:SaintExupery-Malyprinc:0:shuff:1519,cs:SaintExupery-Malyprinc:0:shuff:1438,said,say,řekl,říci,pf
en:SaintExupery-Malyprinc:0:shuff:1520,cs:SaintExupery-Malyprinc:0:shuff:1439,looking,look,hledají,hledat,impf
en:SaintExupery-Malyprinc:0:shuff:1521,cs:SaintExupery-Malyprinc:0:shuff:1440,said,say,odpověděl,odpovědět,pf
en:SaintExupery-Malyprinc:0:shuff:1524,cs:SaintExupery-Malyprinc:0:shuff:1443,said,say,řekl,říci,pf
en:SaintExupery-Malyprinc:0:shuff:1527,cs:SaintExupery-Malyprinc:0:shuff:1446,discouraged,discourage,odradili,odradit,pf
en:SaintExupery-Malyprinc:0:shuff:1527,cs:SaintExupery-Malyprinc:0:shuff:1446,learned,learn,nenaučil,naučit,pf
en:SaintExupery-Malyprinc:0:shuff:1527,cs:SaintExupery-Malyprinc:0:shuff:1446,draw,draw,kreslit,kreslit,impf
en:SaintExupery-Malyprinc:0:shuff:1530,cs:SaintExupery-Malyprinc:0:shuff:1449,straying,stray,zabloudil,zabloudit,pf
en:SaintExupery-Malyprinc:0:shuff:1532,cs:SaintExupery-Malyprinc:0:shuff:1451,come,come,přišli,přijít,pf
en:SaintExupery-Malyprinc:0:shuff:1535,cs:SaintExupery-Malyprinc:0:shuff:1454,thought,think,myslel,myslet,impf
en:SaintExupery-Malyprinc:0:shuff:1535,cs:SaintExupery-Malyprinc:0:shuff:1454,thought,think,zdá,zdát,impf
en:SaintExupery-Malyprinc:0:shuff:1535,cs:SaintExupery-Malyprinc:0:shuff:1454,dreaming,dream,zdá,zdát,impf
en:SaintExupery-Malyprinc:0:shuff:1538,cs:SaintExupery-Malyprinc:0:shuff:1456,look,look,dívat,dívat,impf
en:SaintExupery-Malyprinc:0:shuff:1543,cs:SaintExupery-Malyprinc:0:shuff:1460,understand,understand,pochopit,pochopit,pf
en:SaintExupery-Malyprinc:0:shuff:1544,cs:SaintExupery-Malyprinc:0:shuff:1461,judged,judge,posuzovat,posuzovat,impf
en:SaintExupery-Malyprinc:0:shuff:1546,cs:SaintExupery-Malyprinc:0:shuff:1463,regretting,regret,Litoval,litovat,impf
en:SaintExupery-Malyprinc:0:shuff:1547,cs:SaintExupery-Malyprinc:0:shuff:1464,bored,bore,nudil,nudit,impf
en:SaintExupery-Malyprinc:0:shuff:1548,cs:SaintExupery-Malyprinc:0:shuff:1465,do,do,dělat,dělat,impf
en:SaintExupery-Malyprinc:0:shuff:1548,cs:SaintExupery-Malyprinc:0:shuff:1465,said,say,řekl,říci,pf
en:SaintExupery-Malyprinc:0:shuff:1555,cs:SaintExupery-Malyprinc:0:shuff:1472,look,look,díváš,dívat,impf
en:SaintExupery-Malyprinc:0:shuff:1562,cs:SaintExupery-Malyprinc:0:shuff:1479,look,look,dívat,dívat,impf
en:SaintExupery-Malyprinc:0:shuff:1566,cs:SaintExupery-Malyprinc:0:shuff:1482,means,mean,znamená,znamenat,impf
en:SaintExupery-Malyprinc:0:shuff:1566,cs:SaintExupery-Malyprinc:0:shuff:1482,write,write,napíšu,napsat,pf
en:SaintExupery-Malyprinc:0:shuff:1567,cs:SaintExupery-Malyprinc:0:shuff:1483,lock,lock,zamknu,zamknout,pf
en:SaintExupery-Malyprinc:0:shuff:1570,cs:SaintExupery-Malyprinc:0:shuff:1486,thought,think,pomyslel,pomyslet,pf
en:SaintExupery-Malyprinc:0:shuff:1580,cs:SaintExupery-Malyprinc:0:shuff:1495,light,light,zapálit,zapálit,pf
en:SaintExupery-Malyprinc:0:shuff:1589,cs:SaintExupery-Malyprinc:0:shuff:1504,born,bear,Zrodila,zrodit,pf
en:SaintExupery-Malyprinc:0:shuff:1591,cs:SaintExupery-Malyprinc:0:shuff:1506,received,receive,dostal,dostat,pf
en:SaintExupery-Malyprinc:0:shuff:1595,cs:SaintExupery-Malyprinc:0:shuff:1509,count,count,nepočítá,počítat,impf
en:SaintExupery-Malyprinc:0:shuff:1599,cs:SaintExupery-Malyprinc:0:shuff:1512,questions,question,Vyptává,vyptávat,impf
en:SaintExupery-Malyprinc:0:shuff:1600,cs:SaintExupery-Malyprinc:0:shuff:1513,sit,sit,Sedneš,sednout,pf
en:SaintExupery-Malyprinc:0:shuff:1601,cs:SaintExupery-Malyprinc:0:shuff:1514,look,look,dívat,dívat,impf
en:SaintExupery-Malyprinc:0:shuff:1601,cs:SaintExupery-Malyprinc:0:shuff:1514,say,say,říkat,říkat,impf
en:SaintExupery-Malyprinc:0:shuff:1603,cs:SaintExupery-Malyprinc:0:shuff:1516,sit,sit,sednout,sednout,pf
en:SaintExupery-Malyprinc:0:shuff:1604,cs:SaintExupery-Malyprinc:0:shuff:1517,came,come,přišel,přijít,pf
en:SaintExupery-Malyprinc:0:shuff:1605,cs:SaintExupery-Malyprinc:0:shuff:1518,come,come,přicházel,přicházet,impf
en:SaintExupery-Malyprinc:0:shuff:1605,cs:SaintExupery-Malyprinc:0:shuff:1518,said,say,řekla,říci,pf
en:SaintExupery-Malyprinc:0:shuff:1606,cs:SaintExupery-Malyprinc:0:shuff:1519,advise,advise,poradili,poradit,pf
en:SaintExupery-Malyprinc:0:shuff:1608,cs:SaintExupery-Malyprinc:0:shuff:1521,disheartened,dishearten,odradil,odradit,pf
en:SaintExupery-Malyprinc:0:shuff:1610,cs:SaintExupery-Malyprinc:0:shuff:1523,said,say,řekl,říci,pf
en:SaintExupery-Malyprinc:0:shuff:1616,cs:SaintExupery-Malyprinc:0:shuff:1528,sat,sit,posadil,posadit,pf
en:SaintExupery-Malyprinc:0:shuff:1618,cs:SaintExupery-Malyprinc:0:shuff:1530,come,come,přicházíš,přicházet,impf
en:SaintExupery-Malyprinc:0:shuff:1619,cs:SaintExupery-Malyprinc:0:shuff:1531,said,say,řekl,říci,pf
en:SaintExupery-Malyprinc:0:shuff:1620,cs:SaintExupery-Malyprinc:0:shuff:1532,doing,do,děláte,dělat,impf
en:SaintExupery-Malyprinc:0:shuff:1621,cs:SaintExupery-Malyprinc:0:shuff:1533,said,say,odpověděl,odpovědět,pf
en:SaintExupery-Malyprinc:0:shuff:1623,cs:SaintExupery-Malyprinc:0:shuff:1535,said,say,řekl,říci,pf
en:SaintExupery-Malyprinc:0:shuff:1625,cs:SaintExupery-Malyprinc:0:shuff:1537,inhabited,inhabit,bydlel,bydlet,impf
en:SaintExupery-Malyprinc:0:shuff:1627,cs:SaintExupery-Malyprinc:0:shuff:1539,doing,do,děláš,dělat,impf
en:SaintExupery-Malyprinc:0:shuff:1627,cs:SaintExupery-Malyprinc:0:shuff:1539,said,say,řekl,říci,pf
en:SaintExupery-Malyprinc:0:shuff:1628,cs:SaintExupery-Malyprinc:0:shuff:1540,looked,look,podíval,podívat,pf
en:SaintExupery-Malyprinc:0:shuff:1628,cs:SaintExupery-Malyprinc:0:shuff:1540,replied,reply,odpověděl,odpovědět,pf
en:SaintExupery-Malyprinc:0:shuff:1634,cs:SaintExupery-Malyprinc:0:shuff:1544,began,begin,začaly,začít,pf
en:SaintExupery-Malyprinc:0:shuff:1638,cs:SaintExupery-Malyprinc:0:shuff:1547,walking,walk,šel,jít,impf
en:SaintExupery-Malyprinc:0:shuff:1638,cs:SaintExupery-Malyprinc:0:shuff:1547,came,come,šel,jít,impf
en:SaintExupery-Malyprinc:0:shuff:1639,cs:SaintExupery-Malyprinc:0:shuff:1548,lead,lead,vedou,vést,impf
en:SaintExupery-Malyprinc:0:shuff:1640,cs:SaintExupery-Malyprinc:0:shuff:1549,said,say,řekl,říci,pf
en:SaintExupery-Malyprinc:0:shuff:1642,cs:SaintExupery-Malyprinc:0:shuff:1551,said,say,odpověděly,odpovědět,pf
en:SaintExupery-Malyprinc:0:shuff:1645,cs:SaintExupery-Malyprinc:0:shuff:1554,fell,fall,spadl,spadnout,pf
en:SaintExupery-Malyprinc:0:shuff:1651,cs:SaintExupery-Malyprinc:0:shuff:1561,saying,say,Říkal,říkat,impf
en:SaintExupery-Malyprinc:0:shuff:1653,cs:SaintExupery-Malyprinc:0:shuff:1563,find,find,najdeš,najít,pf
en:SaintExupery-Malyprinc:0:shuff:1654,cs:SaintExupery-Malyprinc:0:shuff:1564,discover,discover,najdeš,najít,pf
en:SaintExupery-Malyprinc:0:shuff:1657,cs:SaintExupery-Malyprinc:0:shuff:1567,said,say,řekl,říci,pf
en:SaintExupery-Malyprinc:0:shuff:1658,cs:SaintExupery-Malyprinc:0:shuff:1568,do,do,děláš,dělat,impf
en:SaintExupery-Malyprinc:0:shuff:1658,cs:SaintExupery-Malyprinc:0:shuff:1568,do,do,děláš,dělat,impf
en:SaintExupery-Malyprinc:0:shuff:1659,cs:SaintExupery-Malyprinc:0:shuff:1569,laughed,laugh,Zasmál,zasmát,pf
en:SaintExupery-Malyprinc:0:shuff:1659,cs:SaintExupery-Malyprinc:0:shuff:1569,touched,touch,dotkl,dotknout,pf
en:SaintExupery-Malyprinc:0:shuff:1663,cs:SaintExupery-Malyprinc:0:shuff:1572,want,want,Nechtěl,chtít,impf
en:SaintExupery-Malyprinc:0:shuff:1666,cs:SaintExupery-Malyprinc:0:shuff:1574,think,think,Myslíš,myslet,impf
en:SaintExupery-Malyprinc:0:shuff:1670,cs:SaintExupery-Malyprinc:0:shuff:1578,given,give,Dal,dát,pf
en:SaintExupery-Malyprinc:0:shuff:1671,cs:SaintExupery-Malyprinc:0:shuff:1579,bent,bend,Sklonil,sklonit,pf
en:SaintExupery-Malyprinc:0:shuff:1678,cs:SaintExupery-Malyprinc:0:shuff:1585,said,say,řekl,říci,pf
en:SaintExupery-Malyprinc:0:shuff:1679,cs:SaintExupery-Malyprinc:0:shuff:1586,completed,complete,dokončil,dokončit,pf
en:SaintExupery-Malyprinc:0:shuff:1679,cs:SaintExupery-Malyprinc:0:shuff:1586,grieve,grieve,trápit,trápit,impf
en:SaintExupery-Malyprinc:0:shuff:1680,cs:SaintExupery-Malyprinc:0:shuff:1587,wishes,wish,přála,přát,impf
en:SaintExupery-Malyprinc:0:shuff:1680,cs:SaintExupery-Malyprinc:0:shuff:1587,obeyed,obey,uposlechlo,uposlechnout,pf
en:SaintExupery-Malyprinc:0:shuff:1680,cs:SaintExupery-Malyprinc:0:shuff:1587,give,give,dát,dát,pf
en:SaintExupery-Malyprinc:0:shuff:1681,cs:SaintExupery-Malyprinc:0:shuff:1588,go,go,jde,jít,impf
en:SaintExupery-Malyprinc:0:shuff:1683,cs:SaintExupery-Malyprinc:0:shuff:1590,learned,learn,dověděl,dovědět,pf
en:SaintExupery-Malyprinc:0:shuff:1683,cs:SaintExupery-Malyprinc:0:shuff:1590,came,come,pochází,pocházet,impf
en:SaintExupery-Malyprinc:0:shuff:1684,cs:SaintExupery-Malyprinc:0:shuff:1591,surprise,surprise,překvapit,překvapit,pf
en:SaintExupery-Malyprinc:0:shuff:1693,cs:SaintExupery-Malyprinc:0:shuff:1600,do,do,udělá,udělat,pf
en:SaintExupery-Malyprinc:0:shuff:1696,cs:SaintExupery-Malyprinc:0:shuff:1603,come,come,Přijdeš,přijít,pf
en:SaintExupery-Malyprinc:0:shuff:1697,cs:SaintExupery-Malyprinc:0:shuff:1604,look,look,podívat,podívat,pf
