en:Topol-KockaNaKolejich:0:shuff:1,cs:Topol-KockaNaKolejich:0:shuff:1,drink,drink,pít,pít,impf
en:Topol-KockaNaKolejich:0:shuff:14,cs:Topol-KockaNaKolejich:0:shuff:17,listens,listen,poslouchá,poslouchat,impf
en:Topol-KockaNaKolejich:0:shuff:15,cs:Topol-KockaNaKolejich:0:shuff:18,Lock,lock,zamk,zamknout,pf
en:Topol-KockaNaKolejich:0:shuff:16,cs:Topol-KockaNaKolejich:0:shuff:19,jerk,jerk,vytrhnout,vytrhnout,pf
en:Topol-KockaNaKolejich:0:shuff:16,cs:Topol-KockaNaKolejich:0:shuff:19,twists,twist,vytrhnout,vytrhnout,pf
en:Topol-KockaNaKolejich:0:shuff:37,cs:Topol-KockaNaKolejich:0:shuff:46,want,want,chceš,chtít,impf
en:Topol-KockaNaKolejich:0:shuff:40,cs:Topol-KockaNaKolejich:0:shuff:49,run,run,utéct,utéci,pf
en:Topol-KockaNaKolejich:0:shuff:43,cs:Topol-KockaNaKolejich:0:shuff:52,love,love,miluju,milovat,impf
en:Topol-KockaNaKolejich:0:shuff:47,cs:Topol-KockaNaKolejich:0:shuff:57,count,count,platilo,platit,impf
en:Topol-KockaNaKolejich:0:shuff:48,cs:Topol-KockaNaKolejich:0:shuff:58,take,take,vzít,vzít,pf
en:Topol-KockaNaKolejich:0:shuff:49,cs:Topol-KockaNaKolejich:0:shuff:59,die,die,neumírá,umírat,impf
en:Topol-KockaNaKolejich:0:shuff:49,cs:Topol-KockaNaKolejich:0:shuff:59,creates,create,stvoří,stvořit,pf
en:Topol-KockaNaKolejich:0:shuff:50,cs:Topol-KockaNaKolejich:0:shuff:60,spoil,spoil,zkazit,zkazit,pf
en:Topol-KockaNaKolejich:0:shuff:60,cs:Topol-KockaNaKolejich:0:shuff:72,Makes,make,Udělá,udělat,pf
en:Topol-KockaNaKolejich:0:shuff:63,cs:Topol-KockaNaKolejich:0:shuff:75,stretches,stretch,Natáhne,natáhnout,pf
en:Topol-KockaNaKolejich:0:shuff:84,cs:Topol-KockaNaKolejich:0:shuff:99,say,say,Neřeknu,říci,pf
en:Topol-KockaNaKolejich:0:shuff:109,cs:Topol-KockaNaKolejich:0:shuff:132,described,describe,popsala,popsat,pf
en:Topol-KockaNaKolejich:0:shuff:122,cs:Topol-KockaNaKolejich:0:shuff:150,kisses,kiss,políbí,políbit,pf
en:Topol-KockaNaKolejich:0:shuff:123,cs:Topol-KockaNaKolejich:0:shuff:151,skip,skip,přeskakovat,přeskakovat,impf
en:Topol-KockaNaKolejich:0:shuff:125,cs:Topol-KockaNaKolejich:0:shuff:153,skip,skip,přeskočíš,přeskočit,pf
en:Topol-KockaNaKolejich:0:shuff:132,cs:Topol-KockaNaKolejich:0:shuff:162,see,see,vidíš,vidět,impf
en:Topol-KockaNaKolejich:0:shuff:139,cs:Topol-KockaNaKolejich:0:shuff:172,scream,scream,nekřičela,křičet,impf
en:Topol-KockaNaKolejich:0:shuff:145,cs:Topol-KockaNaKolejich:0:shuff:180,notice,notice,Zpozoruje,zpozorovat,pf
en:Topol-KockaNaKolejich:0:shuff:147,cs:Topol-KockaNaKolejich:0:shuff:182,speaking,speak,říct,říci,pf
en:Topol-KockaNaKolejich:0:shuff:147,cs:Topol-KockaNaKolejich:0:shuff:182,say,say,říct,říci,pf
en:Topol-KockaNaKolejich:0:shuff:157,cs:Topol-KockaNaKolejich:0:shuff:196,running,run,utíkal,utíkat,impf
en:Topol-KockaNaKolejich:0:shuff:168,cs:Topol-KockaNaKolejich:0:shuff:208,suppose,suppose,myslím,myslet,impf
en:Topol-KockaNaKolejich:0:shuff:168,cs:Topol-KockaNaKolejich:0:shuff:208,love,love,miluju,milovat,impf
en:Topol-KockaNaKolejich:0:shuff:169,cs:Topol-KockaNaKolejich:0:shuff:209,gone,go,nevystačí,vystačit,pf
en:Topol-KockaNaKolejich:0:shuff:170,cs:Topol-KockaNaKolejich:0:shuff:210,sleep,sleep,spát,spát,impf
en:Topol-KockaNaKolejich:0:shuff:176,cs:Topol-KockaNaKolejich:0:shuff:218,move,move,nepohne,pohnout,pf
en:Topol-KockaNaKolejich:0:shuff:179,cs:Topol-KockaNaKolejich:0:shuff:223,seen,see,Viděls,vidět,impf
en:Topol-KockaNaKolejich:0:shuff:188,cs:Topol-KockaNaKolejich:0:shuff:235,took,take,Vzal,vzít,pf
en:Topol-KockaNaKolejich:0:shuff:197,cs:Topol-KockaNaKolejich:0:shuff:245,Sits,sit,Sedne,sednout,pf
en:Topol-KockaNaKolejich:0:shuff:203,cs:Topol-KockaNaKolejich:0:shuff:253,kill,kill,Zabil,zabít,pf
en:Topol-KockaNaKolejich:0:shuff:204,cs:Topol-KockaNaKolejich:0:shuff:254,taking,take,vyndá,vyndat,pf
en:Topol-KockaNaKolejich:0:shuff:212,cs:Topol-KockaNaKolejich:0:shuff:264,Hurt,hurt,Bolí,bolet,impf
en:Topol-KockaNaKolejich:0:shuff:236,cs:Topol-KockaNaKolejich:0:shuff:282,stroking,stroke,hladí,hladit,impf
en:Topol-KockaNaKolejich:0:shuff:241,cs:Topol-KockaNaKolejich:0:shuff:288,choose,choose,chci,chtít,impf
en:Topol-KockaNaKolejich:0:shuff:241,cs:Topol-KockaNaKolejich:0:shuff:288,take,take,nosit,nosit,impf
en:Topol-KockaNaKolejich:0:shuff:241,cs:Topol-KockaNaKolejich:0:shuff:288,take,take,nosit,nosit,impf
en:Topol-KockaNaKolejich:0:shuff:243,cs:Topol-KockaNaKolejich:0:shuff:291,bringing,bring,přivedla,přivést,pf
en:Topol-KockaNaKolejich:0:shuff:256,cs:Topol-KockaNaKolejich:0:shuff:306,expect,expect,myslíte,myslet,impf
en:Topol-KockaNaKolejich:0:shuff:256,cs:Topol-KockaNaKolejich:0:shuff:306,washing,wash,prát,prát,impf
en:Topol-KockaNaKolejich:0:shuff:272,cs:Topol-KockaNaKolejich:0:shuff:326,dragged,drag,tahala,tahat,impf
en:Topol-KockaNaKolejich:0:shuff:278,cs:Topol-KockaNaKolejich:0:shuff:334,want,want,nechceš,chtít,impf
en:Topol-KockaNaKolejich:0:shuff:278,cs:Topol-KockaNaKolejich:0:shuff:334,walk,walk,procházet,procházet,impf
en:Topol-KockaNaKolejich:0:shuff:292,cs:Topol-KockaNaKolejich:0:shuff:351,Sits,sit,Sedne,sednout,pf
en:Topol-KockaNaKolejich:0:shuff:301,cs:Topol-KockaNaKolejich:0:shuff:362,kill,kill,nezabil,zabít,pf
en:Topol-KockaNaKolejich:0:shuff:301,cs:Topol-KockaNaKolejich:0:shuff:362,kill,kill,nezabil,zabít,pf
en:Topol-KockaNaKolejich:0:shuff:301,cs:Topol-KockaNaKolejich:0:shuff:362,kill,kill,zabít,zabít,pf
en:Topol-KockaNaKolejich:0:shuff:301,cs:Topol-KockaNaKolejich:0:shuff:362,kill,kill,zabít,zabít,pf
en:Topol-KockaNaKolejich:0:shuff:304,cs:Topol-KockaNaKolejich:0:shuff:366,told,tell,řek,říci,pf
en:Topol-KockaNaKolejich:0:shuff:304,cs:Topol-KockaNaKolejich:0:shuff:366,seen,see,viděl,vidět,impf
en:Topol-KockaNaKolejich:0:shuff:308,cs:Topol-KockaNaKolejich:0:shuff:371,carry,carry,máš,mít,impf
en:Topol-KockaNaKolejich:0:shuff:308,cs:Topol-KockaNaKolejich:0:shuff:371,carry,carry,nosej,nosit,impf
en:Topol-KockaNaKolejich:0:shuff:311,cs:Topol-KockaNaKolejich:0:shuff:375,mean,mean,Chci,chtít,impf
en:Topol-KockaNaKolejich:0:shuff:315,cs:Topol-KockaNaKolejich:0:shuff:380,sticking,stick,vrazíš,vrazit,pf
en:Topol-KockaNaKolejich:0:shuff:320,cs:Topol-KockaNaKolejich:0:shuff:387,Takes,take,Vezme,vzít,pf
en:Topol-KockaNaKolejich:0:shuff:326,cs:Topol-KockaNaKolejich:0:shuff:394,get,get,přijdou,přijít,pf
en:Topol-KockaNaKolejich:0:shuff:332,cs:Topol-KockaNaKolejich:0:shuff:400,laugh,laugh,směješ,smát,impf
en:Topol-KockaNaKolejich:0:shuff:332,cs:Topol-KockaNaKolejich:0:shuff:400,cry,cry,pláčeš,plakat,impf
en:Topol-KockaNaKolejich:0:shuff:332,cs:Topol-KockaNaKolejich:0:shuff:400,cry,cry,pláčeš,plakat,impf
en:Topol-KockaNaKolejich:0:shuff:332,cs:Topol-KockaNaKolejich:0:shuff:400,do,do,děláš,dělat,impf
en:Topol-KockaNaKolejich:0:shuff:332,cs:Topol-KockaNaKolejich:0:shuff:400,do,do,děláš,dělat,impf
en:Topol-KockaNaKolejich:0:shuff:332,cs:Topol-KockaNaKolejich:0:shuff:400,cry,cry,pláčeš,plakat,impf
en:Topol-KockaNaKolejich:0:shuff:332,cs:Topol-KockaNaKolejich:0:shuff:400,cry,cry,pláčeš,plakat,impf
en:Topol-KockaNaKolejich:0:shuff:334,cs:Topol-KockaNaKolejich:0:shuff:402,cry,cry,nepláču,plakat,impf
en:Topol-KockaNaKolejich:0:shuff:343,cs:Topol-KockaNaKolejich:0:shuff:413,make,make,udělal,udělat,pf
en:Topol-KockaNaKolejich:0:shuff:351,cs:Topol-KockaNaKolejich:0:shuff:423,showing,show,předváděl,předvádět,impf
en:Topol-KockaNaKolejich:0:shuff:353,cs:Topol-KockaNaKolejich:0:shuff:425,Showing,show,předváděl,předvádět,impf
en:Topol-KockaNaKolejich:0:shuff:356,cs:Topol-KockaNaKolejich:0:shuff:428,Paints,paint,Maluje,malovat,impf
en:Topol-KockaNaKolejich:0:shuff:357,cs:Topol-KockaNaKolejich:0:shuff:429,doing,do,děláš,dělat,impf
en:Topol-KockaNaKolejich:0:shuff:360,cs:Topol-KockaNaKolejich:0:shuff:435,made,make,Udělala,udělat,pf
en:Topol-KockaNaKolejich:0:shuff:364,cs:Topol-KockaNaKolejich:0:shuff:440,kicking,kick,kope,kopat,impf
en:Topol-KockaNaKolejich:0:shuff:366,cs:Topol-KockaNaKolejich:0:shuff:442,hanged,hang,viset,viset,impf
en:Topol-KockaNaKolejich:0:shuff:371,cs:Topol-KockaNaKolejich:0:shuff:448,deserve,deserve,nezasloužíš,zasloužit,pf
en:Topol-KockaNaKolejich:0:shuff:399,cs:Topol-KockaNaKolejich:0:shuff:481,wearing,wear,má,mít,impf
en:Topol-KockaNaKolejich:0:shuff:400,cs:Topol-KockaNaKolejich:0:shuff:482,stops,stop,Zarazí,zarazit,pf
en:Topol-KockaNaKolejich:0:shuff:413,cs:Topol-KockaNaKolejich:0:shuff:495,do,do,vzal,vzít,pf
en:Topol-KockaNaKolejich:0:shuff:416,cs:Topol-KockaNaKolejich:0:shuff:500,grabs,grab,Chytí,chytit,pf
en:Topol-KockaNaKolejich:0:shuff:442,cs:Topol-KockaNaKolejich:0:shuff:534,work,work,nešlo,jít,impf
en:Topol-KockaNaKolejich:0:shuff:445,cs:Topol-KockaNaKolejich:0:shuff:538,sing,sing,zpívat,zpívat,impf
en:Topol-KockaNaKolejich:0:shuff:455,cs:Topol-KockaNaKolejich:0:shuff:550,Goes,go,Odejde,odejít,pf
en:Topol-KockaNaKolejich:0:shuff:456,cs:Topol-KockaNaKolejich:0:shuff:551,watching,watch,dívá,dívat,impf
en:Topol-KockaNaKolejich:0:shuff:462,cs:Topol-KockaNaKolejich:0:shuff:559,Let,let,nechme,nechat,pf
en:Topol-KockaNaKolejich:0:shuff:462,cs:Topol-KockaNaKolejich:0:shuff:559,drop,drop,nechme,nechat,pf
en:Topol-KockaNaKolejich:0:shuff:468,cs:Topol-KockaNaKolejich:0:shuff:566,Goes,go,Jde,jít,impf
en:Topol-KockaNaKolejich:0:shuff:471,cs:Topol-KockaNaKolejich:0:shuff:570,chased,chase,honí,honit,impf
en:Topol-KockaNaKolejich:0:shuff:476,cs:Topol-KockaNaKolejich:0:shuff:577,wanting,want,chtěl,chtít,impf
en:Topol-KockaNaKolejich:0:shuff:480,cs:Topol-KockaNaKolejich:0:shuff:582,making,make,dělal,dělat,impf
en:Topol-KockaNaKolejich:0:shuff:488,cs:Topol-KockaNaKolejich:0:shuff:592,do,do,dělat,dělat,impf
en:Topol-KockaNaKolejich:0:shuff:495,cs:Topol-KockaNaKolejich:0:shuff:602,running,run,Běží,běžet,impf
en:Topol-KockaNaKolejich:0:shuff:496,cs:Topol-KockaNaKolejich:0:shuff:603,holding,hold,drží,držet,impf
en:Topol-KockaNaKolejich:0:shuff:496,cs:Topol-KockaNaKolejich:0:shuff:603,did,do,dělala,dělat,impf
en:Topol-KockaNaKolejich:0:shuff:496,cs:Topol-KockaNaKolejich:0:shuff:603,do,do,dělala,dělat,impf
en:Topol-KockaNaKolejich:0:shuff:502,cs:Topol-KockaNaKolejich:0:shuff:611,carrying,carry,nese,nést,impf
en:Topol-KockaNaKolejich:0:shuff:503,cs:Topol-KockaNaKolejich:0:shuff:612,do,do,nedělá,dělat,impf
en:Topol-KockaNaKolejich:0:shuff:509,cs:Topol-KockaNaKolejich:0:shuff:619,arise,arise,vyvstanou,vyvstat,pf
en:Topol-KockaNaKolejich:0:shuff:511,cs:Topol-KockaNaKolejich:0:shuff:621,let,let,nechal,nechat,pf
en:Topol-KockaNaKolejich:0:shuff:511,cs:Topol-KockaNaKolejich:0:shuff:621,left,leave,nechal,nechat,pf
en:Topol-KockaNaKolejich:0:shuff:515,cs:Topol-KockaNaKolejich:0:shuff:627,sent,send,poslat,poslat,pf
en:Topol-KockaNaKolejich:0:shuff:547,cs:Topol-KockaNaKolejich:0:shuff:669,works,work,nejde,jít,impf
en:Topol-KockaNaKolejich:0:shuff:572,cs:Topol-KockaNaKolejich:0:shuff:680,embracing,embrace,obejme,obejmout,pf
en:Topol-KockaNaKolejich:0:shuff:572,cs:Topol-KockaNaKolejich:0:shuff:680,does,do,jde,jít,impf
en:Topol-KockaNaKolejich:0:shuff:582,cs:Topol-KockaNaKolejich:0:shuff:693,Do,do,udělej,udělat,pf
en:Topol-KockaNaKolejich:0:shuff:587,cs:Topol-KockaNaKolejich:0:shuff:699,enjoys,enjoy,těší,těšit,impf
en:Topol-KockaNaKolejich:0:shuff:588,cs:Topol-KockaNaKolejich:0:shuff:700,Say,say,Pověz,povědět,pf
en:Topol-KockaNaKolejich:0:shuff:589,cs:Topol-KockaNaKolejich:0:shuff:701,Tell,tell,Řekni,říci,pf
en:Topol-KockaNaKolejich:0:shuff:590,cs:Topol-KockaNaKolejich:0:shuff:702,rises,rise,zvedne,zvednout,pf
en:Topol-KockaNaKolejich:0:shuff:590,cs:Topol-KockaNaKolejich:0:shuff:702,reaches,reach,sáhne,sáhnout,pf
en:Topol-KockaNaKolejich:0:shuff:591,cs:Topol-KockaNaKolejich:0:shuff:703,remains,remain,zůstane,zůstat,pf
en:Topol-KockaNaKolejich:0:shuff:591,cs:Topol-KockaNaKolejich:0:shuff:703,watching,watch,dívá,dívat,impf
en:Topol-KockaNaKolejich:0:shuff:605,cs:Topol-KockaNaKolejich:0:shuff:719,saw,see,viděla,vidět,impf
en:Topol-KockaNaKolejich:0:shuff:608,cs:Topol-KockaNaKolejich:0:shuff:722,gets,get,přijde,přijít,pf
en:Topol-KockaNaKolejich:0:shuff:608,cs:Topol-KockaNaKolejich:0:shuff:722,got,get,přijde,přijít,pf
en:Topol-KockaNaKolejich:0:shuff:608,cs:Topol-KockaNaKolejich:0:shuff:722,get,get,přijde,přijít,pf
en:Topol-KockaNaKolejich:0:shuff:610,cs:Topol-KockaNaKolejich:0:shuff:724,catches,catch,chytí,chytit,pf
en:Topol-KockaNaKolejich:0:shuff:613,cs:Topol-KockaNaKolejich:0:shuff:727,mean,mean,myslela,myslet,impf
en:Topol-KockaNaKolejich:0:shuff:646,cs:Topol-KockaNaKolejich:0:shuff:765,Sits,sit,Sedne,sednout,pf
en:Topol-KockaNaKolejich:0:shuff:649,cs:Topol-KockaNaKolejich:0:shuff:769,done,do,proved,provést,pf
en:Topol-KockaNaKolejich:0:shuff:651,cs:Topol-KockaNaKolejich:0:shuff:771,remember,remember,pamatuješ,pamatovat,impf
en:Topol-KockaNaKolejich:0:shuff:656,cs:Topol-KockaNaKolejich:0:shuff:778,looks,look,dívá,dívat,impf
en:Topol-KockaNaKolejich:0:shuff:656,cs:Topol-KockaNaKolejich:0:shuff:778,lifted,lift,zvedlo,zvednout,pf
en:Topol-KockaNaKolejich:0:shuff:661,cs:Topol-KockaNaKolejich:0:shuff:783,say,say,říct,říci,pf
en:Topol-KockaNaKolejich:0:shuff:669,cs:Topol-KockaNaKolejich:0:shuff:794,concentrate,concentrate,nesoustředím,soustředit,pf
en:Topol-KockaNaKolejich:0:shuff:670,cs:Topol-KockaNaKolejich:0:shuff:795,create,create,stvořit,stvořit,pf
en:Topol-KockaNaKolejich:0:shuff:675,cs:Topol-KockaNaKolejich:0:shuff:801,covers,cover,přikryje,přikrýt,pf
en:Topol-KockaNaKolejich:0:shuff:676,cs:Topol-KockaNaKolejich:0:shuff:802,see,see,vidíš,vidět,impf
en:Topol-KockaNaKolejich:0:shuff:698,cs:Topol-KockaNaKolejich:0:shuff:827,sing,sing,zpívá,zpívat,impf
en:Topol-KockaNaKolejich:0:shuff:701,cs:Topol-KockaNaKolejich:0:shuff:831,done,do,udělala,udělat,pf
en:Topol-KockaNaKolejich:0:shuff:703,cs:Topol-KockaNaKolejich:0:shuff:833,feeling,feel,ucítí,ucítit,pf
en:Topol-KockaNaKolejich:0:shuff:707,cs:Topol-KockaNaKolejich:0:shuff:839,die,die,umře,umřít,pf
en:Topol-KockaNaKolejich:0:shuff:716,cs:Topol-KockaNaKolejich:0:shuff:859,protect,protect,Kryje,krýt,impf
en:Topol-KockaNaKolejich:0:shuff:716,cs:Topol-KockaNaKolejich:0:shuff:859,slips,slip,sklouzne,sklouznout,pf
en:Topol-KockaNaKolejich:0:shuff:716,cs:Topol-KockaNaKolejich:0:shuff:859,sits,sit,posadí,posadit,pf
en:Topol-KockaNaKolejich:0:shuff:722,cs:Topol-KockaNaKolejich:0:shuff:864,give,give,dal,dát,pf
en:Topol-KockaNaKolejich:0:shuff:729,cs:Topol-KockaNaKolejich:0:shuff:872,taking,take,chytí,chytit,pf
en:Topol-KockaNaKolejich:0:shuff:731,cs:Topol-KockaNaKolejich:0:shuff:874,help,help,pomohlo,pomoci,pf
en:Topol-KockaNaKolejich:0:shuff:734,cs:Topol-KockaNaKolejich:0:shuff:878,help,help,pomáhat,pomáhat,impf
en:Topol-KockaNaKolejich:0:shuff:743,cs:Topol-KockaNaKolejich:0:shuff:881,sits,sit,sedne,sednout,pf
en:Topol-KockaNaKolejich:0:shuff:752,cs:Topol-KockaNaKolejich:0:shuff:892,saying,say,neříkám,říkat,impf
en:Topol-KockaNaKolejich:0:shuff:754,cs:Topol-KockaNaKolejich:0:shuff:895,want,want,nechtěl,chtít,impf
en:Topol-KockaNaKolejich:0:shuff:756,cs:Topol-KockaNaKolejich:0:shuff:898,lying,lie,Ležels,ležet,impf
en:Topol-KockaNaKolejich:0:shuff:765,cs:Topol-KockaNaKolejich:0:shuff:909,crushing,crush,drtí,drtit,impf
en:Topol-KockaNaKolejich:0:shuff:765,cs:Topol-KockaNaKolejich:0:shuff:909,return,return,obrátí,obrátit,pf
en:Topol-KockaNaKolejich:0:shuff:766,cs:Topol-KockaNaKolejich:0:shuff:910,want,want,nechci,chtít,impf
en:Topol-KockaNaKolejich:0:shuff:770,cs:Topol-KockaNaKolejich:0:shuff:914,Leave,leave,nech,nechat,pf
en:Topol-KockaNaKolejich:0:shuff:772,cs:Topol-KockaNaKolejich:0:shuff:916,approaches,approach,přiblíží,přiblížit,pf
en:Topol-KockaNaKolejich:0:shuff:774,cs:Topol-KockaNaKolejich:0:shuff:918,puts,put,položí,položit,pf
en:Topol-KockaNaKolejich:0:shuff:784,cs:Topol-KockaNaKolejich:0:shuff:928,see,see,vidím,vidět,impf
en:Topol-KockaNaKolejich:0:shuff:787,cs:Topol-KockaNaKolejich:0:shuff:932,do,do,provést,provést,pf
en:Topol-KockaNaKolejich:0:shuff:788,cs:Topol-KockaNaKolejich:0:shuff:933,calling,call,volá,volat,impf
en:Topol-KockaNaKolejich:0:shuff:794,cs:Topol-KockaNaKolejich:0:shuff:941,lifts,lift,Zvedne,zvednout,pf
en:Topol-KockaNaKolejich:0:shuff:800,cs:Topol-KockaNaKolejich:0:shuff:948,gone,go,Odejdou,odejít,pf
en:Topol-KockaNaKolejich:0:shuff:802,cs:Topol-KockaNaKolejich:0:shuff:951,calling,call,volá,volat,impf
en:Topol-KockaNaKolejich:0:shuff:809,cs:Topol-KockaNaKolejich:0:shuff:960,say,say,řekne,říci,pf
en:Topol-KockaNaKolejich:0:shuff:821,cs:Topol-KockaNaKolejich:0:shuff:977,want,want,chtěl,chtít,impf
en:Topol-KockaNaKolejich:0:shuff:827,cs:Topol-KockaNaKolejich:0:shuff:983,admit,admit,přiznat,přiznat,pf
en:Topol-KockaNaKolejich:0:shuff:828,cs:Topol-KockaNaKolejich:0:shuff:984,forcing,force,nutí,nutit,impf
en:Topol-KockaNaKolejich:0:shuff:828,cs:Topol-KockaNaKolejich:0:shuff:984,forcing,force,nutí,nutit,impf
en:Topol-KockaNaKolejich:0:shuff:828,cs:Topol-KockaNaKolejich:0:shuff:984,forcing,force,nutí,nutit,impf
en:Topol-KockaNaKolejich:0:shuff:828,cs:Topol-KockaNaKolejich:0:shuff:984,forcing,force,nutí,nutit,impf
en:Topol-KockaNaKolejich:0:shuff:829,cs:Topol-KockaNaKolejich:0:shuff:985,lean,lean,opře,opřít,pf
en:Topol-KockaNaKolejich:0:shuff:832,cs:Topol-KockaNaKolejich:0:shuff:989,stand,stand,mám,mít,impf
en:Topol-KockaNaKolejich:0:shuff:832,cs:Topol-KockaNaKolejich:0:shuff:989,stand,stand,nevydržím,vydržet,pf
en:Topol-KockaNaKolejich:0:shuff:833,cs:Topol-KockaNaKolejich:0:shuff:990,concentrated,concentrate,soustředil,soustředit,pf
en:Topol-KockaNaKolejich:0:shuff:833,cs:Topol-KockaNaKolejich:0:shuff:990,mean,mean,chtěl,chtít,impf
en:Topol-KockaNaKolejich:0:shuff:833,cs:Topol-KockaNaKolejich:0:shuff:990,want,want,chtěl,chtít,impf
en:Topol-KockaNaKolejich:0:shuff:837,cs:Topol-KockaNaKolejich:0:shuff:995,rises,rise,Zvedá,zvedat,impf
en:Topol-KockaNaKolejich:0:shuff:837,cs:Topol-KockaNaKolejich:0:shuff:995,go,go,jdu,jít,impf
en:Topol-KockaNaKolejich:0:shuff:837,cs:Topol-KockaNaKolejich:0:shuff:995,concentrate,concentrate,soustředit,soustředit,pf
en:Topol-KockaNaKolejich:0:shuff:838,cs:Topol-KockaNaKolejich:0:shuff:996,Go,go,Jdi,jít,impf
en:Topol-KockaNaKolejich:0:shuff:849,cs:Topol-KockaNaKolejich:0:shuff:1008,do,do,jde,jít,impf
en:Topol-KockaNaKolejich:0:shuff:850,cs:Topol-KockaNaKolejich:0:shuff:1009,jump,jump,skáčou,skákat,impf
en:Topol-KockaNaKolejich:0:shuff:852,cs:Topol-KockaNaKolejich:0:shuff:1012,want,want,chci,chtít,impf
en:Topol-KockaNaKolejich:0:shuff:852,cs:Topol-KockaNaKolejich:0:shuff:1012,doing,do,dělám,dělat,impf
en:Topol-KockaNaKolejich:0:shuff:859,cs:Topol-KockaNaKolejich:0:shuff:1022,throws,throw,Zahodí,zahodit,pf
en:Topol-KockaNaKolejich:0:shuff:861,cs:Topol-KockaNaKolejich:0:shuff:1024,held,hold,držela,držet,impf
en:Topol-KockaNaKolejich:0:shuff:877,cs:Topol-KockaNaKolejich:0:shuff:1046,remember,remember,vzpomenout,vzpomenout,pf
en:Topol-KockaNaKolejich:0:shuff:881,cs:Topol-KockaNaKolejich:0:shuff:1051,puts,put,položí,položit,pf
en:Topol-KockaNaKolejich:0:shuff:882,cs:Topol-KockaNaKolejich:0:shuff:1053,lying,lie,ležet,ležet,impf
en:Topol-KockaNaKolejich:0:shuff:885,cs:Topol-KockaNaKolejich:0:shuff:1056,step,step,Nešlapej,šlapat,impf
en:Topol-KockaNaKolejich:0:shuff:897,cs:Topol-KockaNaKolejich:0:shuff:1070,kisses,kiss,políbí,políbit,pf
en:Topol-KockaNaKolejich:0:shuff:909,cs:Topol-KockaNaKolejich:0:shuff:1083,Rises,rise,zvedne,zvednout,pf
en:Topol-KockaNaKolejich:0:shuff:909,cs:Topol-KockaNaKolejich:0:shuff:1083,walks,walk,jde,jít,impf
en:Topol-KockaNaKolejich:0:shuff:914,cs:Topol-KockaNaKolejich:0:shuff:1089,remind,remind,připomínáme,připomínat,impf
en:Topol-KockaNaKolejich:0:shuff:922,cs:Topol-KockaNaKolejich:0:shuff:1099,mean,mean,myslíš,myslet,impf
en:Topol-KockaNaKolejich:0:shuff:931,cs:Topol-KockaNaKolejich:0:shuff:1110,see,see,uvidíš,uvidět,pf
en:Topol-KockaNaKolejich:0:shuff:932,cs:Topol-KockaNaKolejich:0:shuff:1111,Seen,see,neviděl,vidět,impf
en:Topol-KockaNaKolejich:0:shuff:934,cs:Topol-KockaNaKolejich:0:shuff:1113,Seen,see,viděl,vidět,impf
en:Topol-KockaNaKolejich:0:shuff:939,cs:Topol-KockaNaKolejich:0:shuff:1119,do,do,provedla,provést,pf
en:Topol-KockaNaKolejich:0:shuff:954,cs:Topol-KockaNaKolejich:0:shuff:1137,Looks,look,Podívá,podívat,pf
en:Topol-KockaNaKolejich:0:shuff:962,cs:Topol-KockaNaKolejich:0:shuff:1147,chasing,chase,honit,honit,impf
en:Topol-KockaNaKolejich:0:shuff:983,cs:Topol-KockaNaKolejich:0:shuff:1182,counting,count,počítá,počítat,impf
en:Topol-KockaNaKolejich:0:shuff:996,cs:Topol-KockaNaKolejich:0:shuff:1199,turns,turn,obrátí,obrátit,pf
en:Topol-KockaNaKolejich:0:shuff:997,cs:Topol-KockaNaKolejich:0:shuff:1200,tell,tell,říkala,říkat,impf
en:Topol-KockaNaKolejich:0:shuff:998,cs:Topol-KockaNaKolejich:0:shuff:1201,kept,keep,Měla,mít,impf
en:Topol-KockaNaKolejich:0:shuff:998,cs:Topol-KockaNaKolejich:0:shuff:1201,thought,think,Měla,mít,impf
en:Topol-KockaNaKolejich:0:shuff:998,cs:Topol-KockaNaKolejich:0:shuff:1201,thought,think,myslela,myslet,impf
en:Topol-KockaNaKolejich:0:shuff:998,cs:Topol-KockaNaKolejich:0:shuff:1201,waited,wait,čekala,čekat,impf
en:Topol-KockaNaKolejich:0:shuff:998,cs:Topol-KockaNaKolejich:0:shuff:1201,found,find,zjistila,zjistit,pf
en:Topol-KockaNaKolejich:0:shuff:1000,cs:Topol-KockaNaKolejich:0:shuff:1203,pray,pray,prosím,prosit,impf
en:Topol-KockaNaKolejich:0:shuff:1000,cs:Topol-KockaNaKolejich:0:shuff:1203,find,find,zjistila,zjistit,pf
en:Topol-KockaNaKolejich:0:shuff:1011,cs:Topol-KockaNaKolejich:0:shuff:1216,ask,ask,ptát,ptát,impf
en:Topol-KockaNaKolejich:0:shuff:1011,cs:Topol-KockaNaKolejich:0:shuff:1216,going,go,nejde,jít,impf
en:Topol-KockaNaKolejich:0:shuff:1032,cs:Topol-KockaNaKolejich:0:shuff:1239,Does,do,jít,jít,impf
en:Topol-KockaNaKolejich:0:shuff:1032,cs:Topol-KockaNaKolejich:0:shuff:1239,go,go,jít,jít,impf
en:Topol-KockaNaKolejich:0:shuff:1034,cs:Topol-KockaNaKolejich:0:shuff:1242,marry,marry,neberu,brát,impf
en:Topol-KockaNaKolejich:0:shuff:1040,cs:Topol-KockaNaKolejich:0:shuff:1249,said,say,Povídala,povídat,impf
en:Topol-KockaNaKolejich:0:shuff:1040,cs:Topol-KockaNaKolejich:0:shuff:1249,fall,fall,spadne,spadnout,pf
en:Topol-KockaNaKolejich:0:shuff:1055,cs:Topol-KockaNaKolejich:0:shuff:1267,love,love,Miluju,milovat,impf
en:Topol-KockaNaKolejich:0:shuff:1055,cs:Topol-KockaNaKolejich:0:shuff:1267,love,love,Miluju,milovat,impf
en:Topol-KockaNaKolejich:0:shuff:1055,cs:Topol-KockaNaKolejich:0:shuff:1267,love,love,miluju,milovat,impf
en:Topol-KockaNaKolejich:0:shuff:1055,cs:Topol-KockaNaKolejich:0:shuff:1267,love,love,miluju,milovat,impf
en:Topol-KockaNaKolejich:0:shuff:1060,cs:Topol-KockaNaKolejich:0:shuff:1272,give,give,dá,dát,pf
en:Topol-KockaNaKolejich:0:shuff:1065,cs:Topol-KockaNaKolejich:0:shuff:1279,get,get,seženu,sehnat,pf
en:Topol-KockaNaKolejich:0:shuff:1070,cs:Topol-KockaNaKolejich:0:shuff:1284,looks,look,podívá,podívat,pf
en:Topol-KockaNaKolejich:0:shuff:1070,cs:Topol-KockaNaKolejich:0:shuff:1284,talk,talk,mluví,mluvit,impf
en:Topol-KockaNaKolejich:0:shuff:1075,cs:Topol-KockaNaKolejich:0:shuff:1289,Tell,tell,Povídej,povídat,impf
en:Topol-KockaNaKolejich:0:shuff:1085,cs:Topol-KockaNaKolejich:0:shuff:1302,evoke,evoke,vyvoláš,vyvolat,pf
en:Topol-KockaNaKolejich:0:shuff:1089,cs:Topol-KockaNaKolejich:0:shuff:1305,opens,open,otevře,otevřít,pf
en:Topol-KockaNaKolejich:0:shuff:1096,cs:Topol-KockaNaKolejich:0:shuff:1314,Calling,call,Volá,volat,impf
en:Topol-KockaNaKolejich:0:shuff:1100,cs:Topol-KockaNaKolejich:0:shuff:1317,listen,listen,Poslouchají,poslouchat,impf
en:Topol-KockaNaKolejich:0:shuff:1105,cs:Topol-KockaNaKolejich:0:shuff:1323,opens,open,otevřel,otevřít,pf
en:Topol-KockaNaKolejich:0:shuff:1107,cs:Topol-KockaNaKolejich:0:shuff:1326,looks,look,podívá,podívat,pf
en:Topol-KockaNaKolejich:0:shuff:1108,cs:Topol-KockaNaKolejich:0:shuff:1327,lean,lean,opřela,opřít,pf
en:Topol-KockaNaKolejich:0:shuff:1108,cs:Topol-KockaNaKolejich:0:shuff:1327,grind,grind,mlela,mlít,impf
en:Topol-KockaNaKolejich:0:shuff:1111,cs:Topol-KockaNaKolejich:0:shuff:1331,tell,tell,poznám,poznat,pf
en:Topol-KockaNaKolejich:0:shuff:1120,cs:Topol-KockaNaKolejich:0:shuff:1342,believe,believe,myslet,myslet,impf
en:Topol-KockaNaKolejich:0:shuff:1123,cs:Topol-KockaNaKolejich:0:shuff:1345,believe,believe,nemyslím,myslet,impf
en:Topol-KockaNaKolejich:0:shuff:1125,cs:Topol-KockaNaKolejich:0:shuff:1348,puts,put,dá,dát,pf
en:Topol-KockaNaKolejich:0:shuff:1127,cs:Topol-KockaNaKolejich:0:shuff:1350,cry,cry,Nebreč,brečet,impf
en:Topol-KockaNaKolejich:0:shuff:1131,cs:Topol-KockaNaKolejich:0:shuff:1355,runs,run,Běží,běžet,impf
en:Topol-KockaNaKolejich:0:shuff:1145,cs:Topol-KockaNaKolejich:0:shuff:1372,pacing,pace,chodit,chodit,impf
en:Topol-KockaNaKolejich:0:shuff:1145,cs:Topol-KockaNaKolejich:0:shuff:1372,prevails,prevail,panuje,panovat,impf
en:Topol-KockaNaKolejich:0:shuff:1146,cs:Topol-KockaNaKolejich:0:shuff:1373,revolve,revolve,točil,točit,impf
en:Topol-KockaNaKolejich:0:shuff:1147,cs:Topol-KockaNaKolejich:0:shuff:1374,watching,watch,dívá,dívat,impf
en:Topol-KockaNaKolejich:0:shuff:1148,cs:Topol-KockaNaKolejich:0:shuff:1375,make,make,děláš,dělat,impf
en:Topol-KockaNaKolejich:0:shuff:1152,cs:Topol-KockaNaKolejich:0:shuff:1380,address,address,oslovit,oslovit,pf
en:Topol-KockaNaKolejich:0:shuff:1152,cs:Topol-KockaNaKolejich:0:shuff:1380,address,address,oslovit,oslovit,pf
en:Topol-KockaNaKolejich:0:shuff:1152,cs:Topol-KockaNaKolejich:0:shuff:1380,address,address,oslovíš,oslovit,pf
en:Topol-KockaNaKolejich:0:shuff:1152,cs:Topol-KockaNaKolejich:0:shuff:1380,address,address,oslovíš,oslovit,pf
en:Topol-KockaNaKolejich:0:shuff:1152,cs:Topol-KockaNaKolejich:0:shuff:1380,make,make,uděláš,udělat,pf
en:Topol-KockaNaKolejich:0:shuff:1153,cs:Topol-KockaNaKolejich:0:shuff:1381,depend,depend,Záleží,záležet,impf
en:Topol-KockaNaKolejich:0:shuff:1153,cs:Topol-KockaNaKolejich:0:shuff:1381,call,call,vyvoláš,vyvolat,pf
en:Topol-KockaNaKolejich:0:shuff:1154,cs:Topol-KockaNaKolejich:0:shuff:1382,saw,see,uviděl,uvidět,pf
en:Topol-KockaNaKolejich:0:shuff:1161,cs:Topol-KockaNaKolejich:0:shuff:1388,dance,dance,netancuje,tancovat,impf
en:Topol-KockaNaKolejich:0:shuff:1166,cs:Topol-KockaNaKolejich:0:shuff:1393,came,come,přišel,přijít,pf
en:Topol-KockaNaKolejich:0:shuff:1172,cs:Topol-KockaNaKolejich:0:shuff:1400,come,come,Pojď,jít,impf
en:Topol-KockaNaKolejich:0:shuff:1172,cs:Topol-KockaNaKolejich:0:shuff:1400,come,come,pojď,jít,impf
en:Topol-KockaNaKolejich:0:shuff:1181,cs:Topol-KockaNaKolejich:0:shuff:1412,Notice,notice,Pozoruješ,pozorovat,impf
en:Topol-KockaNaKolejich:0:shuff:1188,cs:Topol-KockaNaKolejich:0:shuff:1420,kisses,kiss,Políbí,políbit,pf
en:Topol-KockaNaKolejich:0:shuff:1188,cs:Topol-KockaNaKolejich:0:shuff:1420,work,work,působí,působit,impf
en:Topol-KockaNaKolejich:0:shuff:1191,cs:Topol-KockaNaKolejich:0:shuff:1424,embracing,embrace,obejme,obejmout,pf
en:Topol-KockaNaKolejich:0:shuff:1191,cs:Topol-KockaNaKolejich:0:shuff:1424,chased,chase,honil,honit,impf
en:Topol-KockaNaKolejich:0:shuff:1196,cs:Topol-KockaNaKolejich:0:shuff:1430,shoot,shoot,střílet,střílet,impf
en:Topol-KockaNaKolejich:0:shuff:1196,cs:Topol-KockaNaKolejich:0:shuff:1430,win,win,nevyhrává,vyhrávat,impf
en:Topol-KockaNaKolejich:0:shuff:1197,cs:Topol-KockaNaKolejich:0:shuff:1431,win,win,nevyhrává,vyhrávat,impf
en:Topol-KockaNaKolejich:0:shuff:1200,cs:Topol-KockaNaKolejich:0:shuff:1434,win,win,vyhrát,vyhrát,pf
en:Topol-KockaNaKolejich:0:shuff:1201,cs:Topol-KockaNaKolejich:0:shuff:1435,lose,lose,prohrát,prohrát,pf
en:Topol-KockaNaKolejich:0:shuff:1213,cs:Topol-KockaNaKolejich:0:shuff:1453,Hear,hear,Slyšíš,slyšet,impf
en:Topol-KockaNaKolejich:0:shuff:1225,cs:Topol-KockaNaKolejich:0:shuff:1469,squeeze,squeeze,nezmáčk,zmáčknout,pf
en:Topol-KockaNaKolejich:0:shuff:1231,cs:Topol-KockaNaKolejich:0:shuff:1476,grow,grow,roste,růst,impf
en:Topol-KockaNaKolejich:0:shuff:1245,cs:Topol-KockaNaKolejich:0:shuff:1494,steal,steal,krad,krást,impf
en:Topol-KockaNaKolejich:0:shuff:1245,cs:Topol-KockaNaKolejich:0:shuff:1494,keep,keep,nechat,nechat,pf
en:Topol-KockaNaKolejich:0:shuff:1254,cs:Topol-KockaNaKolejich:0:shuff:1503,gives,give,nedá,dát,pf
en:Topol-KockaNaKolejich:0:shuff:1260,cs:Topol-KockaNaKolejich:0:shuff:1508,grabbing,grab,chytil,chytit,pf
en:Topol-KockaNaKolejich:0:shuff:1261,cs:Topol-KockaNaKolejich:0:shuff:1509,kicks,kick,kopne,kopnout,pf
en:Topol-KockaNaKolejich:0:shuff:1276,cs:Topol-KockaNaKolejich:0:shuff:1525,hands,hand,podá,podat,pf
en:Topol-KockaNaKolejich:0:shuff:1281,cs:Topol-KockaNaKolejich:0:shuff:1529,ask,ask,ptej,ptát,impf
en:Topol-KockaNaKolejich:0:shuff:1282,cs:Topol-KockaNaKolejich:0:shuff:1530,going,go,Jdeme,jít,impf
en:Topol-KockaNaKolejich:0:shuff:1284,cs:Topol-KockaNaKolejich:0:shuff:1532,believe,believe,nevěříš,věřit,impf
en:Topol-KockaNaKolejich:0:shuff:1284,cs:Topol-KockaNaKolejich:0:shuff:1532,happened,happen,přišlo,přijít,pf
en:Topol-KockaNaKolejich:0:shuff:1285,cs:Topol-KockaNaKolejich:0:shuff:1533,think,think,myslíš,myslet,impf
en:Topol-KockaNaKolejich:0:shuff:1285,cs:Topol-KockaNaKolejich:0:shuff:1533,saying,say,mluvím,mluvit,impf
en:Topol-KockaNaKolejich:0:shuff:1287,cs:Topol-KockaNaKolejich:0:shuff:1535,See,see,Vidíš,vidět,impf
en:Topol-KockaNaKolejich:0:shuff:1288,cs:Topol-KockaNaKolejich:0:shuff:1536,Pushing,push,odstrčí,odstrčit,pf
en:Topol-KockaNaKolejich:0:shuff:1297,cs:Topol-KockaNaKolejich:0:shuff:1548,Say,say,Řekni,říci,pf
en:Topol-KockaNaKolejich:0:shuff:1298,cs:Topol-KockaNaKolejich:0:shuff:1549,turning,turn,otočí,otočit,pf
en:Topol-KockaNaKolejich:0:shuff:1299,cs:Topol-KockaNaKolejich:0:shuff:1550,turns,turn,otočí,otočit,pf
en:Topol-KockaNaKolejich:0:shuff:1299,cs:Topol-KockaNaKolejich:0:shuff:1550,look,look,dívej,dívat,impf
en:Topol-KockaNaKolejich:0:shuff:1301,cs:Topol-KockaNaKolejich:0:shuff:1553,burning,burn,Pálím,pálit,impf
en:Topol-KockaNaKolejich:0:shuff:1306,cs:Topol-KockaNaKolejich:0:shuff:1560,drops,drop,upustí,upustit,pf
en:Topol-KockaNaKolejich:0:shuff:1309,cs:Topol-KockaNaKolejich:0:shuff:1563,Try,try,Zkus,zkusit,pf
en:Topol-KockaNaKolejich:0:shuff:1312,cs:Topol-KockaNaKolejich:0:shuff:1567,Try,try,zkus,zkusit,pf
en:Topol-KockaNaKolejich:0:shuff:1315,cs:Topol-KockaNaKolejich:0:shuff:1570,takes,take,Vezme,vzít,pf
en:Topol-KockaNaKolejich:0:shuff:1315,cs:Topol-KockaNaKolejich:0:shuff:1570,picks,pick,Vezme,vzít,pf
en:Topol-KockaNaKolejich:0:shuff:1315,cs:Topol-KockaNaKolejich:0:shuff:1570,breaks,break,zlomí,zlomit,pf
en:Topol-KockaNaKolejich:0:shuff:1315,cs:Topol-KockaNaKolejich:0:shuff:1570,takes,take,nechytí,chytit,pf
en:Topol-KockaNaKolejich:0:shuff:1316,cs:Topol-KockaNaKolejich:0:shuff:1571,gazes,gaze,Dívá,dívat,impf
en:Topol-KockaNaKolejich:0:shuff:1323,cs:Topol-KockaNaKolejich:0:shuff:1579,sits,sit,sedne,sednout,pf
en:Topol-KockaNaKolejich:0:shuff:1329,cs:Topol-KockaNaKolejich:0:shuff:1584,see,see,vidíš,vidět,impf
en:Topol-KockaNaKolejich:0:shuff:1333,cs:Topol-KockaNaKolejich:0:shuff:1589,want,want,chtěl,chtít,impf
en:Topol-KockaNaKolejich:0:shuff:1337,cs:Topol-KockaNaKolejich:0:shuff:1594,enjoy,enjoy,netěší,těšit,impf
en:Topol-KockaNaKolejich:0:shuff:1341,cs:Topol-KockaNaKolejich:0:shuff:1598,comes,come,Jezdí,jezdit,impf
en:Topol-KockaNaKolejich:0:shuff:1353,cs:Topol-KockaNaKolejich:0:shuff:1616,Do,do,ber,brát,impf
en:Topol-KockaNaKolejich:0:shuff:1353,cs:Topol-KockaNaKolejich:0:shuff:1616,Take,take,ber,brát,impf
en:Topol-KockaNaKolejich:0:shuff:1362,cs:Topol-KockaNaKolejich:0:shuff:1627,Take,take,ber,brát,impf
en:Topol-KockaNaKolejich:0:shuff:1362,cs:Topol-KockaNaKolejich:0:shuff:1627,take,take,ber,brát,impf
en:Topol-KockaNaKolejich:0:shuff:1362,cs:Topol-KockaNaKolejich:0:shuff:1627,Take,take,ber,brát,impf
en:Topol-KockaNaKolejich:0:shuff:1362,cs:Topol-KockaNaKolejich:0:shuff:1627,take,take,ber,brát,impf
en:Topol-KockaNaKolejich:0:shuff:1381,cs:Topol-KockaNaKolejich:0:shuff:1647,presses,press,Přitiskne,přitisknout,pf
en:Topol-KockaNaKolejich:0:shuff:1386,cs:Topol-KockaNaKolejich:0:shuff:1653,say,say,Nepovídej,povídat,impf
en:Topol-KockaNaKolejich:0:shuff:1391,cs:Topol-KockaNaKolejich:0:shuff:1660,turned,turn,otáčel,otáčet,impf
en:Topol-KockaNaKolejich:0:shuff:1394,cs:Topol-KockaNaKolejich:0:shuff:1663,sits,sit,sedne,sednout,pf
en:Topol-KockaNaKolejich:0:shuff:1394,cs:Topol-KockaNaKolejich:0:shuff:1663,get,get,Kupoval,kupovat,impf
en:Topol-KockaNaKolejich:0:shuff:1394,cs:Topol-KockaNaKolejich:0:shuff:1663,bring,bring,nosil,nosit,impf
en:Topol-KockaNaKolejich:0:shuff:1398,cs:Topol-KockaNaKolejich:0:shuff:1668,Tell,tell,povídej,povídat,impf
en:Topol-KockaNaKolejich:0:shuff:1427,cs:Topol-KockaNaKolejich:0:shuff:1698,fixed,fix,spravit,spravit,pf
en:Topol-KockaNaKolejich:0:shuff:1438,cs:Topol-KockaNaKolejich:0:shuff:1711,Reading,read,Čte,číst,impf
en:Topol-KockaNaKolejich:0:shuff:1440,cs:Topol-KockaNaKolejich:0:shuff:1713,hit,hit,uhodí,uhodit,pf
en:Topol-KockaNaKolejich:0:shuff:1457,cs:Topol-KockaNaKolejich:0:shuff:1735,looking,look,podívá,podívat,pf
en:Topol-KockaNaKolejich:0:shuff:1458,cs:Topol-KockaNaKolejich:0:shuff:1736,revolve,revolve,točí,točit,impf
en:Topol-KockaNaKolejich:0:shuff:1459,cs:Topol-KockaNaKolejich:0:shuff:1737,finds,find,najde,najít,pf
en:Topol-KockaNaKolejich:0:shuff:1462,cs:Topol-KockaNaKolejich:0:shuff:1741,killed,kill,zabijem,zabít,pf
en:Topol-KockaNaKolejich:0:shuff:1464,cs:Topol-KockaNaKolejich:0:shuff:1746,torturing,torture,trápit,trápit,impf
en:Topol-KockaNaKolejich:0:shuff:1467,cs:Topol-KockaNaKolejich:0:shuff:1749,holds,hold,nemám,mít,impf
en:Topol-KockaNaKolejich:0:shuff:1470,cs:Topol-KockaNaKolejich:0:shuff:1752,catches,catch,popadne,popadnout,pf
en:Topol-KockaNaKolejich:0:shuff:1481,cs:Topol-KockaNaKolejich:0:shuff:1764,lying,lie,lžem,lhát,impf
en:Topol-KockaNaKolejich:0:shuff:1483,cs:Topol-KockaNaKolejich:0:shuff:1766,lie,lie,lhát,lhát,impf
en:Topol-KockaNaKolejich:0:shuff:1483,cs:Topol-KockaNaKolejich:0:shuff:1766,last,last,vystačilo,vystačit,pf
en:Topol-KockaNaKolejich:0:shuff:1484,cs:Topol-KockaNaKolejich:0:shuff:1767,listens,listen,poslouchá,poslouchat,impf
en:Topol-KockaNaKolejich:0:shuff:1484,cs:Topol-KockaNaKolejich:0:shuff:1767,listening,listen,poslouchá,poslouchat,impf
en:Topol-KockaNaKolejich:0:shuff:1484,cs:Topol-KockaNaKolejich:0:shuff:1767,listens,listen,neposlouchat,poslouchat,impf
en:Topol-KockaNaKolejich:0:shuff:1484,cs:Topol-KockaNaKolejich:0:shuff:1767,listening,listen,neposlouchat,poslouchat,impf
en:Topol-KockaNaKolejich:0:shuff:1485,cs:Topol-KockaNaKolejich:0:shuff:1768,sits,sit,Sedne,sednout,pf
en:Topol-KockaNaKolejich:0:shuff:1493,cs:Topol-KockaNaKolejich:0:shuff:1779,keeps,keep,má,mít,impf
en:Topol-KockaNaKolejich:0:shuff:1514,cs:Topol-KockaNaKolejich:0:shuff:1805,takes,take,Vyndá,vyndat,pf
en:Topol-KockaNaKolejich:0:shuff:1525,cs:Topol-KockaNaKolejich:0:shuff:1817,hanging,hang,visí,viset,impf
en:Topol-KockaNaKolejich:0:shuff:1526,cs:Topol-KockaNaKolejich:0:shuff:1818,Help,help,pomozte,pomoci,pf
en:Topol-KockaNaKolejich:0:shuff:1526,cs:Topol-KockaNaKolejich:0:shuff:1818,help,help,pomozte,pomoci,pf
en:Topol-KockaNaKolejich:0:shuff:1528,cs:Topol-KockaNaKolejich:0:shuff:1821,pushes,push,odstrčí,odstrčit,pf
en:Topol-KockaNaKolejich:0:shuff:1536,cs:Topol-KockaNaKolejich:0:shuff:1832,did,do,jde,jít,impf
en:Topol-KockaNaKolejich:0:shuff:1541,cs:Topol-KockaNaKolejich:0:shuff:1838,figured,figure,spočítat,spočítat,pf
en:Topol-KockaNaKolejich:0:shuff:1550,cs:Topol-KockaNaKolejich:0:shuff:1850,want,want,Chtěla,chtít,impf
en:Topol-KockaNaKolejich:0:shuff:1550,cs:Topol-KockaNaKolejich:0:shuff:1850,hear,hear,slyšet,slyšet,impf
en:Topol-KockaNaKolejich:0:shuff:1553,cs:Topol-KockaNaKolejich:0:shuff:1853,want,want,nechceš,chtít,impf
en:Topol-KockaNaKolejich:0:shuff:1553,cs:Topol-KockaNaKolejich:0:shuff:1853,hear,hear,slyšet,slyšet,impf
en:Topol-KockaNaKolejich:0:shuff:1555,cs:Topol-KockaNaKolejich:0:shuff:1855,say,say,řeknu,říci,pf
en:Topol-KockaNaKolejich:0:shuff:1561,cs:Topol-KockaNaKolejich:0:shuff:1862,walk,walk,chodit,chodit,impf
en:Topol-KockaNaKolejich:0:shuff:1564,cs:Topol-KockaNaKolejich:0:shuff:1866,skipping,skip,přeskakuješ,přeskakovat,impf
en:Topol-KockaNaKolejich:0:shuff:1567,cs:Topol-KockaNaKolejich:0:shuff:1870,skip,skip,přeskočím,přeskočit,pf
en:Topol-KockaNaKolejich:0:shuff:1570,cs:Topol-KockaNaKolejich:0:shuff:1877,do,do,děláš,dělat,impf
en:Topol-KockaNaKolejich:0:shuff:1572,cs:Topol-KockaNaKolejich:0:shuff:1879,wrote,write,napsal,napsat,pf
en:Topol-KockaNaKolejich:0:shuff:1577,cs:Topol-KockaNaKolejich:0:shuff:1884,pretend,pretend,tváří,tvářit,impf
en:Topol-KockaNaKolejich:0:shuff:1578,cs:Topol-KockaNaKolejich:0:shuff:1885,pretends,pretend,předstíraj,předstírat,impf
en:Topol-KockaNaKolejich:0:shuff:1586,cs:Topol-KockaNaKolejich:0:shuff:1895,grabs,grab,popadne,popadnout,pf
en:Topol-KockaNaKolejich:0:shuff:1586,cs:Topol-KockaNaKolejich:0:shuff:1895,grabs,grab,chytí,chytit,pf
en:Topol-KockaNaKolejich:0:shuff:1586,cs:Topol-KockaNaKolejich:0:shuff:1895,gets,get,chytí,chytit,pf
en:Topol-KockaNaKolejich:0:shuff:1594,cs:Topol-KockaNaKolejich:0:shuff:1904,tell,tell,Neříkal,říkat,impf
en:Topol-KockaNaKolejich:0:shuff:1597,cs:Topol-KockaNaKolejich:0:shuff:1908,hides,hide,Schová,schovat,pf
en:Topol-KockaNaKolejich:0:shuff:1598,cs:Topol-KockaNaKolejich:0:shuff:1909,scares,scare,děsí,děsit,impf
en:Topol-KockaNaKolejich:0:shuff:1600,cs:Topol-KockaNaKolejich:0:shuff:1911,sits,sit,sedne,sednout,pf
en:Topol-KockaNaKolejich:0:shuff:1602,cs:Topol-KockaNaKolejich:0:shuff:1913,Do,do,Udělej,udělat,pf
en:Topol-KockaNaKolejich:0:shuff:1606,cs:Topol-KockaNaKolejich:0:shuff:1918,walk,walk,kráčíš,kráčet,impf
en:Topol-KockaNaKolejich:0:shuff:1621,cs:Topol-KockaNaKolejich:0:shuff:1935,holding,hold,drží,držet,impf
en:Topol-KockaNaKolejich:0:shuff:1626,cs:Topol-KockaNaKolejich:0:shuff:1941,Say,say,Řekni,říci,pf
en:Topol-KockaNaKolejich:0:shuff:1631,cs:Topol-KockaNaKolejich:0:shuff:1948,came,come,šel,jít,impf
en:Topol-KockaNaKolejich:0:shuff:1631,cs:Topol-KockaNaKolejich:0:shuff:1948,go,go,šel,jít,impf
en:Topol-KockaNaKolejich:0:shuff:1631,cs:Topol-KockaNaKolejich:0:shuff:1948,do,do,šel,jít,impf
en:Topol-KockaNaKolejich:0:shuff:1631,cs:Topol-KockaNaKolejich:0:shuff:1948,find,find,nenajdu,najít,pf
en:Topol-KockaNaKolejich:0:shuff:1651,cs:Topol-KockaNaKolejich:0:shuff:1973,tell,tell,říkal,říkat,impf
en:Topol-KockaNaKolejich:0:shuff:1654,cs:Topol-KockaNaKolejich:0:shuff:1976,look,look,Koukal,koukat,impf
en:Topol-KockaNaKolejich:0:shuff:1661,cs:Topol-KockaNaKolejich:0:shuff:1984,Go,go,Jdi,jít,impf
en:Topol-KockaNaKolejich:0:shuff:1662,cs:Topol-KockaNaKolejich:0:shuff:1985,pushes,push,Strčí,strčit,pf
en:Topol-KockaNaKolejich:0:shuff:1662,cs:Topol-KockaNaKolejich:0:shuff:1985,falls,fall,upadne,upadnout,pf
en:Topol-KockaNaKolejich:0:shuff:1663,cs:Topol-KockaNaKolejich:0:shuff:1986,takes,take,uchopil,uchopit,pf
en:Topol-KockaNaKolejich:0:shuff:1670,cs:Topol-KockaNaKolejich:0:shuff:1994,see,see,postarám,postarat,pf
en:Topol-KockaNaKolejich:0:shuff:1671,cs:Topol-KockaNaKolejich:0:shuff:1995,do,do,neuděláš,udělat,pf
en:Topol-KockaNaKolejich:0:shuff:1674,cs:Topol-KockaNaKolejich:0:shuff:1999,doing,do,děláš,dělat,impf
en:Topol-KockaNaKolejich:0:shuff:1692,cs:Topol-KockaNaKolejich:0:shuff:2019,see,see,nevidím,vidět,impf
en:Topol-KockaNaKolejich:0:shuff:1694,cs:Topol-KockaNaKolejich:0:shuff:2021,thinking,think,myslíš,myslet,impf
en:Topol-KockaNaKolejich:0:shuff:1700,cs:Topol-KockaNaKolejich:0:shuff:2027,say,say,říct,říci,pf
en:Topol-KockaNaKolejich:0:shuff:1707,cs:Topol-KockaNaKolejich:0:shuff:2038,swear,swear,přísahám,přísahat,impf
en:Topol-KockaNaKolejich:0:shuff:1708,cs:Topol-KockaNaKolejich:0:shuff:2039,Come,come,Pojď,jít,impf
en:Topol-KockaNaKolejich:0:shuff:1708,cs:Topol-KockaNaKolejich:0:shuff:2039,Come,come,pojď,jít,impf
en:Topol-KockaNaKolejich:0:shuff:1713,cs:Topol-KockaNaKolejich:0:shuff:2044,goes,go,Jde,jít,impf
en:Topol-KockaNaKolejich:0:shuff:1714,cs:Topol-KockaNaKolejich:0:shuff:2045,carry,carry,nést,nést,impf
en:Topol-KockaNaKolejich:0:shuff:1714,cs:Topol-KockaNaKolejich:0:shuff:2045,swallowed,swallow,spolk,spolknout,pf
en:Topol-KockaNaKolejich:0:shuff:1717,cs:Topol-KockaNaKolejich:0:shuff:2049,expect,expect,Nemysli,myslet,impf
en:Topol-KockaNaKolejich:0:shuff:1717,cs:Topol-KockaNaKolejich:0:shuff:2049,ask,ask,požádám,požádat,pf
en:Topol-KockaNaKolejich:0:shuff:1724,cs:Topol-KockaNaKolejich:0:shuff:2059,tell,tell,pověz,povědět,pf
en:Topol-KockaNaKolejich:0:shuff:1726,cs:Topol-KockaNaKolejich:0:shuff:2061,want,want,chceš,chtít,impf
en:Topol-KockaNaKolejich:0:shuff:1726,cs:Topol-KockaNaKolejich:0:shuff:2061,hear,hear,slyšet,slyšet,impf
en:Topol-KockaNaKolejich:0:shuff:1733,cs:Topol-KockaNaKolejich:0:shuff:2069,say,say,neřek,říci,pf
en:Topol-KockaNaKolejich:0:shuff:1734,cs:Topol-KockaNaKolejich:0:shuff:2070,tell,tell,neříkej,říkat,impf
en:Topol-KockaNaKolejich:0:shuff:1735,cs:Topol-KockaNaKolejich:0:shuff:2071,tell,tell,řekni,říci,pf
